#
# Top best docking result
#
# RANK FitnessValue   DrugName             RUN Atom Hbond Elect
     1    -126.907941 2325831987             0   51     7     0
     2    -124.405946 ZINC000002770543       0   35     4     0
     3    -122.297080 ZINC000000648974       0   37     5     0
     4    -119.933637 ZINC000013961449       0   35    13     2
     5    -119.255383 ZINC000020215299       0   38     4     0
     6    -119.231902 ZINC000002107799       0   38     4     0
     7    -118.896870 ZINC000002108932       0   38     3     0
     8    -118.783992 ZINC000009467090       0   34     4     0
     9    -117.873784 66066361               0   40     6     0
    10    -117.667603 ZINC000072165277       0   26     8     0
    11    -117.117279 ZINC000013083193       0   32     5     0
    12    -116.719228 ZINC000032869565       0   32     2     0
    13    -116.021576 ZINC000000649527       0   36     4     0
    14    -115.820087 ZINC000035681893       0   33     5     0
    15    -115.582134 ZINC000036618530       0   28     8     1
    16    -115.549087 ZINC000036619421       0   30     6     0
    17    -115.516074 ZINC000071775317       0   32     8     0
    18    -115.478903 ZINC000002782484       0   34     5     0
    19    -114.898984 ZINC000408710519       0   39     3     0
    20    -114.580377 ZINC000100036092       0   39     2     0
    21    -113.632638 ZINC000009074916       0   32     4     0
    22    -113.508368 ZINC000032983197       0   37     3     0
    23    -113.247245 ZINC000071775320       0   31     5     0
    24    -113.022057 ZINC000036619532       0   36     3     0
    25    -112.626624 ZINC000003143152       0   38     3     0
    26    -112.475206 ZINC000061997293       0   39     5     0
    27    -112.440817 ZINC000036619527       0   36     6     0
    28    -112.425476 ZINC000017270456       0   31     3     0
    29    -112.280108 ZINC000002780757       0   37     7     0
    30    -112.271646 dasatinib              0   33     2     0
    31    -111.811184 ZINC000020669229       0   32     4     0
    32    -111.742588 ZINC000022565059       0   34     7     0
    33    -111.456450 ZINC000584906159       0   43     1     0
    34    -111.379800 ZINC000002108762       0   44     3     0
    35    -111.235860 ZINC000013959213       0   36     3     0
    36    -111.165511 ZINC000150374843       0   45     9     0
    37    -110.863325 ZINC000038449853       0   32     2     0
    38    -110.654696 ZINC000013083113       0   35     5     0
    39    -110.625218 ZINC000000649296       0   41     5     0
    40    -110.552206 2325830885             0   40     7     0
    41    -110.311399 ZINC000013960930       0   36     3     0
    42    -110.193966 ZINC000061997292       0   39     9     0
    43    -110.138339 503630885              0   31     6     0
    44    -110.134444 ZINC000036619333       0   37     4     0
    45    -110.118295 ZINC000022052790       0   37     5     0
    46    -109.848946 1875387293             0   33     5     0
    47    -109.828649 ZINC000020215301       0   38     6     0
    48    -109.681267 ZINC000036618421       0   32     4     0
    49    -109.659690 ZINC000020774706       0   33     4     0
    50    -109.474052 ZINC000100036091       0   39     3     0
    51    -109.454648 ZINC000000649122       0   39     1     0
    52    -109.437794 ZINC000043203317       0   34     3     0
    53    -109.156167 ZINC000013961194       0   39     6     0
    54    -109.148018 465458184              0   34     6     0
    55    -108.998040 ZINC000036619491       0   36    10     2
    56    -108.904311 ZINC000002107823       0   37     4     0
    57    -108.743118 ZINC000098046275       0   36     6     0
    58    -108.683259 2325843629             0   42     2     0
    59    -108.525310 ZINC000002107845       0   38     2     0
    60    -108.472950 ZINC000097945697       0   38     5     0
    61    -108.347639 ZINC000013083681       0   33     5     0
    62    -108.140660 ZINC000036613551       0   30     2     0
    63    -108.086556 ZINC000257237888       0   37     2     0
    64    -108.062104 ZINC000002107831       0   43     1     0
    65    -108.058081 ZINC000019143214       0   36     6     0
    66    -107.986797 590839569              0   35     2     0
    67    -107.938399 ZINC000059620797       0   40     4     0
    68    -107.918009 ZINC000041195118       0   29     3     0
    69    -107.750171 ZINC000013641517       0   31     5     0
    70    -107.685842 ZINC000036619494       0   36     3     0
    71    -107.683930 ZINC000036619360       0   36     8     0
    72    -107.675767 ZINC000012604410       0   34     1     0
    73    -107.453525 ZINC000002107819       0   39     3     0
    74    -107.349362 ZINC000077319512       0   36     7     0
    75    -107.238544 ZINC000013636535       0   30     4     0
    76    -107.225997 ZINC000002776709       0   29     2     0
    77    -107.198371 ZINC000036613853       0   27     6     0
    78    -107.194641 ZINC000016426069       0   36     3     0
    79    -107.094324 ZINC000001071552       0   32     4     0
    80    -107.068091 ZINC000257208524       0   40     7     0
    81    -107.060670 ZINC000100035672       0   37     1     0
    82    -106.968095 ZINC000036616135       0   33     4     0
    83    -106.702313 ZINC000002779157       0   32     2     0
    84    -106.700479 ZINC000061997291       0   39     5     0
    85    -106.692241 ZINC000034014624       0   33     5     0
    86    -106.686620 ZINC000002770309       0   36     3     0
    87    -106.619494 ZINC000000649564       0   38     4     0
    88    -106.610172 ZINC000095465985       0   27     7     0
    89    -106.541915 ZINC000002778872       0   31     2     0
    90    -106.508957 ZINC000002769946       0   30     3     0
    91    -106.504995 ZINC000022052519       0   37     1     0
    92    -106.500725 2325844257             0   48     2     0
    93    -106.476807 ZINC000004985507       0   29     7     0
    94    -106.423317 ZINC000036619143       0   34     2     0
    95    -106.234975 ZINC000100036260       0   40     1     0
    96    -106.074072 ZINC000009074911       0   33     4     0
    97    -105.972959 ZINC000019143211       0   36     5     0
    98    -105.853588 ZINC000064791439       0   36     5     0
    99    -105.807232 ZINC000000649116       0   37     5     0
   100    -105.786512 2325700251             0   29     6     0
   101    -105.780394 ZINC000035681973       0   30     3     0
   102    -105.758890 ZINC000005313843       0   28     6     0
   103    -105.670814 ZINC000036396656       0   34     4     0
   104    -105.657084 ZINC000036619008       0   36     8     2
   105    -105.568762 ZINC000025171187       0   34     6     0
   106    -105.550665 ZINC000006462292       0   31     5     0
   107    -105.544757 ZINC000095355707       0   23     6     0
   108    -105.543740 ZINC000019078052       0   29     4     0
   109    -105.493795 ZINC000001003196       0   38     4     0
   110    -105.467904 ZINC000013029346       0   39     5     0
   111    -105.452256 2325876257             0   30     5     0
   112    -105.396254 ZINC000020606494       0   36     8     0
   113    -105.380369 ZINC000022052515       0   37     1     0
   114    -105.324482 ZINC000257354925       0   36     3     0
   115    -105.274561 ZINC000009253330       0   34     5     0
   116    -105.252968 ZINC000022834913       0   38     8     0
   117    -105.058588 771710410              0   28     4     0
   118    -104.997603 ZINC000036617465       0   30     6     0
   119    -104.982647 ZINC000032721492       0   27     3     0
   120    -104.876038 ZINC000009222885       0   33     9     0
   121    -104.867185 ZINC000005333607       0   31     4     0
   122    -104.835093 ZINC000057366530       0   28     4     0
   123    -104.826534 480424186              0   29     5     0
   124    -104.775182 1159                   0   27     4     0
   125    -104.750837 ZINC000036619283       0   35     7     1
   126    -104.707381 ZINC000009606174       0   32     2     0
   127    -104.701737 ZINC000036618930       0   31     3     0
   128    -104.679114 ZINC000222975826       0   28     5     0
   129    -104.659792 ZINC000002106201       0   37     1     0
   130    -104.583893 ZINC000100036257       0   40     2     0
   131    -104.568503 ZINC000004733480       0   31     3     0
   132    -104.560106 ZINC000016291028       0   38     1     0
   133    -104.559939 ZINC000004733486       0   28     2     0
   134    -104.553027 ZINC000036396655       0   34     4     0
   135    -104.496092 1776003201             0   28     3     0
   136    -104.486024 1776111702             0   36     5     0
   137    -104.333244 ZINC000016942726       0   31     6     0
   138    -104.053803 ZINC000022052600       0   38     3     0
   139    -104.036571 ZINC000022832761       0   27     6     0
   140    -103.986263 ZINC000257354831       0   35     5     0
   141    -103.914208 ZINC000036613554       0   31     6     0
   142    -103.864763 ZINC000009142856       0   27     6     0
   143    -103.831225 ZINC000061997299       0   34     8     0
   144    -103.808464 ZINC000015141081       0   27     7     0
   145    -103.777733 ZINC000036618984       0   35     5     0
   146    -103.775494 ZINC000002107769       0   38     2     0
   147    -103.706018 ZINC000071405490       0   27     5     0
   148    -103.628432 ZINC000038653220       0   28     3     0
   149    -103.581848 ZINC000238899393       0   37     5     0
   150    -103.572566 ZINC000012633294       0   32     8     0
   151    -103.547299 ZINC000095526338       0   28     5     0
   152    -103.494677 ZINC000027666452       0   32     1     0
   153    -103.475778 ZINC000058341265       0   26     6     0
   154    -103.470875 ZINC000002781306       0   35     5     0
   155    -103.457858 ZINC000013068416       0   32     2     0
   156    -103.457651 ZINC000001584923       0   27     1     0
   157    -103.442413 ZINC000008706522       0   31     1     0
   158    -103.432649 ZINC000002341883       0   30     4     0
   159    -103.415302 ZINC000040384499       0   29     1     0
   160    -103.377338 1889040386             0   35     4     0
   161    -103.313039 ZINC000009829958       0   33     6     0
   162    -103.164057 ZINC000000649086       0   37     2     0
   163    -103.146463 ZINC000004982921       0   23     8     0
   164    -103.143984 ZINC000058378492       0   32     5     0
   165    -103.137924 ZINC000002770463       0   31     4     0
   166    -103.126672 ZINC000000649101       0   38     6     0
   167    -103.114613 ZINC000104381598       0   34    10     0
   168    -103.016693 1875259509             0   34     0     0
   169    -102.976478 ZINC000009670536       0   27     5     0
   170    -102.958621 ZINC000505733369       0   23     5     0
   171    -102.947312 ZINC000150295519       0   36     8     0
   172    -102.902019 ZINC000036613734       0   27     5     0
   173    -102.853558 2325825025             0   30     7     0
   174    -102.808359 ZINC000020355988       0   32     5     0
   175    -102.529721 ZINC000095366108       0   23     5     0
   176    -102.461511 ZINC000026235604       0   31     3     0
   177    -102.420119 ZINC000002779273       0   33     3     0
   178    -102.364741 ZINC000100035495       0   37     4     0
   179    -102.327304 ZINC000002770408       0   38     1     0
   180    -102.326490 ZINC000012766865       0   27     5     0
   181    -102.236161 486493070              0   28     5     0
   182    -102.208358 ZINC000013640572       0   34     1     0
   183    -102.206737 ZINC000408576357       0   29     2     0
   184    -102.164977 ZINC000077212787       0   24     4     0
   185    -102.155137 ZINC000036619487       0   31     5     0
   186    -102.077965 2325875955             0   27     3     1
   187    -102.072808 ZINC000006804970       0   30     5     0
   188    -102.059094 153817010              0   28     2     0
   189    -102.027873 ZINC000006462304       0   31     7     2
   190    -102.017483 ZINC000072463211       0   28     5     0
   191    -102.012910 ZINC000012739284       0   33     2     0
   192    -101.937935 1611872747             0   26     3     0
   193    -101.924410 ZINC000013644467       0   26     3     0
   194    -101.916342 ZINC000011246799       0   29     3     0
   195    -101.884483 ZINC000014197924       0   35     4     0
   196    -101.844048 ZINC000036619050       0   28     5     0
   197    -101.838807 ZINC000032934483       0   30     4     0
   198    -101.748518 ZINC000028296489       0   31     5     0
   199    -101.729248 ZINC000095374079       0   25     6     0
   200    -101.714092 ZINC000006804976       0   30     7     0
   201    -101.661198 ZINC000032768213       0   34     0     0
   202    -101.629221 1875339735             0   28     5     0
   203    -101.623756 ZINC000002108009       0   39     3     0
   204    -101.584330 ZINC000002873916       0   37     1     0
   205    -101.562744 ZINC000253535609       0   25    11     0
   206    -101.510872 ZINC000058916148       0   30     3     0
   207    -101.499039 ZINC000001003166       0   35     3     0
   208    -101.475760 ZINC000002792619       0   29     4     0
   209    -101.473094 ZINC000026871703       0   22     7     0
   210    -101.415372 ZINC000001339486       0   37     3     0
   211    -101.393185 ZINC000009116956       0   31     4     0
   212    -101.317702 ZINC000079063688       0   30     6     0
   213    -101.288355 ZINC000036619260       0   34     3     0
   214    -101.283434 ZINC000225541273       0   30    10     0
   215    -101.283071 ZINC000009074830       0   27     2     0
   216    -101.271409 ZINC000072423041       0   28     5     0
   217    -101.256152 ZINC000039300628       0   35     4     0
   218    -101.214747 ZINC000100036036       0   41     2     0
   219    -101.209870 33236591               0   30     6     0
   220    -101.165398 ZINC000036614264       0   35     6     0
   221    -101.105822 ZINC000004597412       0   30     5     0
   222    -101.015832 ZINC000024040871       0   28     4     0
   223    -101.011873 ZINC000100036033       0   41     2     0
   224    -100.990395 ZINC000072473718       0   27     6     0
   225    -100.936937 ZINC000022139860       0   32     6     0
   226    -100.894260 790283204              0   30    10     0
   227    -100.889455 ZINC000071896743       0   25     5     0
   228    -100.869413 ZINC000032983195       0   37     1     0
   229    -100.864637 ZINC000150374964       0   41     3     0
   230    -100.852718 ZINC000036619089       0   36     0     0
   231    -100.839523 ZINC000003896528       0   27     2     0
   232    -100.817657 ZINC000075105529       0   24     5     0
   233    -100.737031 ZINC000048231334       0   30     6     0
   234    -100.725966 ZINC000012929867       0   29     2     0
   235    -100.696872 ZINC000097948724       0   40     4     0
   236    -100.672571 ZINC000022837590       0   33     6     0
   237    -100.617456 ZINC000002769897       0   36     2     0
   238    -100.566171 ZINC000071775318       0   32     7     0
   239    -100.563680 ZINC000002797736       0   29    10     0
   240    -100.515894 ZINC000036616366       0   29     6     0
   241    -100.501541 ZINC000032610679       0   32     2     0
   242    -100.482247 ZINC000013961192       0   39     1     0
   243    -100.452052 ZINC000002868164       0   31     0     0
   244    -100.437106 ZINC000097372936       0   24     3     0
   245    -100.378588 301821418              0   29     6     0
   246    -100.354799 ZINC000035606570       0   30     3     0
   247    -100.347219 ZINC000032885628       0   27     5     0
   248    -100.344405 ZINC000008584575       0   27     7     0
   249    -100.322188 ZINC000057366532       0   28     4     0
   250    -100.297883 ZINC000102749003       0   32     6     0
   251    -100.294179 ZINC000022052924       0   38     2     0
   252    -100.287616 ZINC000032934485       0   30     4     0
   253    -100.207860 ZINC000100035551       0   40     0     0
   254    -100.197919 2325824596             0   30     1     0
   255    -100.193033 ZINC000100035547       0   40     0     0
   256    -100.188979 ZINC000040130727       0   30     3     0
   257    -100.185441 ZINC000096011132       0   33     5     0
   258    -100.182800 ZINC000036619499       0   27    10     0
   259    -100.167976 ZINC000072310995       0   27     1     0
   260    -100.142939 ZINC000097948253       0   39     2     0
   261    -100.122810 ZINC000253401000       0   26     4     0
   262    -100.080520 ZINC000016689840       0   28     6     0
   263    -100.057022 ZINC000002770178       0   39     2     0
   264    -100.041689 ZINC000257315951       0   37     4     0
   265    -100.029961 ZINC000071405488       0   29     2     0
   266     -99.950736 2325862250             0   28     6     0
   267     -99.936332 ZINC000002781338       0   30     4     0
   268     -99.920578 ZINC000095450208       0   29     5     0
   269     -99.915176 ZINC000297640932       0   25     4     0
   270     -99.886253 ZINC000036615924       0   30     4     0
   271     -99.879703 ZINC000100035756       0   41     1     0
   272     -99.862879 ZINC000019078030       0   33     3     0
   273     -99.820056 ZINC000013641455       0   31     8     0
   274     -99.776399 ZINC000000649569       0   36     2     0
   275     -99.721130 ZINC000059603091       0   36     3     0
   276     -99.712922 ZINC000172011872       0   26     3     0
   277     -99.698859 ZINC000061997298       0   34     2     0
   278     -99.688347 ZINC000079063698       0   30     6     0
   279     -99.682392 ZINC000021841861       0   30     6     0
   280     -99.673233 ZINC000000320590       0   26     5     0
   281     -99.671289 ZINC000036619415       0   31     5     0
   282     -99.655534 ZINC000009666355       0   30     5     0
   283     -99.640637 ZINC000002778938       0   30     5     0
   284     -99.564248 ZINC000014241575       0   27     3     0
   285     -99.553271 179933663              0   29     6     0
   286     -99.533279 2100480689             0   27     5     0
   287     -99.524236 ZINC000062620517       0   37     3     0
   288     -99.472009 ZINC000027666436       0   28     1     0
   289     -99.441953 ZINC000100035896       0   40     4     0
   290     -99.440529 669652552              0   22     7     0
   291     -99.436898 ZINC000058305065       0   30     3     0
   292     -99.413140 ZINC000000649540       0   37     3     0
   293     -99.397471 ZINC000019717583       0   32     2     0
   294     -99.356769 2356169402             0   24     9     0
   295     -99.331975 ZINC000002768244       0   36     3     0
   296     -99.325209 ZINC000017093359       0   30     7     0
   297     -99.289519 ZINC000013961206       0   37     0     0
   298     -99.279633 ZINC000036616019       0   29     8     0
   299     -99.276700 ZINC000334159640       0   24     7     0
   300     -99.154679 ZINC000097733051       0   27     5     0
   301     -99.126526 2325825322             0   30     1     0
   302     -99.101487 ZINC000071920842       0   25     6     0
   303     -99.064629 72315533               0   34     7     0
   304     -99.038494 ZINC000002107848       0   37     4     0
   305     -99.028007 ZINC000005351315       0   33     2     0
   306     -99.018773 ZINC000032870565       0   28     4     0
   307     -99.014981 ZINC000058392145       0   23     6     0
   308     -98.975520 ZINC000189898755       0   28     7     0
   309     -98.973217 ZINC000036616344       0   29     2     0
   310     -98.930765 ZINC000036615880       0   31     0     0
   311     -98.911919 ZINC000071915182       0   25     7     0
   312     -98.845637 ZINC000018222017       0   27     4     0
   313     -98.693622 ZINC000095378545       0   24     8     0
   314     -98.686436 ZINC000009514186       0   31     1     0
   315     -98.646318 ZINC000036618913       0   28     3     0
   316     -98.639269 ZINC000048332252       0   27     6     0
   317     -98.612137 ZINC000003313078       0   34     3     0
   318     -98.601874 ZINC000004733461       0   26     4     0
   319     -98.579456 ZINC000575615021       0   24     5     0
   320     -98.576820 ZINC000036613304       0   30     2     0
   321     -98.555060 ZINC000575619195       0   31     3     0
   322     -98.533114 ZINC000004735147       0   27     4     0
   323     -98.446922 ZINC000005029841       0   28     1     0
   324     -98.401499 ZINC000002884963       0   34     1     0
   325     -98.356361 ZINC000006660523       0   24     4     0
   326     -98.342674 ZINC000009074908       0   32     3     0
   327     -98.336292 ZINC000178781112       0   26     4     0
   328     -98.324619 ZINC000006791296       0   27     7     0
   329     -98.290568 ZINC000002793518       0   37     5     0
   330     -98.256124 ZINC000000787996       0   27     4     0
   331     -98.238487 180880735              0   29     6     0
   332     -98.215049 ZINC000049005037       0   31     6     0
   333     -98.172253 2325704401             0   33     4     0
   334     -98.171523 ZINC000036619503       0   36     1     0
   335     -98.157220 ZINC000072310998       0   26     6     0
   336     -98.149996 ZINC000036613642       0   28     9     0
   337     -98.091991 ZINC000071849963       0   32     5     0
   338     -98.089741 ZINC000009116924       0   31     5     0
   339     -98.080088 ZINC000095939694       0   31     4     0
   340     -98.070679 ZINC000041195121       0   31     5     0
   341     -98.051324 ZINC000057730917       0   34     1     0
   342     -98.033595 ZINC000077393907       0   27     2     0
   343     -97.990624 ZINC000069192816       0   26     7     0
   344     -97.974497 90092964               0   25     7     0
   345     -97.926164 ZINC000035681978       0   35     4     0
   346     -97.903909 ZINC000036616853       0   32     4     0
   347     -97.871580 ZINC000005453710       0   29     4     0
   348     -97.865233 ZINC000032810684       0   35     5     0
   349     -97.861670 513154648              0   33     5     0
   350     -97.857297 ZINC000036616292       0   27     8     0
   351     -97.850470 ZINC000019714883       0   30     3     0
   352     -97.817144 1776003255             0   26     6     0
   353     -97.787792 ZINC000022838343       0   28     4     0
   354     -97.772041 2325825321             0   30     1     0
   355     -97.740409 ZINC000022052595       0   38     3     0
   356     -97.713128 ZINC000067973806       0   29    11     0
   357     -97.709983 ZINC000067769806       0   26     7     1
   358     -97.601224 ZINC000036619219       0   28     5     0
   359     -97.596441 ZINC000095460526       0   27     4     0
   360     -97.593519 ZINC000072238510       0   31     6     0
   361     -97.590242 ZINC000341476836       0   25     3     0
   362     -97.580521 ZINC000007004107       0   30     1     0
   363     -97.546097 ZINC000009119377       0   34     2     0
   364     -97.536591 ZINC000017099436       0   30     0     0
   365     -97.533160 ZINC000019078415       0   33     5     0
   366     -97.526268 ZINC000008746409       0   29     1     0
   367     -97.490515 ZINC000020661985       0   25     4     0
   368     -97.489935 ZINC000100035676       0   37     4     0
   369     -97.483394 486630701              0   29     8     0
   370     -97.480033 ZINC000032910901       0   30     2     0
   371     -97.462644 ZINC000013961199       0   38     0     0
   372     -97.437370 ZINC000528127148       0   26     2     0
   373     -97.430065 ZINC000022052794       0   37     2     0
   374     -97.424920 ZINC000033067691       0   30     4     0
   375     -97.420201 ZINC000002081258       0   31     2     0
   376     -97.390701 ZINC000048356471       0   24     4     0
   377     -97.390529 ZINC000057709839       0   29     4     0
   378     -97.378680 ZINC000022735944       0   32     3     0
   379     -97.363482 ZINC000023692860       0   27     4     0
   380     -97.349992 ZINC000089761963       0   30     6     0
   381     -97.343119 ZINC000050931224       0   24     2     0
   382     -97.323208 ZINC000095529645       0   26     3     0
   383     -97.313363 ZINC000029121957       0   31     3     0
   384     -97.244688 2325875954             0   27     4     3
   385     -97.218768 ZINC000014279753       0   25     3     0
   386     -97.157707 ZINC000036616699       0   32     5     0
   387     -97.109968 ZINC000012644279       0   30     0     0
   388     -97.064482 ZINC000306122928       0   36     8     0
   389     -97.041445 ZINC000002779181       0   30     2     0
   390     -97.026214 ZINC000002729660       0   29     0     0
   391     -97.007606 ZINC000013083621       0   34     2     0
   392     -96.964679 ZINC000000649089       0   38     3     0
   393     -96.887918 ZINC000004733472       0   26     4     0
   394     -96.867148 ZINC000036619376       0   30     3     0
   395     -96.862706 ZINC000009290201       0   27     5     0
   396     -96.791563 ZINC000170619670       0   31     3     0
   397     -96.788072 ZINC000027666426       0   27     5     0
   398     -96.771256 ZINC000096008865       0   24     6     0
   399     -96.740743 ZINC000003229865       0   32     1     0
   400     -96.715330 ZINC000004734159       0   28     4     0
   401     -96.653046 578                    0   38     2     0
   402     -96.633467 497645391              0   26     8     0
   403     -96.617538 ZINC000009968964       0   34     4     0
   404     -96.614740 ZINC000058160292       0   24     2     0
   405     -96.611302 ZINC000027666435       0   28     3     0
   406     -96.589817 ZINC000020917168       0   31     2     0
   407     -96.588602 ZINC000064791383       0   36     3     0
   408     -96.548510 ZINC000524734446       0   25     8     0
   409     -96.545893 ZINC000012088147       0   30     3     0
   410     -96.537477 191957044              0   24     2     0
   411     -96.517896 ZINC000257328237       0   40     2     0
   412     -96.485847 ZINC000059289967       0   28     2     0
   413     -96.476144 ZINC000040087707       0   27     1     0
   414     -96.456031 ZINC000000787947       0   24     6     0
   415     -96.447857 ZINC000020356008       0   32     5     0
   416     -96.424527 ZINC000004734185       0   27     4     0
   417     -96.417529 ZINC000027299063       0   30     4     0
   418     -96.376080 ZINC000095409776       0   27     3     0
   419     -96.365994 110577998              0   32     5     0
   420     -96.346375 ZINC000012507701       0   26     2     0
   421     -96.345653 ZINC00001304002        0   25     2     0
   422     -96.335735 ZINC000036615812       0   28     4     0
   423     -96.313564 ZINC000048287225       0   31     4     0
   424     -96.303765 13230342               0   28     4     0
   425     -96.301711 ZINC000013724658       0   28     3     0
   426     -96.293066 ZINC000002107808       0   37     2     0
   427     -96.287185 ZINC000036615860       0   30     8     0
   428     -96.164540 1875270333             0   26     9     0
   429     -96.110889 ZINC000004322993       0   25     2     0
   430     -96.110437 154186123              0   28     3     0
   431     -96.067779 ZINC000002875763       0   36     5     0
   432     -95.996160 ZINC000012227301       0   28     3     0
   433     -95.987687 ZINC000004898929       0   29     6     0
   434     -95.973716 ZINC000072150224       0   25     7     0
   435     -95.933458 ZINC000097380064       0   25     3     0
   436     -95.919749 528132703              0   24     6     0
   437     -95.917549 ZINC000018173147       0   27     2     0
   438     -95.899396 ZINC000031886264       0   32     3     0
   439     -95.888198 ZINC000006462305       0   31     9     2
   440     -95.886145 ZINC000195578601       0   21     3     0
   441     -95.856119 ZINC000000649085       0   37     1     0
   442     -95.854794 ZINC000004674086       0   27     4     0
   443     -95.851785 ZINC000065435878       0   22     8     0
   444     -95.851572 ZINC000036619044       0   36     5     0
   445     -95.817638 ZINC000024748893       0   26     4     0
   446     -95.817509 ZINC000036619267       0   28     5     0
   447     -95.786888 ZINC000059620562       0   40     2     0
   448     -95.775532 ZINC000013010849       0   27     8     0
   449     -95.764359 2100539649             0   24     7     0
   450     -95.747154 ZINC000006804975       0   29     4     0
   451     -95.724246 ZINC000002107792       0   37     4     0
   452     -95.708082 ZINC000002806427       0   32     4     1
   453     -95.703819 ZINC000823717520       0   26     5     0
   454     -95.688134 ZINC000098212685       0   31     4     0
   455     -95.656311 ZINC000012537580       0   27     6     0
   456     -95.637525 1604316248             0   24     5     0
   457     -95.634066 ZINC000013040024       0   27     2     0
   458     -95.602293 ZINC000002778700       0   35     2     0
   459     -95.598238 ZINC000003896552       0   26     2     0
   460     -95.527575 ZINC000040139264       0   28     2     0
   461     -95.496937 ZINC000017729716       0   28     4     0
   462     -95.476575 ZINC000032907699       0   24     4     0
   463     -95.475563 ZINC000192516561       0   22     4     0
   464     -95.470407 ZINC000013961374       0   33     7     0
   465     -95.465656 ZINC000017097074       0   32     2     0
   466     -95.457673 ZINC000027666431       0   27     2     0
   467     -95.452309 ZINC000036618533       0   31     9     0
   468     -95.445861 1875300030             0   30     2     0
   469     -95.428328 63248158               0   24     3     0
   470     -95.378150 ZINC000013573026       0   30     4     0
   471     -95.374901 1875270332             0   26     6     0
   472     -95.365590 ZINC000013148251       0   30     0     0
   473     -95.358441 ZINC000041123940       0   24     5     0
   474     -95.302472 ZINC000052359877       0   25     4     0
   475     -95.302440 ZINC000036619347       0   29     4     0
   476     -95.298611 ZINC000095957006       0   25     5     0
   477     -95.293663 ZINC000067690763       0   26     2     0
   478     -95.283305 ZINC000036618961       0   36     3     0
   479     -95.282335 ZINC000006732876       0   28     3     0
   480     -95.251948 ZINC000002741683       0   30     0     0
   481     -95.221012 ZINC000036616642       0   29     5     0
   482     -95.217504 ZINC000035681975       0   32     2     0
   483     -95.179168 ZINC000521394051       0   23     4     0
   484     -95.178153 ZINC000035681980       0   27     0     0
   485     -95.139906 ZINC000257212228       0   36     4     0
   486     -95.139016 ZINC000003212184       0   33     3     0
   487     -95.134276 ZINC000007987307       0   28     5     0
   488     -95.106386 1875333279             0   22    11     2
   489     -95.092120 ZINC000025748465       0   28     1     0
   490     -95.033828 ZINC000012739272       0   32     3     0
   491     -94.991245 ZINC000089960289       0   23     4     0
   492     -94.991096 ZINC000017026449       0   26     3     0
   493     -94.908291 ZINC000013573024       0   30     6     0
   494     -94.897415 ZINC000002780272       0   32     3     0
   495     -94.885908 38449852               0   32     5     0
   496     -94.831425 ZINC000015780355       0   27     1     0
   497     -94.830359 ZINC000000320594       0   25     4     0
   498     -94.820164 ZINC000003221435       0   28     3     0
   499     -94.811316 ZINC000040139277       0   33     1     0
   500     -94.743863 ZINC000007738604       0   24     4     0
   501     -94.718824 668825398              0   26     7     0
   502     -94.696269 ZINC000027666440       0   28     4     0
   503     -94.681604 ZINC000036616288       0   32     5     0
   504     -94.598839 2037880194             0   31     3     0
   505     -94.578287 ZINC000072435661       0   24     6     0
   506     -94.557088 ZINC000016599785       0   36     5     0
   507     -94.550562 ZINC000002773581       0   30     0     0
   508     -94.547696 74423080               0   26     1     0
   509     -94.535992 ZINC000225799483       0   23     4     0
   510     -94.535158 ZINC000002738338       0   29     0     0
   511     -94.521352 ZINC000002769570       0   28     4     0
   512     -94.517635 ZINC000024466255       0   28     1     0
   513     -94.493049 ZINC000072408528       0   22     4     0
   514     -94.488262 ZINC000012929860       0   29     6     0
   515     -94.456018 ZINC000002769918       0   36     1     0
   516     -94.453749 ZINC000061997297       0   27     8     0
   517     -94.431013 ZINC000097083827       0   23     6     2
   518     -94.417224 ZINC000035615745       0   32     2     0
   519     -94.410857 ZINC000009074933       0   27     3     0
   520     -94.407599 ZINC000008940568       0   30     5     0
   521     -94.361566 ZINC000036395699       0   29     4     0
   522     -94.339103 ZINC000027666447       0   31     1     0
   523     -94.323836 ZINC000095497101       0   25     4     0
   524     -94.282380 ZINC000001056841       0   27     1     0
   525     -94.280648 ZINC000002835344       0   26     5     0
   526     -94.272439 ZINC000002198444       0   30     2     0
   527     -94.260566 ZINC000003235486       0   32     0     0
   528     -94.253247 ZINC000006507554       0   27     3     0
   529     -94.219417 ZINC000009360482       0   28     1     0
   530     -94.163630 ZINC000032580857       0   20     5     0
   531     -94.144023 ZINC000097733049       0   27     6     0
   532     -94.132634 ZINC000036611941       0   33     6     0
   533     -94.110570 ZINC000060277669       0   24     7     0
   534     -94.105881 ZINC000071807907       0   30     4     0
   535     -94.087429 ZINC000005246641       0   26     4     0
   536     -94.071306 328610867              0   25     7     0
   537     -94.069608 ZINC000027666425       0   27     4     0
   538     -94.050921 175023581              0   27     0     0
   539     -94.025875 ZINC000021673992       0   25     4     0
   540     -94.004357 1875318097             0   30     3     0
   541     -93.992771 ZINC000036617410       0   24     6     0
   542     -93.965319 ZINC000006897271       0   28     4     0
   543     -93.963528 ZINC000013129117       0   33     3     0
   544     -93.960725 ZINC000091518956       0   20     7     0
   545     -93.954790 ZINC000035615740       0   30     5     0
   546     -93.952569 2325739807             0   27     5     0
   547     -93.925903 ZINC000036392978       0   30     5     0
   548     -93.910461 ZINC000000083743       0   25     4     0
   549     -93.908475 ZINC000009366930       0   33     2     0
   550     -93.904335 2356152769             0   25    10     0
   551     -93.900217 ZINC000095947024       0   25     1     0
   552     -93.893601 ZINC000013364724       0   31     5     0
   553     -93.886775 ZINC000070448411       0   28     3     0
   554     -93.853531 ZINC000022834916       0   38     3     0
   555     -93.831864 ZINC000072426866       0   25     5     0
   556     -93.826442 ZINC000426497109       0   23     6     0
   557     -93.813041 ZINC000013961191       0   39     5     0
   558     -93.807828 1331956343             0   25     7     0
   559     -93.766702 ZINC000095360410       0   24     7     0
   560     -93.756247 ZINC000020615748       0   33     1     0
   561     -93.749855 ZINC000004385772       0   23     8     2
   562     -93.735800 ZINC000009074969       0   30     7     0
   563     -93.717461 ZINC000097160080       0   25     3     0
   564     -93.710662 ZINC000013731973       0   27     4     0
   565     -93.708216 ZINC000000648977       0   36     3     0
   566     -93.705489 ZINC000067935183       0   27     5     0
   567     -93.616880 ZINC000001334841       0   31     2     0
   568     -93.586363 ZINC000022052929       0   38     3     0
   569     -93.534323 ZINC000005054644       0   29     6     0
   570     -93.509467 ZINC000341476828       0   25     3     0
   571     -93.499112 ZINC000111227123       0   27     5     0
   572     -93.496495 ZINC000027666449       0   28     4     0
   573     -93.486832 2325841329             0   26     5     0
   574     -93.479264 ZINC000032105174       0   27     2     0
   575     -93.476390 ZINC000100036176       0   39     4     0
   576     -93.441154 ZINC000095467595       0   24     4     0
   577     -93.435732 ZINC000095348817       0   30     1     0
   578     -93.419593 ZINC000012846047       0   28     8     0
   579     -93.397369 ZINC000095395458       0   26     4     0
   580     -93.371573 ZINC000019109668       0   27     3     0
   581     -93.357021 ZINC000030587615       0   24     2     0
   582     -93.352189 ZINC000072453663       0   27     2     0
   583     -93.344461 ZINC000012520766       0   29     1     0
   584     -93.332546 ZINC000656472859       0   22     4     0
   585     -93.306918 ZINC000030526632       0   30     0     0
   586     -93.295174 ZINC000013083200       0   34     5     0
   587     -93.279621 ZINC000036616597       0   26     6     0
   588     -93.274570 ZINC000015141080       0   27     6     0
   589     -93.273235 ZINC000036618372       0   29     2     0
   590     -93.255251 ZINC000000426382       0   25     3     0
   591     -93.247306 ZINC000044500808       0   30     7     0
   592     -93.190286 ZINC000017094907       0   32     3     0
   593     -93.183806 301821417              0   29     3     0
   594     -93.173922 ZINC001506403497       0   21     7     0
   595     -93.167953 ZINC000097378964       0   24     6     1
   596     -93.158791 ZINC000040139284       0   25     3     0
   597     -93.141881 ZINC000192500070       0   23     2     0
   598     -93.139944 ZINC000028251774       0   29     1     0
   599     -93.111840 ZINC000025748635       0   29     2     0
   600     -93.100070 ZINC000027666441       0   33     3     0
   601     -93.090985 ZINC000005579640       0   25     1     0
   602     -93.020421 ZINC000002715176       0   32     2     0
   603     -93.016744 ZINC000095349383       0   26     2     0
   604     -93.011660 ZINC000000639677       0   27     4     0
   605     -93.011061 ZINC000008327509       0   30     4     0
   606     -93.001426 ZINC000005345177       0   24     3     0
   607     -92.966988 185015159              0   26     4     0
   608     -92.966565 ZINC000036619322       0   28     2     0
   609     -92.966370 434198808              0   28     2     0
   610     -92.958850 ZINC000036092610       0   26     6     0
   611     -92.957391 ZINC000408972444       0   22     4     0
   612     -92.929537 ZINC000095510086       0   23     5     0
   613     -92.912828 1875309263             0   25     7     0
   614     -92.907059 583242790              0   29     4     0
   615     -92.879855 ZINC000012901595       0   29     4     0
   616     -92.875252 ZINC000003896546       0   28     5     0
   617     -92.833065 ZINC000015414019       0   28     3     0
   618     -92.805820 ZINC000040040259       0   30     1     0
   619     -92.780095 302865957              0   27     6     0
   620     -92.739498 ZINC000004983231       0   26     7     0
   621     -92.734667 ZINC000067956383       0   23     8     3
   622     -92.719996 ZINC000253416628       0   26     2     0
   623     -92.711938 1875334796             0   32     4     0
   624     -92.701119 ZINC000009075027       0   27     6     0
   625     -92.694512 ZINC000067905237       0   24     4     0
   626     -92.647510 ZINC000036615783       0   26     3     0
   627     -92.635754 1342613144             0   22     4     0
   628     -92.625819 ZINC000035615742       0   29     4     0
   629     -92.625379 ZINC000001576943       0   28     0     0
   630     -92.610654 ZINC000072273079       0   32     4     0
   631     -92.608989 ZINC000003896529       0   24     1     0
   632     -92.602128 ZINC000021832166       0   26     2     0
   633     -92.563143 ZINC000084008411       0   22     5     0
   634     -92.553974 302587653              0   26     5     0
   635     -92.553935 ZINC000036619482       0   26     5     0
   636     -92.539494 ZINC000001773015       0   28     1     0
   637     -92.513307 13230341               0   28     1     0
   638     -92.499237 ZINC000014236864       0   30     5     0
   639     -92.477380 ZINC000015163627       0   27     2     0
   640     -92.467176 1875323713             0   25     2     0
   641     -92.466654 ZINC001506415603       0   27     6     0
   642     -92.455529 ZINC000079063667       0   29     2     0
   643     -92.436162 ZINC000009074886       0   24     3     0
   644     -92.433801 ZINC000036613360       0   28     5     0
   645     -92.405919 ZINC000012879863       0   24     1     0
   646     -92.400104 ZINC000072161156       0   26     3     0
   647     -92.390605 ZINC000089700459       0   23     2     0
   648     -92.389520 ZINC000036616907       0   27     3     0
   649     -92.386228 ZINC000017088446       0   30     1     0
   650     -92.366568 ZINC000065373258       0   26     5     0
   651     -92.364946 ZINC000009075003       0   25     6     0
   652     -92.363902 ZINC000002794069       0   33     5     0
   653     -92.329690 ZINC000095372021       0   24     3     0
   654     -92.325282 ZINC000027666406       0   28     1     0
   655     -92.294041 ZINC000012766330       0   28     4     0
   656     -92.271174 ZINC000072457088       0   24     7     0
   657     -92.270166 1342613141             0   22     4     0
   658     -92.265256 ZINC000072154152       0   25     6     0
   659     -92.255655 ZINC000225749950       0   30     5     0
   660     -92.241779 ZINC000095370907       0   25     7     0
   661     -92.227086 ZINC000032853577       0   23     5     0
   662     -92.218005 ZINC000177616730       0   26     4     0
   663     -92.215248 ZINC000036619244       0   30     7     0
   664     -92.197821 ZINC000012799321       0   25     2     0
   665     -92.189420 ZINC000585114312       0   29     5     0
   666     -92.187538 ZINC000072312224       0   23     5     0
   667     -92.181167 ZINC000040128162       0   27     3     0
   668     -92.168075 ZINC000072143068       0   26     5     0
   669     -92.161816 ZINC000004179533       0   28     8     0
   670     -92.123181 ZINC000036613436       0   30     5     0
   671     -92.109768 ZINC000002792603       0   32     2     0
   672     -92.108972 ZINC000096003515       0   24     6     0
   673     -92.108154 ZINC000004733464       0   26     6     0
   674     -92.094700 ZINC000016162616       0   26     6     0
   675     -92.087587 ZINC000215869465       0   26     2     0
   676     -92.066692 ZINC000408972359       0   22     5     0
   677     -92.058144 522734250              0   32     1     0
   678     -92.053018 ZINC000002079778       0   32     0     0
   679     -92.037227 ZINC000001386794       0   23     3     0
   680     -92.035519 ZINC000012525357       0   27     3     0
   681     -92.031220 1875288042             0   23     5     0
   682     -91.991873 2325827712             0   31    11     0
   683     -91.959049 ZINC000008583114       0   27     3     0
   684     -91.940842 ZINC000023380915       0   25     2     0
   685     -91.910485 ZINC000027666459       0   27     1     0
   686     -91.908913 95347324               0   27     7     0
   687     -91.903432 ZINC000097142402       0   25     4     0
   688     -91.888969 1875403736             0   26     4     0
   689     -91.870449 ZINC000036613819       0   33     3     0
   690     -91.861350 ZINC000036395462       0   33     3     0
   691     -91.819959 ZINC000036619132       0   32     3     0
   692     -91.815453 ZINC000012791393       0   25     2     0
   693     -91.811769 ZINC000007337626       0   24     4     0
   694     -91.795659 ZINC000020661995       0   32     4     0
   695     -91.788935 ZINC000010660589       0   30     1     0
   696     -91.753570 ZINC000100035758       0   41     1     0
   697     -91.724949 ZINC000017179938       0   26     0     0
   698     -91.722657 ZINC000036617375       0   28     8     0
   699     -91.720667 1775971237             0   27     5     0
   700     -91.714929 ZINC000095520170       0   24     4     0
   701     -91.699602 ZINC000824935545       0   28     3     0
   702     -91.677245 ZINC000005264394       0   27     2     0
   703     -91.633349 ZINC000077287002       0   24     4     0
   704     -91.620095 ZINC000057432173       0   29     3     0
   705     -91.617101 ZINC000036619447       0   30     5     0
   706     -91.604513 ZINC000067758689       0   26     4     0
   707     -91.600416 298341246              0   23     2     0
   708     -91.587874 ZINC000222990386       0   27     6     0
   709     -91.572319 ZINC000244708037       0   27     8     0
   710     -91.561458 ZINC000328645693       0   27     4     0
   711     -91.543056 ZINC000015922165       0   20     6     0
   712     -91.542206 ZINC000096011406       0   28     5     0
   713     -91.476547 ZINC000022735948       0   28     3     0
   714     -91.433658 ZINC000072479293       0   27     8     0
   715     -91.430943 ZINC000015414252       0   32     4     0
   716     -91.424065 ZINC000072296137       0   24     7     0
   717     -91.418430 ZINC000004141725       0   28     0     0
   718     -91.400441 ZINC000130377425       0   26     5     0
   719     -91.387115 ZINC000012447059       0   28     2     0
   720     -91.379364 624284667              0   24     6     0
   721     -91.364262 ZINC000095387700       0   24     4     0
   722     -91.355954 ZINC001529095677       0   26     6     0
   723     -91.354088 ZINC000015113565       0   24     1     0
   724     -91.336910 ZINC000011723502       0   26     5     0
   725     -91.325397 ZINC000095370908       0   25     6     0
   726     -91.314148 1772572789             0   33     5     0
   727     -91.299662 1857667472             0   23     5     0
   728     -91.294655 ZINC000585132636       0   22     5     0
   729     -91.286554 ZINC000216506524       0   23     7     0
   730     -91.283186 ZINC000009954561       0   32     6     0
   731     -91.279646 ZINC000002081549       0   29     0     0
   732     -91.276109 ZINC000076062989       0   24     5     0
   733     -91.259057 ZINC000005264388       0   26     1     0
   734     -91.257368 ZINC000095407156       0   26     3     0
   735     -91.251309 ZINC000012540867       0   27     5     0
   736     -91.190888 ZINC000001112169       0   27     0     0
   737     -91.172709 ZINC000036613673       0   33     2     0
   738     -91.140558 ZINC000002770098       0   32     2     0
   739     -91.111085 ZINC000100035493       0   37     3     0
   740     -91.111006 ZINC000049005087       0   30     3     0
   741     -91.106602 ZINC000003236396       0   32     0     0
   742     -91.087694 ZINC000032650105       0   26     8     0
   743     -91.084809 78650994               0   25     6     0
   744     -91.083873 ZINC000036619160       0   37     3     0
   745     -91.080109 ZINC000024904626       0   28     5     0
   746     -91.069534 ZINC000055325365       0   21     7     0
   747     -91.067988 ZINC000017287552       0   26     5     0
   748     -91.063353 ZINC000036616152       0   30     0     0
   749     -91.056241 ZINC000225386983       0   22     3     0
   750     -91.036398 ZINC000013129382       0   32     1     0
   751     -91.035430 ZINC000027977100       0   27     0     0
   752     -90.994627 ZINC000027666421       0   27     3     0
   753     -90.938291 ZINC000013961343       0   34     2     0
   754     -90.935997 ZINC000002107802       0   30     1     0
   755     -90.922902 1875334797             0   32     4     0
   756     -90.915258 ZINC000036619200       0   25     6     0
   757     -90.914568 ZINC000095354200       0   22     5     0
   758     -90.909554 ZINC000012551240       0   25     1     0
   759     -90.909262 ZINC000072479292       0   27     3     0
   760     -90.899585 ZINC000005065854       0   29     2     0
   761     -90.897694 ZINC000013083639       0   31     5     0
   762     -90.897618 ZINC000008231140       0   28     4     0
   763     -90.886831 ZINC000023881741       0   28     1     0
   764     -90.881704 ZINC000015840941       0   27     2     0
   765     -90.860788 ZINC000009641754       0   29     3     0
   766     -90.825630 ZINC000095403306       0   28     3     0
   767     -90.819436 448539215              0   26     4     0
   768     -90.800105 ZINC000019078310       0   31     5     0
   769     -90.779463 505727902              0   22     3     0
   770     -90.772476 ZINC000057148977       0   26     6     0
   771     -90.765094 ZINC000097049871       0   22     8     0
   772     -90.759778 ZINC000004817084       0   28     1     0
   773     -90.757921 ZINC000299799000       0   25     6     0
   774     -90.739178 ZINC000048299040       0   28     7     0
   775     -90.738440 ZINC000010517131       0   29     2     0
   776     -90.727931 ZINC000013959910       0   32     2     0
   777     -90.713801 ZINC000003896540       0   25     5     0
   778     -90.673366 ZINC000089656108       0   28     5     0
   779     -90.659660 ZINC000036616430       0   29     7     0
   780     -90.658922 ZINC000095997569       0   27     4     0
   781     -90.655388 ZINC000011663721       0   32     1     0
   782     -90.652902 ZINC000036619385       0   28     3     0
   783     -90.650586 ZINC000225667857       0   23     7     0
   784     -90.630565 ZINC000064658320       0   27     2     0
   785     -90.630404 ZINC000095390614       0   23     7     0
   786     -90.613121 ZINC000004354744       0   21     4     0
   787     -90.609679 ZINC000008725260       0   28     6     0
   788     -90.588664 ZINC000002770025       0   37     2     0
   789     -90.579217 ZINC000048286695       0   29     3     0
   790     -90.574718 ZINC000027666428       0   26     2     0
   791     -90.560615 ZINC000009074932       0   27     3     0
   792     -90.551380 ZINC000072475145       0   25     3     0
   793     -90.541641 ZINC000017196681       0   27     1     0
   794     -90.536303 ZINC000004733469       0   27     3     0
   795     -90.498257 ZINC000000997744       0   28     2     0
   796     -90.498176 ZINC000095359994       0   25     6     0
   797     -90.472997 ZINC000190571312       0   25     7     0
   798     -90.448311 ZINC000065436193       0   20     7     0
   799     -90.444786 ZINC000049004766       0   31     1     0
   800     -90.441123 ZINC000067491291       0   24     5     0
   801     -90.440754 ZINC000095360602       0   23     6     0
   802     -90.424813 ZINC000252492144       0   23     4     0
   803     -90.421136 ZINC000072453662       0   27     7     0
   804     -90.407326 ZINC000017418716       0   32     3     0
   805     -90.386904 ZINC000019718456       0   31     5     0
   806     -90.376314 ZINC000004953890       0   30     4     0
   807     -90.371920 ZINC000170601959       0   28     5     0
   808     -90.365102 ZINC000008860289       0   20     3     0
   809     -90.355369 ZINC000002081757       0   29     0     0
   810     -90.343642 ZINC000055568797       0   23     3     0
   811     -90.339275 ZINC000252490666       0   26     3     0
   812     -90.323917 790945010              0   27     1     0
   813     -90.322453 ZINC000022389307       0   30     0     0
   814     -90.308313 ZINC000020213446       0   32     2     0
   815     -90.307554 ZINC000001003098       0   29     4     0
   816     -90.302417 930781992              0   28     1     0
   817     -90.274997 ZINC000253426376       0   22     7     0
   818     -90.262736 ZINC000009074922       0   31     1     0
   819     -90.220897 331567802              0   25     2     0
   820     -90.220245 ZINC000528134822       0   24     3     0
   821     -90.205453 ZINC000008708826       0   29     1     0
   822     -90.193640 1339808042             0   20     7     0
   823     -90.190003 ZINC000036613206       0   30     6     0
   824     -90.184982 568475436              0   22     5     0
   825     -90.184193 647138905              0   24     5     0
   826     -90.177462 ZINC000012736774       0   31     6     0
   827     -90.174160 ZINC000072166993       0   27     4     0
   828     -90.165647 2356135070             0   27     1     0
   829     -90.162898 ZINC000065534574       0   26     3     0
   830     -90.145154 ZINC000065322713       0   29     5     0
   831     -90.114746 ZINC000009074905       0   27     6     0
   832     -90.109317 ZINC000069698260       0   23     6     0
   833     -90.085613 ZINC000001074082       0   29     2     0
   834     -90.068205 ZINC000036616406       0   29     2     0
   835     -90.053688 ZINC000095961073       0   27     2     0
   836     -90.050946 ZINC000095961068       0   26     3     0
   837     -90.040776 ZINC000095501544       0   26     3     0
   838     -90.027797 ZINC000007060152       0   30     1     0
   839     -90.024222 ZINC000036616442       0   28     4     0
   840     -90.003914 ZINC000100035898       0   40     2     0
   841     -89.986389 ZINC000011469890       0   29     0     0
   842     -89.927513 952889807              0   23     5     0
   843     -89.920271 1190                   0   26     0     0
   844     -89.916677 ZINC000011663472       0   30     1     0
   845     -89.898842 ZINC000095377849       0   25     7     0
   846     -89.873196 ZINC000036614059       0   28     3     0
   847     -89.837750 176205125              0   26     3     0
   848     -89.830673 ZINC000001060349       0   36     2     0
   849     -89.826760 ZINC000019643576       0   33     4     0
   850     -89.820323 ZINC000095375926       0   22     7     0
   851     -89.819651 1776002396             0   27     0     0
   852     -89.818659 ZINC000089547637       0   28     7     0
   853     -89.810650 ZINC000013011015       0   25     2     0
   854     -89.805007 ZINC000041529337       0   25     6     0
   855     -89.801095 ZINC000005345853       0   25     4     0
   856     -89.791930 ZINC000252510744       0   26     3     0
   857     -89.767515 1875389351             0   34     4     0
   858     -89.743770 ZINC000030691817       0   24     5     0
   859     -89.709442 ZINC000014212072       0   22     3     0
   860     -89.679822 ZINC000022861569       0   24     5     0
   861     -89.675689 ZINC000072172513       0   25     3     0
   862     -89.673585 61056455               0   27     0     0
   863     -89.671354 ZINC000190415087       0   25     3     0
   864     -89.664239 ZINC000035622633       0   26     2     0
   865     -89.664052 ZINC000036688997       0   26     4     0
   866     -89.655440 ZINC000012793511       0   27     2     0
   867     -89.647372 ZINC000009074976       0   25     2     0
   868     -89.637435 ZINC000061997296       0   27     5     0
   869     -89.633623 ZINC000036614299       0   30     2     0
   870     -89.626475 ZINC000091650605       0   23     4     0
   871     -89.620709 ZINC000072431350       0   18     8     0
   872     -89.601835 ZINC000002086044       0   29     2     0
   873     -89.577468 ZINC000952965071       0   28     5     0
   874     -89.538153 ZINC000036616211       0   26     1     0
   875     -89.509745 ZINC000057280205       0   22     5     0
   876     -89.505132 ZINC000072469230       0   27     1     0
   877     -89.503884 ZINC000002770171       0   30     2     0
   878     -89.486369 ZINC000002107812       0   37     4     0
   879     -89.460097 ZINC000002081506       0   30     2     0
   880     -89.419889 ZINC000095387699       0   24     5     0
   881     -89.390365 ZINC000170088683       0   23     6     0
   882     -89.384796 ZINC000027666423       0   27     4     0
   883     -89.375948 ZINC000095385235       0   25     4     0
   884     -89.375528 ZINC000002770288       0   30     1     0
   885     -89.369842 ZINC000020661997       0   24     3     0
   886     -89.345596 ZINC000017121591       0   28     2     0
   887     -89.340635 ZINC000040139278       0   33     2     0
   888     -89.338486 ZINC000021657854       0   27     2     0
   889     -89.337573 ZINC000005269948       0   25     4     0
   890     -89.332329 192784709              0   26     3     0
   891     -89.323521 ZINC000299785140       0   23     6     0
   892     -89.287340 ZINC000170618095       0   20     5     0
   893     -89.277271 ZINC000000815310       0   29     2     0
   894     -89.273361 ZINC000062571966       0   35     2     0
   895     -89.260328 ZINC000071903559       0   24     4     0
   896     -89.258806 ZINC000032578507       0   21     5     0
   897     -89.212470 ZINC000001576944       0   27     1     0
   898     -89.195845 ZINC000015414267       0   34     2     0
   899     -89.194381 ZINC000102935520       0   33     1     0
   900     -89.168452 ZINC000001073564       0   29     1     0
   901     -89.061695 ZINC000021826644       0   30     3     0
   902     -89.057845 ZINC001529191677       0   20     5     0
   903     -89.056441 ZINC000022405559       0   27     7     0
   904     -89.056257 ZINC000008594705       0   24     1     0
   905     -89.050128 ZINC000002270123       0   27     1     0
   906     -89.050077 ZINC000058282764       0   25     4     0
   907     -89.042106 ZINC000009075047       0   31     1     0
   908     -89.034988 ZINC000032753009       0   25     4     0
   909     -89.025948 ZINC000090090418       0   23     4     0
   910     -89.021194 ZINC000072474961       0   26     5     0
   911     -88.999779 1875358993             0   30     4     0
   912     -88.992517 893461255              0   22     3     0
   913     -88.981996 ZINC000015414016       0   28     3     0
   914     -88.961444 ZINC000005455744       0   26     5     0
   915     -88.955091 ZINC000005347491       0   26     2     0
   916     -88.929073 2356149515             0   27     3     0
   917     -88.920503 2325870855             0   24     6     0
   918     -88.895195 ZINC000027666429       0   30     3     0
   919     -88.894945 ZINC000585084995       0   27     4     0
   920     -88.874791 827603701              0   28     1     0
   921     -88.870514 ZINC000000799069       0   29     2     0
   922     -88.856717 275410872              0   25     3     0
   923     -88.848156 ZINC000032648569       0   30     2     0
   924     -88.843178 ZINC000055414312       0   26     1     0
   925     -88.833532 ZINC000072163054       0   24     5     0
   926     -88.806962 ZINC000072312223       0   23     5     0
   927     -88.793010 ZINC000095360193       0   19     8     0
   928     -88.776764 669652551              0   22     6     0
   929     -88.731717 ZINC000040135245       0   30     3     0
   930     -88.723414 ZINC000040155574       0   35     2     0
   931     -88.667017 ZINC000025567267       0   22     4     0
   932     -88.649368 ZINC000027666433       0   28     2     0
   933     -88.616474 ZINC000064471611       0   28     3     0
   934     -88.610833 ZINC000032911807       0   24     4     0
   935     -88.595763 ZINC000004985343       0   22     5     0
   936     -88.589087 ZINC000004968522       0   26     7     0
   937     -88.589050 ZINC000055387239       0   23     4     0
   938     -88.566735 ZINC000072475157       0   27     3     0
   939     -88.532298 2356153831             0   25     2     0
   940     -88.524041 ZINC000069433064       0   21     4     0
   941     -88.507388 ZINC000072474798       0   26     4     0
   942     -88.505365 ZINC000153540908       0   27     5     0
   943     -88.493113 895742824              0   21     6     0
   944     -88.488226 ZINC000017026451       0   26     1     0
   945     -88.483654 ZINC000019116553       0   22     4     0
   946     -88.477746 ZINC000071915181       0   25    10     0
   947     -88.464340 630541638              0   24     5     0
   948     -88.453791 ZINC000000648840       0   35     3     0
   949     -88.451085 ZINC000065562322       0   25     3     0
   950     -88.444355 ZINC000024991580       0   26     3     0
   951     -88.426599 2356147972             0   24     2     0
   952     -88.413772 ZINC000065403427       0   25     2     0
   953     -88.398857 771710412              0   28     4     0
   954     -88.395436 ZINC000036614228       0   22     2     0
   955     -88.390556 ZINC000040144909       0   31     4     0
   956     -88.370138 ZINC000076063692       0   21     4     0
   957     -88.362301 ZINC000072463212       0   28     3     0
   958     -88.357562 775707993              0   26     1     0
   959     -88.342636 ZINC000036616914       0   27     4     0
   960     -88.311473 ZINC000630332487       0   28     3     1
   961     -88.308806 1781                   0   26     3     0
   962     -88.293038 342542507              0   24     8     0
   963     -88.278162 ZINC000076063689       0   21     3     0
   964     -88.263656 ZINC000014814541       0   23     1     0
   965     -88.261291 ZINC000036616358       0   30     5     0
   966     -88.255052 1875352049             0   28     3     0
   967     -88.239425 ZINC000002081697       0   29     1     0
   968     -88.199951 ZINC000225600740       0   24     4     0
   969     -88.131935 ZINC000002334039       0   27     3     0
   970     -88.100457 ZINC000025285431       0   27     2     0
   971     -88.091688 ZINC000058393356       0   21     4     0
   972     -88.086305 1775997280             0   24     6     0
   973     -88.086290 ZINC000036615892       0   26     6     0
   974     -88.067159 ZINC000032858214       0   32     7     0
   975     -88.059142 ZINC000020343063       0   23     4     0
   976     -88.058152 ZINC000036619235       0   34     2     0
   977     -88.056662 1857692158             0   24     2     0
   978     -88.036256 524                    0   20     2     0
   979     -88.030884 ZINC000095375668       0   27     2     0
   980     -88.027455 ZINC000040139263       0   28     2     0
   981     -88.000827 ZINC000072288256       0   24     4     0
   982     -87.974120 ZINC000002867752       0   29     2     0
   983     -87.941996 ZINC000022389309       0   28     0     0
   984     -87.920016 ZINC000067805975       0   27     1     0
   985     -87.903821 ZINC000013083615       0   30     4     0
   986     -87.898333 1875282056             0   23     4     0
   987     -87.895503 ZINC000095467566       0   23     4     0
   988     -87.879937 ZINC000585114313       0   29     5     0
   989     -87.870262 ZINC000001387062       0   20     2     0
   990     -87.866391 ZINC000036614124       0   22     4     0
   991     -87.861653 ZINC000012438507       0   27     6     0
   992     -87.838032 ZINC000952974832       0   27     8     0
   993     -87.813103 ZINC000023007737       0   20     5     0
   994     -87.805756 ZINC000012926767       0   32     6     0
   995     -87.774613 ZINC000036616153       0   30     4     0
   996     -87.770418 ZINC000359841069       0   24     4     0
   997     -87.747197 ZINC000036616904       0   29     1     0
   998     -87.739360 ZINC000095387513       0   22     4     0
   999     -87.722312 ZINC000072430861       0   27     2     0
  1000     -87.715040 ZINC000097081448       0   21     3     0
  1001     -87.714545 ZINC000055404593       0   26     3     0
  1002     -87.702631 ZINC000193387810       0   24     5     0
  1003     -87.696965 ZINC000036616272       0   29     3     0
  1004     -87.696934 ZINC000002726142       0   32     1     0
  1005     -87.689393 ZINC000072410723       0   24     4     0
  1006     -87.688165 ZINC000023043302       0   26     1     0
  1007     -87.682166 ZINC000000645447       0   26     3     0
  1008     -87.654765 ZINC000016944482       0   32     4     0
  1009     -87.643438 ZINC000095531016       0   26     2     0
  1010     -87.641856 ZINC000002081490       0   28     1     0
  1011     -87.634006 ZINC000060790369       0   24     7     0
  1012     -87.611628 ZINC000008947877       0   29     3     0
  1013     -87.609372 ZINC000095382899       0   22     6     0
  1014     -87.593852 ZINC000013961241       0   30     6     0
  1015     -87.586824 ZINC000027666438       0   27     2     0
  1016     -87.578561 ZINC000253396221       0   25     3     0
  1017     -87.576619 ZINC001529191843       0   26     6     0
  1018     -87.572115 ZINC000027666463       0   27     2     0
  1019     -87.571630 ZINC000003896549       0   26     2     0
  1020     -87.559426 ZINC000002084508       0   29     0     0
  1021     -87.559390 ZINC000097160087       0   23     3     0
  1022     -87.534211 ZINC000002922066       0   27     0     0
  1023     -87.533019 ZINC000072281908       0   23     7     0
  1024     -87.530498 ZINC000009075005       0   25     4     0
  1025     -87.522126 2325786897             0   25     4     0
  1026     -87.506628 ZINC000153580361       0   26     4     0
  1027     -87.506089 ZINC000002766008       0   33     2     0
  1028     -87.488835 ZINC000006829151       0   25     1     0
  1029     -87.423972 ZINC000072468589       0   25     4     0
  1030     -87.404278 ZINC000002266749       0   26     0     0
  1031     -87.392798 ZINC000041121145       0   20     5     0
  1032     -87.392245 ZINC000090485237       0   25     6     0
  1033     -87.372996 ZINC000072427089       0   24     2     0
  1034     -87.347600 1888986378             0   27     0     0
  1035     -87.307757 ZINC000065536643       0   24     4     0
  1036     -87.296753 ZINC000003896547       0   27     2     0
  1037     -87.271638 ZINC000012780830       0   23     3     0
  1038     -87.267978 ZINC000095961070       0   27     2     0
  1039     -87.257076 ZINC000032649987       0   21     5     0
  1040     -87.226972 ZINC000017093953       0   32     1     0
  1041     -87.218151 ZINC000020182021       0   29     4     0
  1042     -87.204968 747621969              0   24     5     0
  1043     -87.200432 ZINC000266138816       0   21     3     0
  1044     -87.174966 665754685              0   25     1     0
  1045     -87.151756 892894825              0   19     3     0
  1046     -87.138074 272474011              0   24     7     0
  1047     -87.094512 2325870620             0   23     7     0
  1048     -87.068570 ZINC000426519160       0   24     3     0
  1049     -87.061714 ZINC000004733473       0   26     1     0
  1050     -87.058509 ZINC000097198000       0   22     1     0
  1051     -87.055204 ZINC000100036173       0   39     5     0
  1052     -87.039400 ZINC000348773641       0   24     3     0
  1053     -87.030693 ZINC001529099824       0   27     3     0
  1054     -87.024597 ZINC000017026453       0   26     1     0
  1055     -87.007389 ZINC000063736288       0   23     3     0
  1056     -87.001613 574859244              0   24     5     0
  1057     -86.979512 ZINC000097160216       0   21     5     0
  1058     -86.977094 ZINC000002571037       0   22     2     0
  1059     -86.970969 ZINC000095359023       0   21     5     0
  1060     -86.970536 21826123               0   28     1     0
  1061     -86.969500 ZINC000003896533       0   26     1     0
  1062     -86.966876 ZINC000005269964       0   26     5     0
  1063     -86.957194 641655354              0   24     3     0
  1064     -86.946195 1875352229             0   29     5     0
  1065     -86.926522 ZINC000089547634       0   28     0     0
  1066     -86.925687 ZINC000036616593       0   26     4     0
  1067     -86.921705 ZINC000067772974       0   21     8     0
  1068     -86.911117 ZINC000067491293       0   24     5     0
  1069     -86.896597 ZINC000012929854       0   28     3     0
  1070     -86.889791 ZINC000027666411       0   26     1     0
  1071     -86.887201 ZINC000009075025       0   27     1     0
  1072     -86.886480 ZINC000006530316       0   24     3     0
  1073     -86.879522 1614692408             0   24     7     0
  1074     -86.841466 ZINC000027666466       0   27     1     0
  1075     -86.831050 ZINC000036616169       0   22     3     0
  1076     -86.778888 ZINC000072165188       0   27     3     0
  1077     -86.770496 ZINC000009075068       0   29     4     0
  1078     -86.750137 ZINC000014241267       0   27     5     0
  1079     -86.743762 ZINC000000195122       0   25     1     0
  1080     -86.698317 ZINC000097945946       0   35     5     0
  1081     -86.695853 ZINC000027666414       0   24     7     0
  1082     -86.672721 ZINC000000320592       0   24     4     0
  1083     -86.663598 ZINC000215869509       0   26     4     0
  1084     -86.645494 ZINC000170612098       0   24     2     0
  1085     -86.644792 ZINC000007498955       0   25     3     0
  1086     -86.635180 1875342395             0   23     6     0
  1087     -86.623837 ZINC000036616048       0   27     3     0
  1088     -86.609680 ZINC000223478190       0   24     2     0
  1089     -86.553924 ZINC000031784818       0   28     3     0
  1090     -86.542650 ZINC000195545112       0   22     6     0
  1091     -86.522832 ZINC000095392928       0   23     3     0
  1092     -86.485633 ZINC000041121030       0   20     5     0
  1093     -86.482144 ZINC000072171309       0   26     3     0
  1094     -86.475655 2356156500             0   26     3     0
  1095     -86.464900 ZINC000058158729       0   23     2     0
  1096     -86.459200 ZINC000036616749       0   30     4     0
  1097     -86.456054 1120625661             0   25     4     0
  1098     -86.419101 ZINC000153540796       0   27     9     0
  1099     -86.410646 1775988444             0   27     1     0
  1100     -86.399268 ZINC000127140268       0   25     2     0
  1101     -86.381915 899174537              0   26     3     0
  1102     -86.378792 ZINC000012769772       0   25     4     0
  1103     -86.357849 ZINC000036395266       0   23     5     0
  1104     -86.354981 ZINC000191854788       0   25     5     0
  1105     -86.347220 ZINC000095378597       0   23     4     0
  1106     -86.345890 ZINC000027795902       0   24     2     0
  1107     -86.340410 2100534587             0   25     2     0
  1108     -86.339891 ZINC000031949082       0   22     2     0
  1109     -86.339151 ZINC000004834924       0   25     1     0
  1110     -86.309194 ZINC000097108415       0   23     7     0
  1111     -86.292417 ZINC000072479941       0   22     4     0
  1112     -86.268932 ZINC000001831844       0   25     2     0
  1113     -86.268354 ZINC000065473710       0   20     6     0
  1114     -86.261093 ZINC000036616815       0   27     2     0
  1115     -86.255580 ZINC001529174234       0   25     4     0
  1116     -86.246544 ZINC000036616655       0   27     1     0
  1117     -86.220549 ZINC000017308039       0   27     5     0
  1118     -86.216541 ZINC000097200382       0   22     5     0
  1119     -86.170960 630332898              0   24     3     0
  1120     -86.164806 ZINC000040139285       0   25     2     0
  1121     -86.156128 ZINC000040139261       0   24     5     0
  1122     -86.151910 ZINC000009074903       0   26     2     0
  1123     -86.151732 ZINC000067805768       0   27     7     0
  1124     -86.097365 ZINC000031785225       0   28     3     0
  1125     -86.089942 ZINC000040155579       0   26     1     0
  1126     -86.087147 ZINC000000815364       0   29     2     0
  1127     -86.049975 ZINC000000183193       0   25     4     0
  1128     -86.026556 ZINC000189898739       0   28     0     0
  1129     -86.023828 ZINC000075163986       0   22     5     0
  1130     -86.011057 ZINC000091650608       0   23     3     0
  1131     -86.010627 ZINC000095378544       0   24     6     0
  1132     -85.982736 ZINC000097200381       0   21     8     0
  1133     -85.948299 1472785679             0   23     4     0
  1134     -85.936020 ZINC000222984965       0   26     1     0
  1135     -85.882107 ZINC000002637436       0   27     2     0
  1136     -85.869558 ZINC000036614221       0   21     3     0
  1137     -85.861152 ZINC000057313528       0   22     4     0
  1138     -85.857876 ZINC000003906478       0   26     1     0
  1139     -85.846174 ZINC000041122919       0   21     4     0
  1140     -85.831126 ZINC000065535595       0   24     2     0
  1141     -85.805998 ZINC000184080214       0   21     5     0
  1142     -85.797721 ZINC000010959022       0   26     1     0
  1143     -85.777915 ZINC000030587613       0   22     3     0
  1144     -85.773710 ZINC000002753343       0   32     2     0
  1145     -85.771477 ZINC000072171308       0   26     6     0
  1146     -85.757674 ZINC000027666416       0   23     1     0
  1147     -85.739454 ZINC000268027403       0   22     7     0
  1148     -85.705162 ZINC000226096255       0   23     1     0
  1149     -85.703027 ZINC001506417816       0   29     1     0
  1150     -85.694025 792                    0   19     2     0
  1151     -85.679309 ZINC000057477636       0   24     4     0
  1152     -85.674770 ZINC000002115031       0   33     4     0
  1153     -85.647073 ZINC000069349496       0   23     3     0
  1154     -85.644954 ZINC000067460315       0   21     6     0
  1155     -85.625499 ZINC000004733442       0   26     1     0
  1156     -85.623742 ZINC000095698519       0   26     5     0
  1157     -85.612620 ZINC000015154022       0   25     4     0
  1158     -85.585829 ZINC000013961143       0   30     0     0
  1159     -85.575572 ZINC000170598758       0   21     4     0
  1160     -85.564360 ZINC000095434841       0   20     4     0
  1161     -85.550784 ZINC000032650585       0   23     5     0
  1162     -85.545645 ZINC000005240560       0   24     5     0
  1163     -85.523088 ZINC000017077058       0   28     3     0
  1164     -85.494643 ZINC000013008325       0   26     5     0
  1165     -85.490510 ZINC000041529368       0   26     6     0
  1166     -85.460175 ZINC000153531276       0   27     4     0
  1167     -85.444061 ZINC000096429502       0   23     2     0
  1168     -85.407707 ZINC000002867502       0   30     1     0
  1169     -85.391521 ZINC000036613941       0   21     2     0
  1170     -85.374177 ZINC000027666443       0   32     4     0
  1171     -85.367904 301606445              0   24     3     0
  1172     -85.361066 ZINC000057148962       0   24     6     0
  1173     -85.342629 ZINC000035314189       0   23     5     0
  1174     -85.340802 ZINC000071459187       0   23     1     0
  1175     -85.319827 ZINC000003896548       0   26     1     0
  1176     -85.309613 ZINC000048333276       0   25     3     0
  1177     -85.301258 ZINC000027666404       0   28     1     0
  1178     -85.289624 ZINC000065436191       0   20     7     0
  1179     -85.287578 ZINC000047457877       0   25     3     0
  1180     -85.236654 ZINC000055182591       0   23     3     0
  1181     -85.232989 ZINC000097011739       0   20     5     0
  1182     -85.222313 ZINC000041122911       0   21     4     0
  1183     -85.201693 ZINC000003207476       0   34     3     0
  1184     -85.192783 ZINC000072478871       0   24     5     0
  1185     -85.140431 346327266              0   21     3     0
  1186     -85.137668 ZINC000055072714       0   22     6     0
  1187     -85.134268 ZINC000223148546       0   24     1     0
  1188     -85.107487 ZINC000038011998       0   19     7     0
  1189     -85.099425 48299079               0   26     3     0
  1190     -85.096197 ZINC000026779870       0   26     0     0
  1191     -85.081763 663701736              0   23     5     0
  1192     -85.065318 ZINC000091518955       0   20     4     0
  1193     -85.045584 ZINC000009669879       0   30     4     0
  1194     -85.030750 1857708016             0   23     3     0
  1195     -84.992460 1733                   0   25     0     0
  1196     -84.992432 ZINC000003175382       0   24     3     0
  1197     -84.988462 ZINC000057148976       0   26     5     0
  1198     -84.966910 274568161              0   19     7     0
  1199     -84.950124 ZINC000007337621       0   23     4     0
  1200     -84.927862 ZINC001529113334       0   25     2     0
  1201     -84.899516 ZINC000072478872       0   24     2     0
  1202     -84.890649 ZINC000027666445       0   32     1     0
  1203     -84.886152 ZINC000299760082       0   25     2     0
  1204     -84.885109 ZINC001529181805       0   25     5     0
  1205     -84.877170 ZINC000014235278       0   25     3     0
  1206     -84.866340 1857692157             0   24     3     0
  1207     -84.866337 ZINC000005346385       0   24     2     0
  1208     -84.860458 ZINC000092962439       0   23     2     0
  1209     -84.857175 1875323714             0   25     2     0
  1210     -84.854265 ZINC000072447720       0   21     4     0
  1211     -84.849919 ZINC000072427088       0   24     4     0
  1212     -84.844008 ZINC001506404304       0   27     2     0
  1213     -84.831723 ZINC000058406791       0   25     2     0
  1214     -84.814504 ZINC000007337594       0   25     3     0
  1215     -84.801372 ZINC000072251408       0   27     3     0
  1216     -84.793305 ZINC000071280426       0   24     4     0
  1217     -84.786034 ZINC000002746871       0   28     2     0
  1218     -84.757206 ZINC000005250586       0   20     5     0
  1219     -84.736808 ZINC000065372066       0   23     2     0
  1220     -84.720860 ZINC000009074981       0   28     2     0
  1221     -84.711923 74463386               0   26     1     0
  1222     -84.709998 ZINC000002777565       0   29     3     0
  1223     -84.704145 ZINC000003337710       0   32     0     0
  1224     -84.681946 ZINC000426505768       0   23     2     0
  1225     -84.616233 ZINC000063958425       0   26     5     0
  1226     -84.616069 ZINC000002770361       0   31     1     0
  1227     -84.611451 ZINC000097635148       0   25     4     0
  1228     -84.602793 ZINC000036616484       0   30     4     0
  1229     -84.577503 1516027740             0   22     6     0
  1230     -84.574264 1875267050             0   24     2     0
  1231     -84.544429 ZINC000026703492       0   25     3     0
  1232     -84.542023 ZINC000015593800       0   22     7     0
  1233     -84.535740 ZINC000195578600       0   21     2     0
  1234     -84.535216 ZINC000065490113       0   23     6     0
  1235     -84.500953 ZINC000044999609       0   29     1     0
  1236     -84.493286 ZINC000027666457       0   26     3     0
  1237     -84.455664 ZINC000003896532       0   23     3     0
  1238     -84.446597 ZINC000014210784       0   22     1     0
  1239     -84.431928 932138740              0   24     1     0
  1240     -84.427295 630541635              0   24     4     0
  1241     -84.422618 ZINC000952968123       0   26     4     0
  1242     -84.419451 ZINC000072337431       0   28     1     0
  1243     -84.417229 48271614               0   26     5     0
  1244     -84.415690 ZINC000078333441       0   22     6     0
  1245     -84.407886 ZINC000952962786       0   23     4     0
  1246     -84.355481 ZINC000072478812       0   26     8     0
  1247     -84.351186 ZINC000003953646       0   21     4     0
  1248     -84.339503 ZINC000024841625       0   32     1     0
  1249     -84.328724 ZINC000009332863       0   27     1     0
  1250     -84.325656 ZINC000001386800       0   23     2     0
  1251     -84.308157 ZINC000072163055       0   24     2     0
  1252     -84.304568 ZINC000000104097       0   22     4     0
  1253     -84.281535 ZINC000084310593       0   28     1     0
  1254     -84.263324 ZINC000061174625       0   26     4     0
  1255     -84.227708 ZINC000226096287       0   25     1     0
  1256     -84.225829 ZINC000002794176       0   33     1     0
  1257     -84.219511 ZINC000000200574       0   25     1     0
  1258     -84.204464 121819829              0   22     3     0
  1259     -84.200426 ZINC000065512021       0   26     3     0
  1260     -84.188207 ZINC000009074927       0   30     1     0
  1261     -84.183451 ZINC000253630189       0   30     7     0
  1262     -84.170223 ZINC000095381912       0   25     4     0
  1263     -84.165368 ZINC000012876622       0   26     4     0
  1264     -84.146879 ZINC000027666454       0   24     1     0
  1265     -84.143175 ZINC000072238317       0   25     2     0
  1266     -84.123118 ZINC000041127700       0   23     2     0
  1267     -84.119678 ZINC001506420062       0   24     7     0
  1268     -84.107773 ZINC000585132706       0   23     2     0
  1269     -84.103032 ZINC000095521764       0   23     4     0
  1270     -84.088231 ZINC000022292300       0   22     2     0
  1271     -84.058413 1889186675             0   21     4     0
  1272     -84.036703 1338083830             0   21     6     0
  1273     -84.027902 528225338              0   22     2     0
  1274     -84.022261 ZINC000076640245       0   26     2     0
  1275     -84.004030 ZINC000004733454       0   24     3     0
  1276     -83.992624 ZINC000426505769       0   23     4     0
  1277     -83.982195 ZINC000007813586       0   24     1     0
  1278     -83.959120 ZINC000426582730       0   22     3     0
  1279     -83.931377 ZINC000004354773       0   23     3     0
  1280     -83.921907 ZINC000072138705       0   26     3     0
  1281     -83.873046 ZINC000013691769       0   25     6     0
  1282     -83.870245 ZINC000096008861       0   22     7     0
  1283     -83.847450 ZINC000052487400       0   24     4     0
  1284     -83.834991 ZINC000002634582       0   25     0     0
  1285     -83.820468 ZINC000032853579       0   23     3     0
  1286     -83.810484 ZINC000057355982       0   24     4     0
  1287     -83.791382 ZINC000027666468       0   27     4     0
  1288     -83.776463 1438                   0   27     1     0
  1289     -83.759056 ZINC000012906703       0   27     2     0
  1290     -83.757501 ZINC000012113825       0   21     1     0
  1291     -83.755118 ZINC000067489769       0   22     5     0
  1292     -83.754099 ZINC000228940094       0   24     2     0
  1293     -83.742361 ZINC000009409774       0   31     1     0
  1294     -83.734232 ZINC000409390568       0   26     2     0
  1295     -83.733321 1875283398             0   23     5     0
  1296     -83.715605 ZINC000109070490       0   26     2     0
  1297     -83.715328 ZINC000019521739       0   21     8     0
  1298     -83.647500 ZINC000064471923       0   29     2     0
  1299     -83.622434 ZINC000027666470       0   24     1     0
  1300     -83.621925 ZINC000002268205       0   26     1     0
  1301     -83.594232 ZINC000025043241       0   28     3     0
  1302     -83.593436 ZINC000026779863       0   29     0     0
  1303     -83.576179 ZINC000008594601       0   25     3     0
  1304     -83.530126 ZINC000095506274       0   24     2     0
  1305     -83.526278 ZINC000026694925       0   23     3     0
  1306     -83.521413 ZINC000001326755       0   21     5     0
  1307     -83.517674 ZINC000022475775       0   28     1     0
  1308     -83.497131 ZINC000017075265       0   27     5     0
  1309     -83.463767 ZINC000223148460       0   24     1     0
  1310     -83.422976 ZINC000089594192       0   25     4     0
  1311     -83.384358 ZINC000054418187       0   24     5     0
  1312     -83.371515 ZINC000067756363       0   23     4     0
  1313     -83.359157 1501                   0   20     2     0
  1314     -83.334918 ZINC000072479025       0   23     3     0
  1315     -83.320356 ZINC000653474657       0   22     6     0
  1316     -83.284674 664681553              0   23     3     0
  1317     -83.277989 ZINC000095502155       0   24     5     0
  1318     -83.270757 ZINC000009009473       0   21     1     0
  1319     -83.258707 ZINC000013719236       0   23     2     0
  1320     -83.235383 ZINC000057312381       0   22     3     0
  1321     -83.194197 ZINC000019103733       0   25     3     0
  1322     -83.182460 ZINC000017121529       0   26     0     0
  1323     -83.181270 ZINC000095957748       0   27     5     0
  1324     -83.174423 ZINC000084459698       0   22     1     0
  1325     -83.168129 301241317              0   25     1     0
  1326     -83.147110 ZINC000027666413       0   24     3     0
  1327     -83.139209 ZINC000072479024       0   23     1     0
  1328     -83.123131 ZINC000000200584       0   25     2     0
  1329     -83.107618 ZINC000012559676       0   25     3     0
  1330     -83.095403 ZINC000016994171       0   26     3     0
  1331     -83.085543 92606055               0   19     3     0
  1332     -83.033210 ZINC000055343076       0   25     2     0
  1333     -83.028567 ZINC000012300862       0   31     4     0
  1334     -83.023446 ZINC000027666461       0   27     1     0
  1335     -83.021670 ZINC000002776835       0   27     0     0
  1336     -83.011327 ZINC000002205320       0   26     3     0
  1337     -83.004865 ZINC000036613784       0   29     1     0
  1338     -82.972191 ZINC000017071253       0   25     3     0
  1339     -82.967116 ZINC000027666418       0   24     4     0
  1340     -82.953559 ZINC000426399178       0   23     4     0
  1341     -82.938076 ZINC000012981102       0   27     1     0
  1342     -82.894676 ZINC000052487456       0   22     4     0
  1343     -82.894247 1857679496             0   23     3     0
  1344     -82.860013 ZINC000057364291       0   23     1     0
  1345     -82.800560 ZINC001529139941       0   26     5     0
  1346     -82.752564 ZINC000010513142       0   30     1     0
  1347     -82.738339 930236002              0   23     4     0
  1348     -82.737106 ZINC000057279175       0   22     5     0
  1349     -82.735214 ZINC000005938726       0   23     1     0
  1350     -82.725385 ZINC001529112579       0   28     1     0
  1351     -82.712009 ZINC000077354566       0   26     3     0
  1352     -82.708147 ZINC000952992407       0   24     4     0
  1353     -82.705269 ZINC000055543966       0   25     2     0
  1354     -82.660095 ZINC001529196380       0   24     5     0
  1355     -82.658885 ZINC000075140977       0   24     3     0
  1356     -82.626818 ZINC000008149271       0   20     2     0
  1357     -82.607127 ZINC000012784540       0   24     5     0
  1358     -82.564391 ZINC000095961702       0   21     6     0
  1359     -82.559110 ZINC000008344415       0   22     3     0
  1360     -82.521484 ZINC000072419228       0   22     1     0
  1361     -82.519120 2356150303             0   22     6     0
  1362     -82.509049 ZINC000067772641       0   21     5     0
  1363     -82.503690 ZINC000055342504       0   27     4     0
  1364     -82.499390 ZINC000057355977       0   23     6     0
  1365     -82.482501 ZINC000036619288       0   28     6     0
  1366     -82.470942 665705827              0   22     6     0
  1367     -82.449253 872455131              0   25     2     0
  1368     -82.444859 ZINC000072476567       0   23     2     0
  1369     -82.440497 ZINC000095353437       0   21     5     0
  1370     -82.430606 ZINC000057312551       0   23     0     0
  1371     -82.401375 ZINC000096429779       0   23     3     0
  1372     -82.385837 ZINC000072138871       0   23     3     0
  1373     -82.364858 ZINC000013644362       0   26     3     0
  1374     -82.336933 647138906              0   24     2     0
  1375     -82.315906 ZINC000013148443       0   28     0     0
  1376     -82.304286 ZINC000002653597       0   24     1     0
  1377     -82.291518 678392968              0   19     6     0
  1378     -82.287532 ZINC000252497718       0   21     4     0
  1379     -82.282175 ZINC000012499064       0   26     1     0
  1380     -82.274174 328615120              0   25     2     0
  1381     -82.201523 ZINC000008706892       0   25     0     0
  1382     -82.144104 ZINC000027666456       0   25     2     0
  1383     -82.132631 1875334947             0   26     1     0
  1384     -82.131218 ZINC000170596750       0   23     3     0
  1385     -82.088016 ZINC000010961309       0   25     0     0
  1386     -82.087865 ZINC000095373293       0   22     3     0
  1387     -82.082532 ZINC000035311010       0   21     5     0
  1388     -82.050305 ZINC000026692224       0   26     2     0
  1389     -82.029643 ZINC000012227171       0   23     2     0
  1390     -82.012715 ZINC000046087787       0   25     3     0
  1391     -82.003779 328615121              0   25     1     0
  1392     -81.980335 ZINC000077216471       0   23     6     0
  1393     -81.966188 ZINC001506407050       0   21     5     0
  1394     -81.961790 ZINC000000815293       0   31     1     0
  1395     -81.936941 ZINC001529191844       0   26     3     0
  1396     -81.912909 2325732850             0   20     4     0
  1397     -81.888984 ZINC000019079753       0   22     4     0
  1398     -81.888849 ZINC000000806640       0   22     3     0
  1399     -81.876023 ZINC000228923403       0   24     4     0
  1400     -81.842340 ZINC000057355984       0   22     2     0
  1401     -81.826306 579729807              0   22     3     0
  1402     -81.809750 2325870856             0   24     3     0
  1403     -81.799178 ZINC000139415087       0   22     4     0
  1404     -81.794545 1615611253             0   25     2     0
  1405     -81.778131 1337303424             0   22     3     0
  1406     -81.738209 ZINC000170619616       0   24     2     0
  1407     -81.732002 ZINC000952987320       0   25     3     0
  1408     -81.719354 ZINC000059258114       0   20     3     0
  1409     -81.703922 ZINC000072473873       0   22     3     0
  1410     -81.666075 ZINC000095373294       0   22     8     0
  1411     -81.654875 2356170311             0   23     3     0
  1412     -81.651314 ZINC000014207962       0   24     4     0
  1413     -81.640864 ZINC000228937059       0   24     3     0
  1414     -81.629176 ZINC000003266941       0   22     3     0
  1415     -81.575011 ZINC000072411269       0   21     6     0
  1416     -81.571760 ZINC000007337618       0   23     3     0
  1417     -81.565789 ZINC000057279232       0   22     3     0
  1418     -81.565365 ZINC000095966390       0   21     1     0
  1419     -81.551710 ZINC000012785336       0   26     2     0
  1420     -81.538091 275521428              0   27     3     0
  1421     -81.525095 ZINC001529196880       0   25     4     0
  1422     -81.493672 ZINC000084271667       0   23     5     0
  1423     -81.457342 ZINC000046087793       0   20     4     0
  1424     -81.450827 ZINC000071282031       0   26     1     0
  1425     -81.441829 80443347               0   23     3     0
  1426     -81.441278 ZINC000002267140       0   27     0     0
  1427     -81.412278 ZINC000027666419       0   26     1     0
  1428     -81.412168 ZINC000170598537       0   21     4     0
  1429     -81.404103 ZINC000017121577       0   27     1     0
  1430     -81.364691 ZINC000022838233       0   26     6     0
  1431     -81.338147 ZINC000088755237       0   25     5     0
  1432     -81.315819 ZINC000191319836       0   24     3     0
  1433     -81.278101 ZINC000097037685       0   18     6     0
  1434     -81.270154 ZINC000095452082       0   24     2     0
  1435     -81.231973 ZINC000069814332       0   24     3     0
  1436     -81.159748 2325860377             0   23     3     0
  1437     -81.147858 1889186325             0   21     2     0
  1438     -81.132218 ZINC000001718465       0   19     2     0
  1439     -81.085073 ZINC000052473318       0   21     1     0
  1440     -81.082395 ZINC000072428890       0   22     1     0
  1441     -81.077751 ZINC000009074949       0   21     3     0
  1442     -81.062406 ZINC000057355983       0   25     2     0
  1443     -81.042075 ZINC000432124517       0   20     3     0
  1444     -81.036072 ZINC000052487394       0   22     4     0
  1445     -81.000799 ZINC000089700464       0   23     1     0
  1446     -80.972257 ZINC000023618955       0   21     4     0
  1447     -80.968756 ZINC000097200161       0   24     7     0
  1448     -80.913361 ZINC000009074928       0   25     2     0
  1449     -80.910470 ZINC000001061866       0   21     1     0
  1450     -80.907709 ZINC000000459730       0   22     1     0
  1451     -80.892546 ZINC000027666464       0   27     1     0
  1452     -80.888228 ZINC000075093190       0   22     5     0
  1453     -80.869259 ZINC000057568179       0   21     2     0
  1454     -80.801536 ZINC000004487022       0   19     2     0
  1455     -80.767279 ZINC000065465428       0   21     4     0
  1456     -80.758294 ZINC000025567266       0   22     5     0
  1457     -80.719035 ZINC000005687637       0   18     2     0
  1458     -80.714546 ZINC000009056709       0   29     1     0
  1459     -80.701521 ZINC000013040023       0   27     1     0
  1460     -80.701369 ZINC000228935367       0   24     0     0
  1461     -80.662573 ZINC000072342055       0   23     4     0
  1462     -80.660737 1857711226             0   23     3     0
  1463     -80.659652 ZINC000038486581       0   24     2     0
  1464     -80.618532 ZINC000055343081       0   25     3     0
  1465     -80.600788 ZINC000952995681       0   24     4     0
  1466     -80.594051 ZINC000072946926       0   21     5     0
  1467     -80.592281 ZINC000001718487       0   25     1     0
  1468     -80.585538 ZINC000001406300       0   21     1     0
  1469     -80.563974 ZINC000001468185       0   25     1     0
  1470     -80.563949 2086865341             0   21     1     0
  1471     -80.559359 ZINC000003604829       0   22     6     0
  1472     -80.531203 ZINC000096419416       0   23     6     0
  1473     -80.523765 ZINC000000411487       0   24     0     0
  1474     -80.511794 ZINC000097163549       0   21     4     0
  1475     -80.476661 ZINC000041160105       0   19     4     0
  1476     -80.440993 ZINC000032550953       0   20     3     0
  1477     -80.422848 ZINC000015786665       0   20     5     0
  1478     -80.405250 ZINC000036616335       0   27     2     0
  1479     -80.397759 ZINC000001576938       0   22     1     0
  1480     -80.395663 331567825              0   25     7     0
  1481     -80.384832 1857700351             0   23     2     0
  1482     -80.369993 ZINC000032508880       0   21     5     0
  1483     -80.368235 ZINC000041121193       0   18     4     0
  1484     -80.366596 281225689              0   25     6     0
  1485     -80.365152 ZINC000036613643       0   21     5     0
  1486     -80.331121 ZINC000095358991       0   22     3     0
  1487     -80.301594 1776002391             0   27     2     0
  1488     -80.299166 ZINC000003896551       0   25     1     0
  1489     -80.279440 ZINC000030587662       0   21     5     0
  1490     -80.270899 ZINC000061721776       0   22     6     0
  1491     -80.264987 624177239              0   24     3     0
  1492     -80.257864 ZINC000005511117       0   23     3     0
  1493     -80.246912 ZINC000228921309       0   24     2     0
  1494     -80.243877 ZINC000072237833       0   25     2     0
  1495     -80.154697 ZINC000046087799       0   19     4     0
  1496     -80.111398 ZINC000253426370       0   22     5     0
  1497     -80.105017 301812130              0   25     2     0
  1498     -80.071198 ZINC000071899472       0   18     6     0
  1499     -80.070904 956944796              0   23     4     0
  1500     -80.052580 ZINC000004354768       0   22     2     0
  1501     -79.983470 1875334815             0   24     5     0
  1502     -79.975361 ZINC000057662947       0   26     0     0
  1503     -79.964282 ZINC000053583066       0   22     1     0
  1504     -79.956972 1175164193             0   20     3     0
  1505     -79.952381 ZINC000072435972       0   23     5     0
  1506     -79.946672 ZINC000067880961       0   24     5     8
  1507     -79.927272 ZINC000012895942       0   21     2     0
  1508     -79.923936 ZINC000048286479       0   23     5     0
  1509     -79.897893 ZINC000065372067       0   23     1     0
  1510     -79.890539 ZINC000089885490       0   22     4     0
  1511     -79.888308 ZINC000059266233       0   24     2     0
  1512     -79.885082 ZINC000009074957       0   23     3     0
  1513     -79.871255 97084569               0   21     7     0
  1514     -79.869716 190415177              0   25     2     0
  1515     -79.856261 ZINC000001387071       0   20     3     0
  1516     -79.838000 ZINC000670461622       0   22     4     0
  1517     -79.758624 ZINC000888092679       0   23     3     0
  1518     -79.646290 ZINC000072475158       0   27     4     0
  1519     -79.644171 ZINC000071459209       0   22     1     0
  1520     -79.622398 ZINC000033533813       0   23     3     0
  1521     -79.618641 2325810563             0   23     1     0
  1522     -79.616325 ZINC000055326120       0   27     4     3
  1523     -79.614522 ZINC000072138870       0   23     6     0
  1524     -79.610693 ZINC000000521923       0   25     1     0
  1525     -79.591637 ZINC000071914132       0   20     3     0
  1526     -79.588044 413438134              0   24     2     0
  1527     -79.586625 ZINC00003661909        0   27     2     0
  1528     -79.577925 ZINC001506415406       0   23     5     0
  1529     -79.571686 ZINC000003288819       0   24     2     0
  1530     -79.536436 ZINC000035311695       0   19     4     0
  1531     -79.532220 ZINC000096456171       0   24     5     0
  1532     -79.528763 ZINC000017306894       0   24     2     0
  1533     -79.497796 ZINC000072477591       0   22     3     0
  1534     -79.484988 ZINC000041121181       0   18     4     0
  1535     -79.440218 ZINC000032523781       0   20     2     0
  1536     -79.431544 ZINC000072161313       0   25     2     0
  1537     -79.407186 ZINC000008508590       0   19     4     0
  1538     -79.404120 ZINC000888095167       0   20     1     0
  1539     -79.390044 ZINC000032853423       0   21     2     0
  1540     -79.364981 1888906720             0   21     3     0
  1541     -79.352887 ZINC000072240708       0   23     0     0
  1542     -79.352538 1772812746             0   20     3     0
  1543     -79.351530 ZINC000095392927       0   23     3     0
  1544     -79.334357 ZINC000065410160       0   21     2     0
  1545     -79.318324 ZINC000019078653       0   23     2     0
  1546     -79.314011 ZINC000036616505       0   27     2     0
  1547     -79.300494 ZINC000055133235       0   22     2     0
  1548     -79.299699 ZINC000090200840       0   23     2     0
  1549     -79.283128 ZINC000095353438       0   21     5     0
  1550     -79.278760 ZINC000003283821       0   22     4     0
  1551     -79.278407 ZINC000032803852       0   23     9     0
  1552     -79.274638 ZINC000014092689       0   25     1     0
  1553     -79.273826 ZINC000040139262       0   26     2     0
  1554     -79.271220 ZINC000013130267       0   30     1     0
  1555     -79.270449 ZINC000072145024       0   24     2     0
  1556     -79.266431 ZINC000002365648       0   19     3     0
  1557     -79.253393 1888908387             0   24     3     0
  1558     -79.238189 ZINC000057355555       0   23     5     0
  1559     -79.219894 ZINC000058407142       0   21     2     0
  1560     -79.188085 ZINC000004331358       0   20     2     0
  1561     -79.175231 ZINC000057312559       0   24     4     0
  1562     -79.155011 ZINC000071459216       0   22     2     0
  1563     -79.146166 1772812748             0   20     2     0
  1564     -79.118490 ZINC000005579639       0   20     4     0
  1565     -79.112089 ZINC000072946923       0   21     2     0
  1566     -79.090678 ZINC000004354764       0   23     1     0
  1567     -79.089164 ZINC000000554442       0   21     1     0
  1568     -79.088555 ZINC000585129265       0   21     6     0
  1569     -79.073266 ZINC000006566264       0   24     1     0
  1570     -79.037541 ZINC000057312389       0   23     2     0
  1571     -79.027679 ZINC000072474739       0   22     4     0
  1572     -78.991565 ZINC000067673876       0   26     1     0
  1573     -78.986745 ZINC000118198914       0   24     2     0
  1574     -78.976513 ZINC000001672337       0   24     1     0
  1575     -78.948397 ZINC000017121534       0   26     4     0
  1576     -78.948125 614216777              0   26     6     0
  1577     -78.934724 ZINC000005937555       0   21     1     0
  1578     -78.863475 ZINC000071816912       0   24     2     0
  1579     -78.852690 ZINC000057355981       0   24     2     0
  1580     -78.846295 1857680662             0   22     2     0
  1581     -78.806826 ZINC000027041022       0   21     2     0
  1582     -78.801656 ZINC000072148184       0   22     3     0
  1583     -78.799464 ZINC000094124647       0   21     4     0
  1584     -78.790250 ZINC000097160189       0   23     7     0
  1585     -78.750320 28                     0   19     3     0
  1586     -78.722741 1875321053             0   22     2     0
  1587     -78.720370 ZINC000009532120       0   19     3     0
  1588     -78.706988 ZINC000025051220       0   25     4     0
  1589     -78.700603 ZINC000006616386       0   21     1     0
  1590     -78.698421 ZINC000097166061       0   24     5     0
  1591     -78.691035 78452518               0   19     4     0
  1592     -78.685343 1875286782             0   21     2     0
  1593     -78.641019 ZINC000013686899       0   24     4     0
  1594     -78.598287 2325818776             0   23     3     0
  1595     -78.593369 ZINC000005024746       0   23     1     0
  1596     -78.576933 ZINC000001562381       0   20     3     0
  1597     -78.565293 ZINC001529119239       0   24     4     0
  1598     -78.556325 ZINC000004734117       0   26     5     0
  1599     -78.524191 ZINC000095726824       0   23     1     0
  1600     -78.523260 2087045485             0   24     4     0
  1601     -78.510319 ZINC000170673563       0   24     2     0
  1602     -78.498158 ZINC000012906698       0   28     0     0
  1603     -78.483961 80443341               0   20     2     0
  1604     -78.460990 665709163              0   20     3     0
  1605     -78.386066 ZINC000071459315       0   22     0     0
  1606     -78.378960 ZINC000072479942       0   22     4     0
  1607     -78.356294 ZINC000072476103       0   21     2     0
  1608     -78.351949 ZINC000057355562       0   25     4     0
  1609     -78.303290 ZINC000067755871       0   23     4     4
  1610     -78.249395 1888906599             0   21     3     0
  1611     -78.244132 ZINC000097160215       0   19     5     0
  1612     -78.243739 ZINC001529134185       0   22     2     0
  1613     -78.228699 ZINC000008728068       0   18     4     0
  1614     -78.197458 ZINC000057355818       0   24     2     0
  1615     -78.184264 ZINC000027666410       0   23     1     0
  1616     -78.181911 ZINC000003304466       0   23     1     0
  1617     -78.157261 ZINC000095358761       0   22     1     0
  1618     -78.119737 1604316247             0   24     2     1
  1619     -78.115297 1186757257             0   21     4     0
  1620     -78.100406 ZINC000076556595       0   21     1     0
  1621     -78.083317 ZINC000095829776       0   22     0     0
  1622     -78.061327 ZINC000057312376       0   21     1     0
  1623     -78.042857 ZINC000390823033       0   25     3     0
  1624     -77.987218 ZINC000299762496       0   23     7     0
  1625     -77.985453 ZINC000012506997       0   21     1     0
  1626     -77.981314 2087045484             0   24     2     0
  1627     -77.865317 ZINC000027983162       0   23     1     0
  1628     -77.854290 ZINC000001845560       0   20     4     0
  1629     -77.789112 ZINC000072418529       0   21     2     0
  1630     -77.774024 2325774156             0   22     3     0
  1631     -77.754088 956944795              0   23     3     0
  1632     -77.719076 ZINC000252510743       0   26     2     0
  1633     -77.645555 ZINC000027666450       0   25     3     0
  1634     -77.583051 ZINC000072161314       0   25     4     0
  1635     -77.511103 34007762               0   25     4     0
  1636     -77.484508 ZINC000012227509       0   23     2     0
  1637     -77.456040 ZINC000002870392       0   20     1     0
  1638     -77.443436 ZINC000001718464       0   19     3     0
  1639     -77.402811 142796852              0   23     4     0
  1640     -77.336875 ZINC000017026455       0   25     3     0
  1641     -77.329751 ZINC000025523030       0   19     3     0
  1642     -77.275870 578223565              0   20     3     0
  1643     -77.253711 ZINC000053583067       0   22     3     0
  1644     -77.248069 ZINC000007983234       0   21     5     0
  1645     -77.228850 ZINC000253416445       0   22     0     0
  1646     -77.210187 664587938              0   24     5     0
  1647     -77.178106 653474690              0   22     6     0
  1648     -77.171658 ZINC001529155640       0   24     1     0
  1649     -77.143539 898726031              0   21     3     0
  1650     -77.130057 ZINC001529161637       0   22     2     0
  1651     -77.122712 ZINC000952982768       0   21     5     0
  1652     -77.115093 ZINC000096008850       0   23     5     0
  1653     -77.095393 ZINC000072432975       0   21     3     0
  1654     -77.077239 ZINC000019077185       0   22     2     0
  1655     -77.063641 ZINC000065410161       0   21     5     0
  1656     -77.041069 1857667473             0   23     5     0
  1657     -77.031871 ZINC000057355560       0   24     5     0
  1658     -76.996546 ZINC000057312561       0   21     2     0
  1659     -76.976761 ZINC000228929794       0   24     0     0
  1660     -76.950897 ZINC000012865006       0   29     1     0
  1661     -76.942025 ZINC000035781451       0   19     4     0
  1662     -76.937149 ZINC000010961212       0   27     1     0
  1663     -76.885692 ZINC000057279189       0   23     2     0
  1664     -76.879824 ZINC000057280190       0   21     5     0
  1665     -76.875593 ZINC000408758039       0   22     3     0
  1666     -76.803046 ZINC000022023048       0   33     1     0
  1667     -76.766702 ZINC000000256336       0   20     0     0
  1668     -76.740248 ZINC000028222217       0   25     0     0
  1669     -76.729819 9501716                0   24     4     0
  1670     -76.725083 ZINC000005687641       0   19     2     0
  1671     -76.705544 ZINC000009740970       0   23     2     0
  1672     -76.687331 1775972811             0   23     4     0
  1673     -76.686792 ZINC001506405813       0   23     5     0
  1674     -76.680939 ZINC000048571360       0   20     2     0
  1675     -76.669800 191958133              0   24     2     0
  1676     -76.620076 ZINC000014077714       0   23     1     0
  1677     -76.599701 ZINC000226096271       0   24     1     0
  1678     -76.540026 ZINC000041121003       0   19     3     0
  1679     -76.531237 ZINC000041123815       0   25     3     0
  1680     -76.435410 ZINC000028224647       0   22     6     0
  1681     -76.406241 ZINC000004959730       0   20     0     0
  1682     -76.397249 ZINC000008315873       0   18     4     0
  1683     -76.395364 ZINC000057356037       0   23     4     0
  1684     -76.387941 ZINC000225539163       0   26     2     0
  1685     -76.347116 ZINC000004354749       0   21     2     0
  1686     -76.339509 1888913294             0   24     6     0
  1687     -76.296010 ZINC000019948516       0   19     3     0
  1688     -76.259781 1174885768             0   20     3     0
  1689     -76.249811 ZINC000091289011       0   22     4     0
  1690     -76.206621 1772811673             0   20     2     0
  1691     -76.055811 ZINC000193370352       0   20     2     0
  1692     -76.046879 ZINC000008583015       0   25     0     0
  1693     -76.002687 ZINC000041122917       0   19     5     0
  1694     -75.962158 ZINC000095364660       0   22     5     0
  1695     -75.906653 1337555577             0   20     1     0
  1696     -75.821600 340713872              0   20     3     0
  1697     -75.820716 ZINC000004923146       0   19     4     0
  1698     -75.820372 ZINC000080443364       0   21     3     0
  1699     -75.753111 ZINC000013602715       0   24     4     0
  1700     -75.749403 ZINC000028223907       0   22     1     0
  1701     -75.748363 ZINC000072476568       0   23     1     0
  1702     -75.741148 ZINC000032508885       0   21     5     0
  1703     -75.693374 ZINC000071459241       0   23     1     0
  1704     -75.671640 ZINC000095377990       0   20     2     0
  1705     -75.651451 ZINC000040227528       0   21     2     0
  1706     -75.636102 ZINC000057355823       0   23     2     0
  1707     -75.622630 ZINC000585128389       0   22     6     0
  1708     -75.609407 ZINC000057279833       0   19     5     0
  1709     -75.559862 1888913295             0   24     3     0
  1710     -75.555936 ZINC000072425657       0   23     2     0
  1711     -75.550739 ZINC001529199180       0   25     4     0
  1712     -75.519742 ZINC000072237835       0   22     2     0
  1713     -75.446590 ZINC000052487413       0   22     4     0
  1714     -75.442264 ZINC000072142125       0   24     3     0
  1715     -75.432183 ZINC000027666408       0   23     4     0
  1716     -75.426299 ZINC000003304465       0   23     1     0
  1717     -75.407305 932436643              0   23     1     0
  1718     -75.378456 ZINC000004753318       0   19     4     0
  1719     -75.323595 ZINC000000348947       0   23     2     0
  1720     -75.250130 ZINC000021661438       0   22     5     0
  1721     -75.206849 ZINC000072474956       0   22     5     0
  1722     -75.204145 ZINC000003418600       0   22     1     0
  1723     -75.201092 ZINC000072238319       0   22     2     0
  1724     -75.197365 ZINC000004898011       0   19     4     0
  1725     -75.103441 ZINC000055342502       0   27     3     0
  1726     -74.941606 ZINC000072238314       0   24     3     0
  1727     -74.869807 ZINC000017137695       0   19     3     0
  1728     -74.541492 ZINC000052487395       0   20     3     0
  1729     -74.467875 1888913245             0   22     3     0
  1730     -74.460431 ZINC000226688077       0   21     6     0
  1731     -74.428994 ZINC000012875073       0   23     1     0
  1732     -74.426513 ZINC001529196696       0   24     3     0
  1733     -74.400433 2037838333             0   22     3     0
  1734     -74.335229 ZINC000083820567       0   22     3     0
  1735     -74.296955 ZINC000095941847       0   23     1     0
  1736     -74.244223 ZINC000253416488       0   23     0     0
  1737     -74.112729 ZINC000084271746       0   19     4     0
  1738     -74.037738 ZINC000065381892       0   24     5     0
  1739     -74.036076 ZINC000002719599       0   18     3     0
  1740     -74.018722 276427411              0   22     3     0
  1741     -73.850981 432928489              0   22     5     0
  1742     -73.720683 ZINC000426519161       0   24     1     0
  1743     -73.707419 ZINC001529113011       0   22     1     0
  1744     -73.608815 ZINC000032649981       0   22     5     0
  1745     -73.484005 ZINC000072240721       0   23     1     0
  1746     -73.447902 ZINC001529100441       0   22     3     0
  1747     -73.444461 ZINC000032508881       0   20     2     0
  1748     -73.428889 1888908386             0   24     1     0
  1749     -73.351978 ZINC001529113322       0   23     6     0
  1750     -73.345704 ZINC000065386753       0   21     2     0
  1751     -73.276126 ZINC000005345595       0   18     3     0
  1752     -73.210027 ZINC000055412957       0   23     3     0
  1753     -73.035412 ZINC000057312393       0   19     2     0
  1754     -72.989552 ZINC000004475702       0   19     2     0
  1755     -72.847863 ZINC000004894788       0   21     0     0
  1756     -72.816937 ZINC000001581350       0   20     1     0
  1757     -72.798073 ZINC000952976400       0   24     5     0
  1758     -72.782418 ZINC001529172888       0   25     4     0
  1759     -72.749648 ZINC000003284171       0   18     3     0
  1760     -72.719167 ZINC000057312392       0   20     4     0
  1761     -72.383792 ZINC000048252221       0   21     1     0
  1762     -72.104108 ZINC000063447270       0   22     2     0
  1763     -72.074847 1262209363             0   22     2     0
  1764     -72.041665 1306985536             0   20     2     0
  1765     -71.826756 ZINC000057355563       0   22     4     0
  1766     -71.565868 ZINC000001368931       0   21     1     0
  1767     -71.540282 ZINC000000245257       0   18     1     0
  1768     -71.232768 ZINC000003235925       0   20     1     0
  1769     -71.158496 ZINC000057312556       0   23     4     0
  1770     -71.078292 ZINC000035781654       0   18     2     0
  1771     -70.945944 ZINC000007814651       0   18     3     0
  1772     -69.617835 ZINC000003235923       0   22     1     0
  1773     -69.463783 ZINC000000144049       0   21     1     0
  1774     -68.763407 133187963              0   19     2     0
  1775     -68.643582 1888906812             0   21     4     0
  1776     -68.210537 ZINC001506429846       0   22     1     0
  1777     -66.670532 ZINC001529172054       0   22     2     0
  1778     -66.177285 ZINC000003418766       0   18     0     0
  1779     -41.988643 303                    0   39     0     0
  1780     172.505739 66                     0    0     1     0
