#C:/Users/KIMED 1/Documents/Junaidin/iGEMDOCKv2.1/output/extracted_cav/cav4mxo_DB8.pdb with C:/Users/KIMED 1/Documents/Junaidin/Docking/SrcHum-nofilter/gemdock_out/docking.lst
#Ligand	TotalEnergy	VDW	HBond	Elec	AverConPair	
cav4mxo_DB8-dasatinib-0.pdb	-112.125	-105.2	-6.92491	0	20.7879
cav4mxo_DB8-28-0.pdb	-78.6756	-70.2217	-8.45389	0	27.6316
cav4mxo_DB8-303-0.pdb	-56.6587	-56.6587	0	0	12.7778
cav4mxo_DB8-524-0.pdb	-79.6829	-71.8982	-7.78471	0	27.7647
cav4mxo_DB8-578-0.pdb	-96.2553	-90.3528	-5.9025	0	15.5263
cav4mxo_DB8-792-0.pdb	-85.5772	-78.5772	-7	0	27.2105
cav4mxo_DB8-1159-0.pdb	-104.806	-91.9078	-12.8979	0	23.5556
cav4mxo_DB8-1190-0.pdb	-89.8303	-89.8303	0	0	23.4615
cav4mxo_DB8-1438-0.pdb	-83.6271	-80.1271	-3.5	0	19.5185
cav4mxo_DB8-1501-0.pdb	-83.2386	-76.2386	-7	0	25.05
cav4mxo_DB8-1733-0.pdb	-84.8671	-84.8671	0	0	19.84
cav4mxo_DB8-1781-0.pdb	-88.4012	-78.1432	-10.258	0	19.4615
cav4mxo_DB8-9501716-0.pdb	-76.5744	-64.8311	-11.7433	0	18.5417
cav4mxo_DB8-13230341-0.pdb	-92.4245	-87.5716	-4.85291	0	22.1786
cav4mxo_DB8-13230342-0.pdb	-96.4174	-83.7118	-12.7056	0	20.1429
cav4mxo_DB8-21826123-0.pdb	-79.2779	-75.7779	-3.5	0	19.24
cav4mxo_DB8-33236591-0.pdb	-89.6869	-69.425	-20.2619	0	20
cav4mxo_DB8-34007762-0.pdb	-77.4624	-63.0825	-14.3799	0	16.88
cav4mxo_DB8-38449852-0.pdb	-95.0017	-81.1199	-13.8819	0	16.1563
cav4mxo_DB8-48271614-0.pdb	-84.2583	-71.0107	-13.2476	0	19.8077
cav4mxo_DB8-48299079-0.pdb	-85.0983	-74.5983	-10.5	0	18.1538
cav4mxo_DB8-61056455-0.pdb	-89.7763	-89.7763	0	0	21
cav4mxo_DB8-63248158-0.pdb	-95.2613	-84.8741	-10.3872	0	24.5417
cav4mxo_DB8-66066361-0.pdb	-117.539	-103.415	-14.1241	0	18.525
cav4mxo_DB8-72315533-0.pdb	-99.096	-78.8262	-20.2698	0	15.9412
cav4mxo_DB8-74423080-0.pdb	-94.4497	-89.9716	-4.47817	0	26.3462
cav4mxo_DB8-74463386-0.pdb	-84.6508	-81.1508	-3.5	0	21
cav4mxo_DB8-78452518-0.pdb	-78.7272	-65.9754	-12.7518	0	26.4737
cav4mxo_DB8-78650994-0.pdb	-81.3928	-60.4392	-20.9537	0	18.4545
cav4mxo_DB8-80443341-0.pdb	-78.543	-72.543	-6	0	24.3
cav4mxo_DB8-80443347-0.pdb	-81.3066	-71.2408	-10.0658	0	22.2174
cav4mxo_DB8-90092964-0.pdb	-92.6797	-71.1428	-21.5369	0	24.2609
cav4mxo_DB8-92606055-0.pdb	-44.4325	-34.3305	-10.102	0	26.3158
cav4mxo_DB8-95347324-0.pdb	-90.2209	-71.3334	-18.8876	0	17.9259
cav4mxo_DB8-97084569-0.pdb	-79.7704	-57.2603	-22.5101	0	18.4762
cav4mxo_DB8-110577998-0.pdb	-96.3122	-79.92	-16.3922	0	21.3125
cav4mxo_DB8-121819829-0.pdb	-84.0862	-72.6861	-11.4001	0	25.4091
cav4mxo_DB8-133187963-0.pdb	-68.7018	-61.7018	-7	0	21.8421
cav4mxo_DB8-142796852-0.pdb	-77.2944	-64.7079	-12.5865	0	17.7826
cav4mxo_DB8-153817010-0.pdb	-96.2206	-91.1878	-5.03283	0	23.72
cav4mxo_DB8-154186123-0.pdb	-82.2687	-74.5941	-7.67459	0	19.8333
cav4mxo_DB8-175023581-0.pdb	-83.9773	-83.9773	0	0	21.84
cav4mxo_DB8-176205125-0.pdb	-89.659	-80.2267	-9.43227	0	19.5769
cav4mxo_DB8-179933663-0.pdb	-98.4594	-78.3295	-20.1298	0	18.6207
cav4mxo_DB8-180880735-0.pdb	-92.5464	-71.5464	-21	0	17.0769
cav4mxo_DB8-185015159-0.pdb	-92.833	-80.3072	-12.5258	0	21.8077
cav4mxo_DB8-190415177-0.pdb	-79.7421	-71.5617	-8.18044	0	18.92
cav4mxo_DB8-191957044-0.pdb	-96.5387	-89.8587	-6.68001	0	26.75
cav4mxo_DB8-191958133-0.pdb	-76.8156	-70.846	-5.96959	0	19.0833
cav4mxo_DB8-192784709-0.pdb	-89.2167	-79.1545	-10.0622	0	21.2692
cav4mxo_DB8-272474011-0.pdb	-77.2928	-54.1223	-23.1706	0	16.3636
cav4mxo_DB8-274568161-0.pdb	-84.9865	-64.5756	-20.4108	0	23.4737
cav4mxo_DB8-275410872-0.pdb	-88.8427	-80.4343	-8.40835	0	25
cav4mxo_DB8-275521428-0.pdb	-81.4619	-72.6038	-8.85808	0	18.8519
cav4mxo_DB8-276427411-0.pdb	-73.9371	-65.149	-8.78814	0	21.8636
cav4mxo_DB8-281225689-0.pdb	-80.3231	-59.899	-20.4241	0	20.04
cav4mxo_DB8-298341246-0.pdb	-91.5238	-84.8909	-6.63286	0	24.1304
cav4mxo_DB8-301241317-0.pdb	-83.0372	-80.5391	-2.49811	0	22.8
cav4mxo_DB8-301606445-0.pdb	-83.7179	-73.9124	-9.80557	0	22.9545
cav4mxo_DB8-301812130-0.pdb	-71.518	-65.4719	-6.04605	0	20.3043
cav4mxo_DB8-301821417-0.pdb	-93.0581	-82.5581	-10.5	0	18.8276
cav4mxo_DB8-301821418-0.pdb	-100.204	-77.6771	-22.5271	0	18.5862
cav4mxo_DB8-302587653-0.pdb	-91.5427	-75.487	-16.0557	0	22.0385
cav4mxo_DB8-302865957-0.pdb	-92.6602	-77.0159	-15.6443	0	21.7037
cav4mxo_DB8-328610867-0.pdb	-93.9415	-71.4177	-22.5237	0	19.76
cav4mxo_DB8-328615120-0.pdb	-82.7353	-76.124	-6.61121	0	22.2
cav4mxo_DB8-328615121-0.pdb	-81.9821	-78.4821	-3.5	0	22.4
cav4mxo_DB8-331567802-0.pdb	-90.0826	-83.2014	-6.88119	0	21.88
cav4mxo_DB8-331567825-0.pdb	-80.2663	-58.6405	-21.6258	0	22.24
cav4mxo_DB8-340713872-0.pdb	-75.8085	-66.4123	-9.39619	0	22.2
cav4mxo_DB8-342542507-0.pdb	-88.6917	-64.5147	-24.177	0	18.5
cav4mxo_DB8-346327266-0.pdb	-78.4495	-70.8577	-7.59182	0	27.7895
cav4mxo_DB8-413438134-0.pdb	-79.4243	-72.4243	-7	0	21.2083
cav4mxo_DB8-432928489-0.pdb	-65.0375	-50.9013	-14.1362	0	23.1579
cav4mxo_DB8-434198808-0.pdb	-92.8277	-85.8277	-7	0	21.2143
cav4mxo_DB8-448539215-0.pdb	-90.7751	-76.122	-14.6531	0	21.4231
cav4mxo_DB8-465458184-0.pdb	-109.143	-89.2813	-19.8622	0	19.6765
cav4mxo_DB8-480424186-0.pdb	-99.9932	-82.1139	-17.8793	0	19.4138
cav4mxo_DB8-486493070-0.pdb	-102.092	-85.7448	-16.3469	0	22.6071
cav4mxo_DB8-486630701-0.pdb	-97.321	-74.7684	-22.5526	0	18.6552
cav4mxo_DB8-497645391-0.pdb	-87.6768	-61.5298	-26.147	0	17.375
cav4mxo_DB8-503630885-0.pdb	-107.767	-90.5445	-17.2228	0	22.5357
cav4mxo_DB8-505727902-0.pdb	-84.0403	-72.6228	-11.4175	0	26.6316
cav4mxo_DB8-513154648-0.pdb	-97.7862	-83.2576	-14.5286	0	16.1212
cav4mxo_DB8-522734250-0.pdb	-91.8688	-88.3688	-3.5	0	17.9063
cav4mxo_DB8-528132703-0.pdb	-95.823	-77.512	-18.311	0	27.0417
cav4mxo_DB8-528225338-0.pdb	-84.2288	-78.1066	-6.12221	0	22.5
cav4mxo_DB8-568475436-0.pdb	-90.1307	-72.6418	-17.489	0	26.2273
cav4mxo_DB8-574859244-0.pdb	-87.1361	-68.4028	-18.7334	0	24.125
cav4mxo_DB8-578223565-0.pdb	-77.2408	-67.1907	-10.0502	0	23.6
cav4mxo_DB8-579729807-0.pdb	-81.7118	-72.2118	-9.5	0	22.7273
cav4mxo_DB8-583242790-0.pdb	-92.7495	-81.1229	-11.6266	0	18.2759
cav4mxo_DB8-590839569-0.pdb	-107.811	-101.811	-6	0	19.8857
cav4mxo_DB8-614216777-0.pdb	-78.7974	-58.596	-20.2014	0	17.2692
cav4mxo_DB8-624177239-0.pdb	-80.2203	-69.7203	-10.5	0	19.9167
cav4mxo_DB8-624284667-0.pdb	-91.3976	-75.2979	-16.0997	0	24.9583
cav4mxo_DB8-630332898-0.pdb	-85.1421	-75.4769	-9.66523	0	21.9583
cav4mxo_DB8-630541635-0.pdb	-84.8979	-71.7355	-13.1624	0	23.1667
cav4mxo_DB8-630541638-0.pdb	-88.9326	-72.1746	-16.758	0	19.9583
cav4mxo_DB8-641655354-0.pdb	-87.4926	-77.4638	-10.0288	0	21.8333
cav4mxo_DB8-647138905-0.pdb	-90.8023	-73.7535	-17.0488	0	22.9583
cav4mxo_DB8-647138906-0.pdb	-82.9241	-76.9465	-5.97759	0	20.9167
cav4mxo_DB8-653474690-0.pdb	-77.7534	-58.0409	-19.7125	0	18.1818
cav4mxo_DB8-663701736-0.pdb	-85.5972	-71.2668	-14.3304	0	24.2609
cav4mxo_DB8-664587938-0.pdb	-66.9039	-56.4039	-10.5	0	18.4
cav4mxo_DB8-664681553-0.pdb	-83.8227	-73.8655	-9.95724	0	21.4348
cav4mxo_DB8-665705827-0.pdb	-83.3149	-63.9888	-19.3261	0	20.4545
cav4mxo_DB8-665709163-0.pdb	-72.2619	-62.1078	-10.154	0	26.3889
cav4mxo_DB8-665754685-0.pdb	-84.4088	-80.9088	-3.5	0	22.72
cav4mxo_DB8-668825398-0.pdb	-95.2493	-72.247	-23.0023	0	20.7308
cav4mxo_DB8-669652551-0.pdb	-83.4119	-65.4199	-17.992	0	22.45
cav4mxo_DB8-669652552-0.pdb	-94.3162	-76.3398	-17.9764	0	25.6
cav4mxo_DB8-678392968-0.pdb	-74.7922	-57.312	-17.4802	0	21.5294
cav4mxo_DB8-747621969-0.pdb	-87.8433	-71.5714	-16.2719	0	19.9583
cav4mxo_DB8-771710410-0.pdb	-92.4298	-84.2622	-8.16752	0	21.4
cav4mxo_DB8-771710412-0.pdb	-79.2418	-67.3235	-11.9183	0	19.96
cav4mxo_DB8-775707993-0.pdb	-81.4941	-76.8786	-4.61547	0	23.0833
cav4mxo_DB8-790283204-0.pdb	-101.449	-74.7912	-26.6573	0	23.6667
cav4mxo_DB8-790945010-0.pdb	-79.3502	-77.8748	-1.47534	0	21.2917
cav4mxo_DB8-827603701-0.pdb	-89.3865	-87.0836	-2.30287	0	21.1786
cav4mxo_DB8-872455131-0.pdb	-72.8551	-69.5258	-3.32925	0	22.7391
cav4mxo_DB8-892894825-0.pdb	-87.7032	-76.4217	-11.2815	0	28.2105
cav4mxo_DB8-893461255-0.pdb	-89.539	-78.9126	-10.6264	0	26.6818
cav4mxo_DB8-895742824-0.pdb	-89.077	-70.2947	-18.7823	0	23.8571
cav4mxo_DB8-898726031-0.pdb	-77.6825	-67.1825	-10.5	0	23.0476
cav4mxo_DB8-899174537-0.pdb	-86.9124	-77.4922	-9.42022	0	18.5
cav4mxo_DB8-930236002-0.pdb	-80.1735	-67.5188	-12.6547	0	19.8571
cav4mxo_DB8-930781992-0.pdb	-90.8728	-87.431	-3.44173	0	19.6071
cav4mxo_DB8-932138740-0.pdb	-84.9336	-82.0031	-2.93056	0	21.9583
cav4mxo_DB8-932436643-0.pdb	-75.9247	-72.9673	-2.95739	0	25.2609
cav4mxo_DB8-952889807-0.pdb	-90.4765	-73.5577	-16.9188	0	21.4348
cav4mxo_DB8-956944795-0.pdb	-78.7713	-68.8115	-9.95981	0	23.2174
cav4mxo_DB8-956944796-0.pdb	-80.6769	-68.0692	-12.6077	0	20.3043
cav4mxo_DB8-1120625661-0.pdb	-79.5389	-64.6913	-14.8475	0	18.6957
cav4mxo_DB8-1174885768-0.pdb	-72.1428	-63.3389	-8.80388	0	24.25
cav4mxo_DB8-1175164193-0.pdb	-80.505	-72.009	-8.49603	0	24.25
cav4mxo_DB8-1186757257-0.pdb	-59.2008	-44.4838	-14.717	0	25.625
cav4mxo_DB8-1262209363-0.pdb	-72.7318	-66.628	-6.10385	0	21.6818
cav4mxo_DB8-1306985536-0.pdb	-71.1585	-64.1585	-7	0	22.6
cav4mxo_DB8-1331956343-0.pdb	-94.4706	-73.9554	-20.5152	0	21.4
cav4mxo_DB8-1337303424-0.pdb	-82.3496	-72.3042	-10.0454	0	24.0909
cav4mxo_DB8-1337555577-0.pdb	-76.4501	-72.0924	-4.35775	0	26.55
cav4mxo_DB8-1338083830-0.pdb	-84.6579	-66.4344	-18.2235	0	19.8095
cav4mxo_DB8-1339808042-0.pdb	-90.7566	-68.3595	-22.3971	0	27.7
cav4mxo_DB8-1342613141-0.pdb	-92.7818	-79.5376	-13.2442	0	27.8182
cav4mxo_DB8-1342613144-0.pdb	-93.1547	-79.3828	-13.7719	0	27.8636
cav4mxo_DB8-1472785679-0.pdb	-80.3263	-67.1277	-13.1986	0	22.9048
cav4mxo_DB8-1516027740-0.pdb	-85.1198	-65.5778	-19.542	0	20.0455
cav4mxo_DB8-1604316247-0.pdb	-78.3116	-73.3429	-5.76191	0.793239	19.875
cav4mxo_DB8-1604316248-0.pdb	-95.7281	-81.1432	-14.8892	0.304305	25.0417
cav4mxo_DB8-1611872747-0.pdb	-102.114	-91.6619	-10.4518	0	24.3462
cav4mxo_DB8-1614692408-0.pdb	-87.0219	-64.3512	-22.6708	0	18.875
cav4mxo_DB8-1615611253-0.pdb	-77.6127	-72.6671	-4.94558	0	21.1739
cav4mxo_DB8-1772572789-0.pdb	-91.3712	-74.9294	-16.4418	0	19.9394
cav4mxo_DB8-1772811673-0.pdb	-76.4172	-70.0351	-6.38204	0	23.6
cav4mxo_DB8-1772812746-0.pdb	-79.5136	-68.311	-11.2027	0	29.9
cav4mxo_DB8-1772812748-0.pdb	-79.3301	-72.7064	-6.62379	0	23.45
cav4mxo_DB8-1775971237-0.pdb	-91.9012	-75.4283	-16.4729	0	21.0741
cav4mxo_DB8-1775972811-0.pdb	-76.8359	-63.3562	-13.4797	0	23.8696
cav4mxo_DB8-1775988444-0.pdb	-70.0418	-66.5418	-3.5	0	18.8636
cav4mxo_DB8-1775997280-0.pdb	-88.4637	-69.9398	-18.5239	0	20.6667
cav4mxo_DB8-1776002391-0.pdb	-70.4631	-64.4301	-6.03301	0	19.8636
cav4mxo_DB8-1776002396-0.pdb	-77.557	-77.557	0	0	22.3478
cav4mxo_DB8-1776003201-0.pdb	-104.628	-94.701	-9.92673	0	22.7857
cav4mxo_DB8-1776003255-0.pdb	-97.9933	-81.2875	-16.7058	0	20.2308
cav4mxo_DB8-1776111702-0.pdb	-105.11	-94.2672	-10.8424	0	18.5556
cav4mxo_DB8-1857667472-0.pdb	-91.4676	-75.613	-15.8546	0	26.087
cav4mxo_DB8-1857667473-0.pdb	-77.2326	-60.6582	-16.5743	0	18.5652
cav4mxo_DB8-1857679496-0.pdb	-83.0584	-75.4857	-7.57278	0	25.6087
cav4mxo_DB8-1857680662-0.pdb	-79.0195	-72.0195	-7	0	22.8182
cav4mxo_DB8-1857692157-0.pdb	-85.0997	-73.7115	-11.3882	0	21.125
cav4mxo_DB8-1857692158-0.pdb	-88.219	-81.3057	-6.91327	0	21.4167
cav4mxo_DB8-1857700351-0.pdb	-80.5591	-73.1645	-7.39459	0	22.5652
cav4mxo_DB8-1857708016-0.pdb	-85.2197	-77.3993	-7.82039	0	24.6522
cav4mxo_DB8-1857711226-0.pdb	-80.8027	-71.724	-9.07866	0	19.4783
cav4mxo_DB8-1875259509-0.pdb	-103.116	-102.657	-0.459694	0	19.7941
cav4mxo_DB8-1875267050-0.pdb	-84.737	-77.8244	-6.91258	0	22.7083
cav4mxo_DB8-1875270332-0.pdb	-86.0226	-71.1224	-14.9002	0	21.4783
cav4mxo_DB8-1875270333-0.pdb	-78.8341	-55.7096	-23.1245	0	17
cav4mxo_DB8-1875282056-0.pdb	-82.3954	-70.4959	-11.8995	0	22.4286
cav4mxo_DB8-1875283398-0.pdb	-83.9677	-66.9485	-17.0192	0	19.7826
cav4mxo_DB8-1875286782-0.pdb	-78.8693	-70.7881	-8.08127	0	22.381
cav4mxo_DB8-1875288042-0.pdb	-92.1571	-73.9749	-18.1822	0	20.0435
cav4mxo_DB8-1875300030-0.pdb	-95.6367	-89.8067	-5.82993	0	20.3333
cav4mxo_DB8-1875309263-0.pdb	-93.0382	-72.2041	-20.8341	0	22.32
cav4mxo_DB8-1875318097-0.pdb	-94.1793	-84.6793	-9.5	0	18.9
cav4mxo_DB8-1875321053-0.pdb	-63.9827	-57.1758	-6.80684	0	25.1176
cav4mxo_DB8-1875323713-0.pdb	-69.9548	-63.2435	-6.71138	0	20.15
cav4mxo_DB8-1875323714-0.pdb	-73.3977	-66.3977	-7	0	20.55
cav4mxo_DB8-1875333279-0.pdb	-77.0179	-49.357	-27.6609	0	19.15
cav4mxo_DB8-1875334796-0.pdb	-94.5944	-79.192	-15.4024	0	18
cav4mxo_DB8-1875334797-0.pdb	-92.6864	-78.8149	-13.8715	0	18.1875
cav4mxo_DB8-1875334815-0.pdb	-82.0033	-66.4258	-15.5775	0	18.4583
cav4mxo_DB8-1875334947-0.pdb	-71.8463	-68.3463	-3.5	0	18.6087
cav4mxo_DB8-1875339735-0.pdb	-99.2794	-82.2211	-17.0583	0	23.28
cav4mxo_DB8-1875342395-0.pdb	-88.4323	-70.5682	-17.8641	0	21.8261
cav4mxo_DB8-1875352049-0.pdb	-90.107	-79.607	-10.5	0	20.6429
cav4mxo_DB8-1875352229-0.pdb	-88.8479	-75.6062	-13.2417	0	18.5172
cav4mxo_DB8-1875358993-0.pdb	-90.9698	-80.6063	-10.3635	0	19.4
cav4mxo_DB8-1875387293-0.pdb	-111.575	-96.6118	-14.9633	0	20.0606
cav4mxo_DB8-1875389351-0.pdb	-83.0348	-72.5135	-10.5213	0	14.375
cav4mxo_DB8-1875403736-0.pdb	-93.6871	-81.3733	-12.3138	0	21.4615
cav4mxo_DB8-1888906599-0.pdb	-64.0285	-54.7723	-9.25615	0	19.8333
cav4mxo_DB8-1888906720-0.pdb	-73.2863	-64.8537	-8.43265	0	26
cav4mxo_DB8-1888906812-0.pdb	-70.4598	-56.4598	-14	0	19.0952
cav4mxo_DB8-1888908386-0.pdb	-69.4942	-67.7637	-1.73052	0	21.8636
cav4mxo_DB8-1888908387-0.pdb	-76.9901	-66.4284	-10.5617	0	20.0909
cav4mxo_DB8-1888913245-0.pdb	-52.9142	-44.9944	-7.91984	0	22.2727
cav4mxo_DB8-1888913294-0.pdb	-78.1427	-57.9649	-20.1778	0	16.7917
cav4mxo_DB8-1888913295-0.pdb	-77.5951	-67.6761	-9.91893	0	18.9167
cav4mxo_DB8-1888986378-0.pdb	-82.2747	-82.2747	0	0	21.76
cav4mxo_DB8-1889040386-0.pdb	-96.9187	-86.1134	-10.8053	0	18.4848
cav4mxo_DB8-1889186325-0.pdb	-82.9666	-76.1113	-6.85531	0	26.3333
cav4mxo_DB8-1889186675-0.pdb	-85.8371	-75.3829	-10.4542	0	25.9048
cav4mxo_DB8-2037838333-0.pdb	-76.2595	-66.9417	-9.31783	0	20.0455
cav4mxo_DB8-2037880194-0.pdb	-96.4204	-87.6645	-8.7559	0	22.871
cav4mxo_DB8-2086865341-0.pdb	-82.3678	-78.887	-3.48084	0	24.381
cav4mxo_DB8-2087045484-0.pdb	-79.7434	-73.0257	-6.71763	0	20.75
cav4mxo_DB8-2087045485-0.pdb	-80.3464	-68.2181	-12.1283	0	19.1667
cav4mxo_DB8-2100480689-0.pdb	-101.316	-82.3114	-19.0051	0	20.8148
cav4mxo_DB8-2100534587-0.pdb	-88.298	-81.298	-7	0	21.64
cav4mxo_DB8-2100539649-0.pdb	-97.5927	-76.9386	-20.6541	0	21.4167
cav4mxo_DB8-2325700251-0.pdb	-107.596	-86.6743	-20.9215	0	21.2414
cav4mxo_DB8-2325704401-0.pdb	-99.9069	-89.255	-10.6519	0	18.303
cav4mxo_DB8-2325732850-0.pdb	-83.7957	-72.2238	-11.5719	0	28.35
cav4mxo_DB8-2325739807-0.pdb	-95.7345	-80.2468	-15.4877	0	20.4074
cav4mxo_DB8-2325774156-0.pdb	-79.6338	-69.3773	-10.2564	0	20.2273
cav4mxo_DB8-2325786897-0.pdb	-77.0923	-67.3655	-9.7268	0	26.5
cav4mxo_DB8-2325810563-0.pdb	-81.4956	-77.9956	-3.5	0	23.1304
cav4mxo_DB8-2325818776-0.pdb	-72.581	-61.5144	-11.0666	0	22
cav4mxo_DB8-2325824596-0.pdb	-98.472	-94.4073	-4.06468	0	22.7667
cav4mxo_DB8-2325825025-0.pdb	-104.768	-84.5579	-20.2101	0	18.9
cav4mxo_DB8-2325825321-0.pdb	-99.6295	-96.3065	-3.32305	0	21.3
cav4mxo_DB8-2325825322-0.pdb	-101.358	-97.8578	-3.5	0	21.9667
cav4mxo_DB8-2325827712-0.pdb	-94.6611	-62.2708	-32.3902	0	16.5806
cav4mxo_DB8-2325830885-0.pdb	-110.052	-86.3174	-23.735	0	16.8378
cav4mxo_DB8-2325831987-0.pdb	-128.503	-104.948	-23.5553	0	14.9608
cav4mxo_DB8-2325841329-0.pdb	-92.0869	-76.2095	-15.8774	0	18.5385
cav4mxo_DB8-2325843629-0.pdb	-82.7773	-76.4107	-6.3666	0	17.0476
cav4mxo_DB8-2325844257-0.pdb	-108.477	-103.448	-5.02913	0	14.4167
cav4mxo_DB8-2325860377-0.pdb	-82.9504	-73.7237	-9.22673	0	24.2609
cav4mxo_DB8-2325862250-0.pdb	-101.748	-84.176	-17.5717	0	22.7857
cav4mxo_DB8-2325870620-0.pdb	-86.2785	-63.6895	-22.589	0	19.087
cav4mxo_DB8-2325870855-0.pdb	-90.7437	-71.0955	-19.6481	0	23.25
cav4mxo_DB8-2325870856-0.pdb	-83.6147	-73.8932	-9.7215	0	24
cav4mxo_DB8-2325875954-0.pdb	-89.5878	-78.6328	-12.7042	1.74921	22.72
cav4mxo_DB8-2325875955-0.pdb	-96.5022	-90.1042	-7.41628	1.01836	24.84
cav4mxo_DB8-2325876257-0.pdb	-104.985	-90.09	-14.8953	0	20.4333
cav4mxo_DB8-2356135070-0.pdb	-89.8157	-87.1475	-2.66821	0	22.963
cav4mxo_DB8-2356147972-0.pdb	-88.2372	-81.2372	-7	0	22.5833
cav4mxo_DB8-2356149515-0.pdb	-88.5428	-77.0321	-11.5108	0	22.3333
cav4mxo_DB8-2356150303-0.pdb	-82.934	-63.6389	-19.2951	0	23.8182
cav4mxo_DB8-2356152769-0.pdb	-93.5157	-58.6505	-34.8652	0	17.96
cav4mxo_DB8-2356153831-0.pdb	-88.1492	-83.8451	-4.30412	0	23.52
cav4mxo_DB8-2356156500-0.pdb	-86.0665	-74.5684	-11.4981	0	18.8846
cav4mxo_DB8-2356169402-0.pdb	-98.9333	-68.5866	-30.3467	0	20.0833
cav4mxo_DB8-2356170311-0.pdb	-81.3562	-70.8562	-10.5	0	26.8261
cav4mxo_DB8-ZINC000000083743-0.pdb	-93.5445	-79.5445	-14	0	21.28
cav4mxo_DB8-ZINC000000104097-0.pdb	-84.1752	-73.9597	-10.2155	0	26.5455
cav4mxo_DB8-ZINC000000144049-0.pdb	-69.1004	-65.6004	-3.5	0	19.5238
cav4mxo_DB8-ZINC000000183193-0.pdb	-85.6519	-71.6947	-13.9573	0	19.8
cav4mxo_DB8-ZINC000000195122-0.pdb	-86.3221	-84.24	-2.08215	0	23.52
cav4mxo_DB8-ZINC000000200574-0.pdb	-84.2821	-81.567	-2.71506	0	21.96
cav4mxo_DB8-ZINC000000200584-0.pdb	-82.9642	-75.2683	-7.69586	0	21.76
cav4mxo_DB8-ZINC000000245257-0.pdb	-71.1923	-67.8251	-3.36718	0	25
cav4mxo_DB8-ZINC000000256336-0.pdb	-76.3787	-76.3787	0	0	23.7
cav4mxo_DB8-ZINC000000320590-0.pdb	-99.3087	-83.5697	-15.7389	0	22
cav4mxo_DB8-ZINC000000320592-0.pdb	-87.0264	-72.7797	-14.2466	0	19.7917
cav4mxo_DB8-ZINC000000320594-0.pdb	-94.9136	-81.2826	-13.631	0	21.16
cav4mxo_DB8-ZINC000000348947-0.pdb	-74.9364	-68.5676	-6.36886	0	22.3478
cav4mxo_DB8-ZINC000000411487-0.pdb	-80.271	-80.271	0	0	22
cav4mxo_DB8-ZINC000000426382-0.pdb	-92.8378	-82.3427	-10.4952	0	23.72
cav4mxo_DB8-ZINC000000459730-0.pdb	-80.4997	-77.1263	-3.37342	0	23.2273
cav4mxo_DB8-ZINC000000521923-0.pdb	-79.1926	-76.254	-2.93854	0	19.84
cav4mxo_DB8-ZINC000000554442-0.pdb	-78.7018	-77.0003	-1.7015	0	22.619
cav4mxo_DB8-ZINC000000639677-0.pdb	-93.0182	-79.0182	-14	0	19.6296
cav4mxo_DB8-ZINC000000645447-0.pdb	-87.7283	-79.8321	-7.89621	0	22.1923
cav4mxo_DB8-ZINC000000648840-0.pdb	-91.7536	-80.5356	-11.2181	0	17.5
cav4mxo_DB8-ZINC000000648974-0.pdb	-110.382	-100.178	-10.2043	0	21.9697
cav4mxo_DB8-ZINC000000648977-0.pdb	-87.6564	-77.684	-9.9724	0	15.2121
cav4mxo_DB8-ZINC000000649085-0.pdb	-87.0085	-83.5085	-3.5	0	17.2286
cav4mxo_DB8-ZINC000000649086-0.pdb	-96.6047	-91.54	-5.06466	0	20.2941
cav4mxo_DB8-ZINC000000649089-0.pdb	-86.258	-78.4131	-7.84491	0	15.2
cav4mxo_DB8-ZINC000000649101-0.pdb	-98.8602	-81.7348	-17.1254	0	17.7222
cav4mxo_DB8-ZINC000000649116-0.pdb	-96.7074	-81.5713	-15.1361	0	17.0294
cav4mxo_DB8-ZINC000000649122-0.pdb	-103.273	-99.7733	-3.5	0	19.2571
cav4mxo_DB8-ZINC000000649296-0.pdb	-105.49	-89.0481	-16.4421	0	22.5641
cav4mxo_DB8-ZINC000000649527-0.pdb	-106.108	-95.6083	-10.5	0	20.303
cav4mxo_DB8-ZINC000000649540-0.pdb	-94.3409	-86.6904	-7.65053	0	17.4706
cav4mxo_DB8-ZINC000000649564-0.pdb	-102.033	-88.9352	-13.0982	0	18.8286
cav4mxo_DB8-ZINC000000649569-0.pdb	-88.4217	-81.9858	-6.43587	0	16.697
cav4mxo_DB8-ZINC000000787947-0.pdb	-96.0303	-75.7219	-20.3084	0	21.625
cav4mxo_DB8-ZINC000000787996-0.pdb	-97.9393	-83.952	-13.9873	0	20.3704
cav4mxo_DB8-ZINC000000799069-0.pdb	-79.9223	-77.1582	-2.76409	0	21.68
cav4mxo_DB8-ZINC000000806640-0.pdb	-71.9907	-61.7424	-10.2483	0	21.6842
cav4mxo_DB8-ZINC000000815293-0.pdb	-77.8776	-74.4157	-3.46187	0	17.3929
cav4mxo_DB8-ZINC000000815310-0.pdb	-80.9935	-78.0041	-2.98937	0	19.3077
cav4mxo_DB8-ZINC000000815364-0.pdb	-72.3972	-69.1823	-3.21494	0	17.8077
cav4mxo_DB8-ZINC000000997744-0.pdb	-90.0407	-84.2157	-5.82498	0	20.5
cav4mxo_DB8-ZINC000001003098-0.pdb	-75.5504	-68.1629	-7.38758	0	19.5385
cav4mxo_DB8-ZINC000001003166-0.pdb	-81.7206	-74.0256	-7.69503	0	17.9032
cav4mxo_DB8-ZINC000001003196-0.pdb	-98.3151	-85.2884	-13.0268	0	18.3714
cav4mxo_DB8-ZINC000001056841-0.pdb	-93.1129	-87.9977	-5.11512	0	27.6
cav4mxo_DB8-ZINC000001060349-0.pdb	-72.3742	-72.3742	0	0	15.8065
cav4mxo_DB8-ZINC000001061866-0.pdb	-66.3981	-62.9283	-3.46973	0	21.7778
cav4mxo_DB8-ZINC000001071552-0.pdb	-99.717	-85.986	-13.7311	0	20.5667
cav4mxo_DB8-ZINC000001073564-0.pdb	-88.8099	-85.7677	-3.0422	0	19.8621
cav4mxo_DB8-ZINC000001074082-0.pdb	-89.7524	-82.7524	-7	0	18.4483
cav4mxo_DB8-ZINC000001112169-0.pdb	-90.8793	-90.8793	0	0	21.3333
cav4mxo_DB8-ZINC00001304002-0.pdb	-80.0585	-73.0695	-6.98898	0	23.48
cav4mxo_DB8-ZINC000001326755-0.pdb	-83.1379	-68.7033	-14.4346	0	25.2381
cav4mxo_DB8-ZINC000001334841-0.pdb	-93.241	-87.7799	-5.46113	0	20.3871
cav4mxo_DB8-ZINC000001339486-0.pdb	-101.362	-91.0453	-10.3166	0	16.2432
cav4mxo_DB8-ZINC000001368931-0.pdb	-71.1999	-67.6999	-3.5	0	18.381
cav4mxo_DB8-ZINC000001386794-0.pdb	-86.0273	-76.5282	-9.4991	0	25.381
cav4mxo_DB8-ZINC000001386800-0.pdb	-83.9175	-77.1282	-6.7893	0	25.6522
cav4mxo_DB8-ZINC000001387062-0.pdb	-77.5933	-70.6044	-6.98896	0	26.5
cav4mxo_DB8-ZINC000001387071-0.pdb	-79.4815	-68.9815	-10.5	0	25.9
cav4mxo_DB8-ZINC000001406300-0.pdb	-67.7521	-64.2521	-3.5	0	23.3889
cav4mxo_DB8-ZINC000001468185-0.pdb	-80.2744	-76.7744	-3.5	0	19.32
cav4mxo_DB8-ZINC000001562381-0.pdb	-78.218	-67.7558	-10.4622	0	21.3
cav4mxo_DB8-ZINC000001576938-0.pdb	-79.9524	-77.4846	-2.46783	0	24.5909
cav4mxo_DB8-ZINC000001576943-0.pdb	-92.3723	-92.3723	0	0	21.8571
cav4mxo_DB8-ZINC000001576944-0.pdb	-88.7841	-85.2841	-3.5	0	19.6667
cav4mxo_DB8-ZINC000001581350-0.pdb	-72.4472	-69.5392	-2.90798	0	23.6
cav4mxo_DB8-ZINC000001584923-0.pdb	-103.25	-97.2959	-5.95394	0	23.0741
cav4mxo_DB8-ZINC000001672337-0.pdb	-78.5687	-75.0687	-3.5	0	21.3333
cav4mxo_DB8-ZINC000001718464-0.pdb	-77.0845	-66.5845	-10.5	0	26.3684
cav4mxo_DB8-ZINC000001718465-0.pdb	-80.7442	-74.2598	-6.48447	0	25.8947
cav4mxo_DB8-ZINC000001718487-0.pdb	-80.1514	-76.8023	-3.34907	0	19.52
cav4mxo_DB8-ZINC000001773015-0.pdb	-92.0865	-88.5865	-3.5	0	21.4286
cav4mxo_DB8-ZINC000001831844-0.pdb	-86.1884	-78.2916	-7.89679	0	24.04
cav4mxo_DB8-ZINC000001845560-0.pdb	-77.4944	-63.4944	-14	0	19.65
cav4mxo_DB8-ZINC000002079778-0.pdb	-91.7995	-91.7995	0	0	19.375
cav4mxo_DB8-ZINC000002081258-0.pdb	-97.1004	-91.3391	-5.76127	0	19.8387
cav4mxo_DB8-ZINC000002081490-0.pdb	-87.3707	-84.2555	-3.11521	0	19.7143
cav4mxo_DB8-ZINC000002081506-0.pdb	-89.1747	-82.1747	-7	0	18.6333
cav4mxo_DB8-ZINC000002081549-0.pdb	-90.8725	-90.8725	0	0	19.2759
cav4mxo_DB8-ZINC000002081697-0.pdb	-87.7846	-84.2846	-3.5	0	18.4138
cav4mxo_DB8-ZINC000002081757-0.pdb	-90.021	-90.021	0	0	21.5517
cav4mxo_DB8-ZINC000002084508-0.pdb	-87.2789	-87.2789	0	0	20.931
cav4mxo_DB8-ZINC000002086044-0.pdb	-89.321	-82.446	-6.87501	0	19.1379
cav4mxo_DB8-ZINC000002106201-0.pdb	-92.0843	-92.0843	0	0	18.0882
cav4mxo_DB8-ZINC000002107769-0.pdb	-83.1951	-80.4516	-2.74352	0	18.1471
cav4mxo_DB8-ZINC000002107792-0.pdb	-93.2022	-82.3854	-10.8168	0	19.4571
cav4mxo_DB8-ZINC000002107799-0.pdb	-106.855	-101.087	-5.76763	0	22.4
cav4mxo_DB8-ZINC000002107802-0.pdb	-80.789	-77.7689	-3.02005	0	20.3077
cav4mxo_DB8-ZINC000002107808-0.pdb	-81.3231	-77.8231	-3.5	0	15.3824
cav4mxo_DB8-ZINC000002107812-0.pdb	-84.2067	-71.7284	-12.4784	0	14.7353
cav4mxo_DB8-ZINC000002107819-0.pdb	-102.212	-92.1808	-10.0314	0	18.5556
cav4mxo_DB8-ZINC000002107823-0.pdb	-95.8226	-85.2988	-10.5238	0	19.1765
cav4mxo_DB8-ZINC000002107831-0.pdb	-95.6016	-92.1016	-3.5	0	16.475
cav4mxo_DB8-ZINC000002107845-0.pdb	-100.985	-96.8684	-4.11657	0	21.2
cav4mxo_DB8-ZINC000002107848-0.pdb	-93.3653	-82.7802	-10.5851	0	23.2941
cav4mxo_DB8-ZINC000002108009-0.pdb	-93.1988	-86.6745	-6.52428	0	16.3889
cav4mxo_DB8-ZINC000002108762-0.pdb	-102.243	-93.3614	-8.88131	0	18.2381
cav4mxo_DB8-ZINC000002108932-0.pdb	-107.186	-100.712	-6.47387	0	22.2
cav4mxo_DB8-ZINC000002115031-0.pdb	-85.3005	-75.8496	-9.4509	0	15.9091
cav4mxo_DB8-ZINC000002198444-0.pdb	-89.0392	-82.5292	-6.50991	0	20.2222
cav4mxo_DB8-ZINC000002205320-0.pdb	-82.6748	-72.5607	-10.114	0	19.2692
cav4mxo_DB8-ZINC000002266749-0.pdb	-86.9706	-86.9706	0	0	23.2692
cav4mxo_DB8-ZINC000002267140-0.pdb	-81.019	-81.019	0	0	19.963
cav4mxo_DB8-ZINC000002268205-0.pdb	-83.1835	-81.7728	-1.4107	0	22.1538
cav4mxo_DB8-ZINC000002270123-0.pdb	-88.6214	-85.1214	-3.5	0	20.8519
cav4mxo_DB8-ZINC000002334039-0.pdb	-87.6834	-77.8998	-9.78361	0	22.8519
cav4mxo_DB8-ZINC000002341883-0.pdb	-95.7599	-81.961	-13.7989	0	20.4643
cav4mxo_DB8-ZINC000002365648-0.pdb	-78.8963	-69.5693	-9.32701	0	28.3158
cav4mxo_DB8-ZINC000002571037-0.pdb	-66.0698	-58.8897	-7.18003	0	25.4118
cav4mxo_DB8-ZINC000002634582-0.pdb	-83.4368	-83.4368	0	0	21.24
cav4mxo_DB8-ZINC000002637436-0.pdb	-77.126	-70.126	-7	0	20.7083
cav4mxo_DB8-ZINC000002653597-0.pdb	-82.0862	-79.5862	-2.5	0	21.2083
cav4mxo_DB8-ZINC000002715176-0.pdb	-92.5208	-86.5208	-6	0	16.9063
cav4mxo_DB8-ZINC000002719599-0.pdb	-73.6796	-64.2324	-9.44724	0	26.8333
cav4mxo_DB8-ZINC000002726142-0.pdb	-87.6383	-85.1383	-2.5	0	19.6563
cav4mxo_DB8-ZINC000002729660-0.pdb	-96.7348	-96.7348	0	0	20.5517
cav4mxo_DB8-ZINC000002738338-0.pdb	-94.2777	-94.2777	0	0	20.069
cav4mxo_DB8-ZINC000002741683-0.pdb	-95.2075	-95.2075	0	0	19.7333
cav4mxo_DB8-ZINC000002746871-0.pdb	-74.1856	-68.1043	-6.08131	0	18.9167
cav4mxo_DB8-ZINC000002753343-0.pdb	-85.391	-81.4271	-3.96393	0	17.375
cav4mxo_DB8-ZINC000002766008-0.pdb	-87.0083	-81.0083	-6	0	16.1818
cav4mxo_DB8-ZINC000002768244-0.pdb	-94.2506	-84.1124	-10.1381	0	20.4545
cav4mxo_DB8-ZINC000002769570-0.pdb	-90.8946	-79.5463	-11.3482	0	20.84
cav4mxo_DB8-ZINC000002769897-0.pdb	-94.1677	-88.9292	-5.23858	0	17.8788
cav4mxo_DB8-ZINC000002769918-0.pdb	-84.4578	-79.953	-4.50487	0	16.0909
cav4mxo_DB8-ZINC000002769946-0.pdb	-94.4389	-87.0893	-7.34959	0	21.8148
cav4mxo_DB8-ZINC000002770025-0.pdb	-81.331	-78.6139	-2.71705	0	16.6471
cav4mxo_DB8-ZINC000002770098-0.pdb	-84.7298	-76.5117	-8.21811	0	19.1379
cav4mxo_DB8-ZINC000002770171-0.pdb	-83.2303	-79.7303	-3.5	0	19.5556
cav4mxo_DB8-ZINC000002770178-0.pdb	-95.7868	-89.7056	-6.08116	0	16.4865
cav4mxo_DB8-ZINC000002770288-0.pdb	-80.846	-78.5211	-2.32495	0	21.3704
cav4mxo_DB8-ZINC000002770309-0.pdb	-98.6696	-91.8917	-6.77793	0	17.0909
cav4mxo_DB8-ZINC000002770361-0.pdb	-78.1906	-76.0787	-2.11184	0	18
cav4mxo_DB8-ZINC000002770408-0.pdb	-93.4665	-89.9665	-3.5	0	16.1667
cav4mxo_DB8-ZINC000002770463-0.pdb	-87.6611	-78.1201	-9.54098	0	22
cav4mxo_DB8-ZINC000002770543-0.pdb	-119.47	-107.483	-11.9869	0	22.4242
cav4mxo_DB8-ZINC000002773581-0.pdb	-94.2775	-94.2775	0	0	20.5333
cav4mxo_DB8-ZINC000002776709-0.pdb	-74.4305	-71.7052	-2.72536	0	22
cav4mxo_DB8-ZINC000002776835-0.pdb	-70.5131	-70.5131	0	0	20.3043
cav4mxo_DB8-ZINC000002777565-0.pdb	-65.7052	-55.2052	-10.5	0	16.9545
cav4mxo_DB8-ZINC000002778700-0.pdb	-86.6238	-79.8394	-6.78436	0	17.7097
cav4mxo_DB8-ZINC000002778872-0.pdb	-84.4242	-79.5933	-4.83097	0	21.625
cav4mxo_DB8-ZINC000002778938-0.pdb	-93.1676	-78.2684	-14.8992	0	19.7407
cav4mxo_DB8-ZINC000002779157-0.pdb	-81.4779	-77.03	-4.44792	0	21.625
cav4mxo_DB8-ZINC000002779181-0.pdb	-88.3744	-83.1571	-5.21734	0	21.04
cav4mxo_DB8-ZINC000002779273-0.pdb	-87.1257	-77.4444	-9.68139	0	20.931
cav4mxo_DB8-ZINC000002780272-0.pdb	-76.5757	-66.6318	-9.94393	0	19.0833
cav4mxo_DB8-ZINC000002780757-0.pdb	-106.895	-84.0694	-22.8251	0	17.5294
cav4mxo_DB8-ZINC000002781306-0.pdb	-94.8405	-83.7428	-11.0977	0	17.3548
cav4mxo_DB8-ZINC000002781338-0.pdb	-88.4284	-74.4284	-14	0	20
cav4mxo_DB8-ZINC000002782484-0.pdb	-98.9452	-86.655	-12.2902	0	21.3
cav4mxo_DB8-ZINC000002792603-0.pdb	-73.4524	-68.2674	-5.18502	0	18.5
cav4mxo_DB8-ZINC000002792619-0.pdb	-98.1897	-85.9409	-12.2488	0	19.8148
cav4mxo_DB8-ZINC000002793518-0.pdb	-98.0268	-82.1816	-15.8453	0	15.0294
cav4mxo_DB8-ZINC000002794069-0.pdb	-87.9453	-70.7722	-17.1731	0	17.4483
cav4mxo_DB8-ZINC000002794176-0.pdb	-72.5812	-69.0812	-3.5	0	17.7241
cav4mxo_DB8-ZINC000002797736-0.pdb	-100.335	-72.1518	-27.6533	-0.529559	17.4828
cav4mxo_DB8-ZINC000002806427-0.pdb	-92.5898	-84.6655	-9.9498	2.02551	20.3214
cav4mxo_DB8-ZINC000002835344-0.pdb	-95.66	-79.1917	-16.4683	0	19.6538
cav4mxo_DB8-ZINC000002867502-0.pdb	-86.723	-84.4007	-2.32231	0	19.4
cav4mxo_DB8-ZINC000002867752-0.pdb	-89.406	-83.3985	-6.0075	0	19.4483
cav4mxo_DB8-ZINC000002868164-0.pdb	-102.143	-102.143	0	0	20.2903
cav4mxo_DB8-ZINC000002870392-0.pdb	-79.6858	-75.1085	-4.57728	0	24.65
cav4mxo_DB8-ZINC000002873916-0.pdb	-89.6995	-86.1995	-3.5	0	17.4375
cav4mxo_DB8-ZINC000002875763-0.pdb	-85.1448	-72.9275	-12.2173	0	15
cav4mxo_DB8-ZINC000002884963-0.pdb	-94.5299	-91.0678	-3.46203	0	19.7419
cav4mxo_DB8-ZINC000002922066-0.pdb	-88.8518	-88.8518	0	0	21.6296
cav4mxo_DB8-ZINC000003143152-0.pdb	-113.845	-103.345	-10.5	0	20.7895
cav4mxo_DB8-ZINC000003175382-0.pdb	-77.4634	-68.8724	-8.59097	0	21.2857
cav4mxo_DB8-ZINC000003207476-0.pdb	-86.6191	-79.7448	-6.87432	0	15.2941
cav4mxo_DB8-ZINC000003212184-0.pdb	-96.45	-86.4641	-9.98582	0	17.4545
cav4mxo_DB8-ZINC000003221435-0.pdb	-96.1844	-87.2432	-8.94121	0	19.75
cav4mxo_DB8-ZINC000003229865-0.pdb	-98.1664	-96.5727	-1.59369	0	19.125
cav4mxo_DB8-ZINC000003235486-0.pdb	-95.6054	-95.6054	0	0	19.3125
cav4mxo_DB8-ZINC000003235923-0.pdb	-71.0236	-68.5364	-2.48714	0	22.7727
cav4mxo_DB8-ZINC000003235925-0.pdb	-72.6559	-70.1559	-2.5	0	22.75
cav4mxo_DB8-ZINC000003236396-0.pdb	-71.8444	-71.8444	0	0	19.1538
cav4mxo_DB8-ZINC000003266941-0.pdb	-83.0243	-73.7232	-9.30108	0	24.7727
cav4mxo_DB8-ZINC000003283821-0.pdb	-80.657	-66.847	-13.81	0	23.3636
cav4mxo_DB8-ZINC000003284171-0.pdb	-74.178	-63.1353	-11.0427	0	26.5
cav4mxo_DB8-ZINC000003288819-0.pdb	-80.9591	-74.8057	-6.15336	0	20.375
cav4mxo_DB8-ZINC000003304465-0.pdb	-71.6967	-71.6967	0	0	27.0476
cav4mxo_DB8-ZINC000003304466-0.pdb	-75.3607	-71.9139	-3.44678	0	21.9048
cav4mxo_DB8-ZINC000003313078-0.pdb	-100.018	-92.8576	-7.16052	0	19.4706
cav4mxo_DB8-ZINC000003337710-0.pdb	-83.4435	-83.4435	0	0	17.7667
cav4mxo_DB8-ZINC000003418600-0.pdb	-69.455	-65.955	-3.5	0	20.75
cav4mxo_DB8-ZINC000003418766-0.pdb	-63.6657	-63.6657	0	0	23.625
cav4mxo_DB8-ZINC000003604829-0.pdb	-81.9959	-61.9061	-20.0898	0	17.3182
cav4mxo_DB8-ZINC00003661909-0.pdb	-80.9656	-74.1429	-6.82261	0	17.963
cav4mxo_DB8-ZINC000003896528-0.pdb	-102.329	-96.7776	-5.55161	0	23.5185
cav4mxo_DB8-ZINC000003896529-0.pdb	-93.9439	-89.3541	-4.58977	0	27.625
cav4mxo_DB8-ZINC000003896532-0.pdb	-86.2198	-75.7198	-10.5	0	21.6522
cav4mxo_DB8-ZINC000003896533-0.pdb	-88.3838	-84.8838	-3.5	0	20.3462
cav4mxo_DB8-ZINC000003896540-0.pdb	-92.6516	-78.7276	-13.924	0	21.88
cav4mxo_DB8-ZINC000003896546-0.pdb	-94.3732	-79.0584	-15.3148	0	20.2857
cav4mxo_DB8-ZINC000003896547-0.pdb	-89.1348	-82.789	-6.34585	0	23.0741
cav4mxo_DB8-ZINC000003896548-0.pdb	-86.6579	-83.1579	-3.5	0	20.6923
cav4mxo_DB8-ZINC000003896549-0.pdb	-88.8701	-82.4561	-6.41402	0	20.8077
cav4mxo_DB8-ZINC000003896551-0.pdb	-82.0017	-78.5017	-3.5	0	19.8
cav4mxo_DB8-ZINC000003896552-0.pdb	-91.8879	-86.1402	-5.7477	0	21.8462
cav4mxo_DB8-ZINC000003906478-0.pdb	-81.9834	-78.4834	-3.5	0	20.625
cav4mxo_DB8-ZINC000003953646-0.pdb	-85.7542	-74.7022	-11.052	0	26.2857
cav4mxo_DB8-ZINC000004141725-0.pdb	-93.0174	-93.0174	0	0	20.2143
cav4mxo_DB8-ZINC000004179533-0.pdb	-76.5742	-55.9123	-20.6619	0	18.84
cav4mxo_DB8-ZINC000004322993-0.pdb	-93.884	-89.0833	-4.80066	0	22.68
cav4mxo_DB8-ZINC000004331358-0.pdb	-77.0047	-70.2253	-6.77943	0	27.5
cav4mxo_DB8-ZINC000004354744-0.pdb	-88.3738	-76.3294	-12.0443	0	26.2381
cav4mxo_DB8-ZINC000004354749-0.pdb	-74.1459	-65.9757	-8.1702	0	21.5238
cav4mxo_DB8-ZINC000004354764-0.pdb	-76.9091	-73.8821	-3.02707	0	22.6522
cav4mxo_DB8-ZINC000004354768-0.pdb	-77.8566	-72.8475	-5.00903	0	21.7727
cav4mxo_DB8-ZINC000004354773-0.pdb	-81.8439	-71.8998	-9.94411	0	22.1304
cav4mxo_DB8-ZINC000004385772-0.pdb	-93.5065	-70.0687	-21.9719	-1.46586	22.5652
cav4mxo_DB8-ZINC000004475702-0.pdb	-72.8101	-65.8101	-7	0	22.1579
cav4mxo_DB8-ZINC000004487022-0.pdb	-80.6316	-73.6316	-7	0	27
cav4mxo_DB8-ZINC000004597412-0.pdb	-100.856	-83.9633	-16.8923	0	22.9333
cav4mxo_DB8-ZINC000004674086-0.pdb	-96.1192	-81.3977	-14.7215	0	19.8519
cav4mxo_DB8-ZINC000004733442-0.pdb	-85.2616	-81.7616	-3.5	0	20.5769
cav4mxo_DB8-ZINC000004733454-0.pdb	-84.5219	-74.42	-10.1019	0	21.375
cav4mxo_DB8-ZINC000004733461-0.pdb	-98.7853	-86.349	-12.4363	0	23.0769
cav4mxo_DB8-ZINC000004733464-0.pdb	-91.9323	-75.7318	-16.2006	0	20.0769
cav4mxo_DB8-ZINC000004733469-0.pdb	-90.4981	-79.9981	-10.5	0	21
cav4mxo_DB8-ZINC000004733472-0.pdb	-96.9391	-84.4103	-12.5288	0	21.7308
cav4mxo_DB8-ZINC000004733473-0.pdb	-86.8706	-84.255	-2.61567	0	21.8846
cav4mxo_DB8-ZINC000004733480-0.pdb	-104.366	-95.0318	-9.33451	0	20.2258
cav4mxo_DB8-ZINC000004733486-0.pdb	-104.507	-99.4052	-5.10208	0	23.1071
cav4mxo_DB8-ZINC000004734117-0.pdb	-78.6267	-62.8228	-15.8039	0	16.3077
cav4mxo_DB8-ZINC000004734159-0.pdb	-96.4269	-84.4269	-12	0	19.75
cav4mxo_DB8-ZINC000004734185-0.pdb	-96.1531	-85.4364	-10.7167	0	21.7407
cav4mxo_DB8-ZINC000004735147-0.pdb	-98.2875	-88.2373	-10.0502	0	22.2963
cav4mxo_DB8-ZINC000004753318-0.pdb	-75.2011	-61.586	-13.6151	0	19.5263
cav4mxo_DB8-ZINC000004817084-0.pdb	-90.5396	-87.0396	-3.5	0	20.9643
cav4mxo_DB8-ZINC000004834924-0.pdb	-86.0514	-81.4213	-4.63007	0	23
cav4mxo_DB8-ZINC000004894788-0.pdb	-72.657	-72.657	0	0	23.5714
cav4mxo_DB8-ZINC000004898011-0.pdb	-75.0298	-61.0736	-13.9563	0	20.1053
cav4mxo_DB8-ZINC000004898929-0.pdb	-95.8	-76.817	-18.983	0	17.4483
cav4mxo_DB8-ZINC000004923146-0.pdb	-73.5814	-60.2282	-13.3532	0	19.2632
cav4mxo_DB8-ZINC000004953890-0.pdb	-90.3171	-78.5954	-11.7217	0	18.7333
cav4mxo_DB8-ZINC000004959730-0.pdb	-76.2158	-76.2158	0	0	23.95
cav4mxo_DB8-ZINC000004968522-0.pdb	-82.2191	-58.7497	-23.4694	0	16.8333
cav4mxo_DB8-ZINC000004982921-0.pdb	-99.5756	-73.8949	-25.6806	0	21.2857
cav4mxo_DB8-ZINC000004983231-0.pdb	-91.1113	-70.562	-20.5494	0	18.1923
cav4mxo_DB8-ZINC000004985343-0.pdb	-84.0269	-67.9472	-16.0797	0	26.05
cav4mxo_DB8-ZINC000004985507-0.pdb	-105.18	-82.2015	-22.979	0	17.7241
cav4mxo_DB8-ZINC000005024746-0.pdb	-78.4125	-74.9965	-3.41607	0	20.3043
cav4mxo_DB8-ZINC000005029841-0.pdb	-98.1466	-95.4744	-2.67217	0	23.4643
cav4mxo_DB8-ZINC000005054644-0.pdb	-93.3009	-74.7671	-18.5338	0	18.4483
cav4mxo_DB8-ZINC000005065854-0.pdb	-90.6018	-84.6018	-6	0	19
cav4mxo_DB8-ZINC000005240560-0.pdb	-85.4834	-69.9661	-15.5173	0	21.0417
cav4mxo_DB8-ZINC000005246641-0.pdb	-93.9102	-78.9988	-14.9114	0	18.6923
cav4mxo_DB8-ZINC000005250586-0.pdb	-84.586	-69.9592	-14.6267	0	26.8
cav4mxo_DB8-ZINC000005264388-0.pdb	-91.194	-87.694	-3.5	0	23.6154
cav4mxo_DB8-ZINC000005264394-0.pdb	-91.7484	-84.7484	-7	0	20.4074
cav4mxo_DB8-ZINC000005269948-0.pdb	-89.2572	-76.2572	-13	0	20.08
cav4mxo_DB8-ZINC000005269964-0.pdb	-81.9565	-64.2106	-17.746	0	16.4231
cav4mxo_DB8-ZINC000005313843-0.pdb	-93.2754	-76.4937	-16.7817	0	20.76
cav4mxo_DB8-ZINC000005333607-0.pdb	-104.998	-91.9352	-13.0628	0	21.5161
cav4mxo_DB8-ZINC000005345177-0.pdb	-93.0476	-84.9021	-8.14552	0	25.0417
cav4mxo_DB8-ZINC000005345595-0.pdb	-73.2091	-63.1505	-10.0586	0	25.1111
cav4mxo_DB8-ZINC000005345853-0.pdb	-89.9254	-76.0283	-13.8971	0	19.48
cav4mxo_DB8-ZINC000005346385-0.pdb	-84.7134	-78.7856	-5.9278	0	20.6667
cav4mxo_DB8-ZINC000005347491-0.pdb	-88.7836	-83.3133	-5.47021	0	21.4615
cav4mxo_DB8-ZINC000005351315-0.pdb	-99.5339	-92.7224	-6.81147	0	20.7879
cav4mxo_DB8-ZINC000005453710-0.pdb	-97.6668	-84.2672	-13.3996	0	20.2759
cav4mxo_DB8-ZINC000005455744-0.pdb	-88.9196	-74.7353	-14.1843	0	20.0769
cav4mxo_DB8-ZINC000005511117-0.pdb	-80.2908	-69.7908	-10.5	0	20.087
cav4mxo_DB8-ZINC000005579639-0.pdb	-79.1354	-65.3629	-13.7725	0	20.1
cav4mxo_DB8-ZINC000005579640-0.pdb	-92.9094	-89.4094	-3.5	0	23.12
cav4mxo_DB8-ZINC000005687637-0.pdb	-80.5959	-73.6008	-6.99507	0	27.0556
cav4mxo_DB8-ZINC000005687641-0.pdb	-76.6051	-69.6051	-7	0	26.4211
cav4mxo_DB8-ZINC000005937555-0.pdb	-70.1893	-68.1202	-2.06918	0	22.2105
cav4mxo_DB8-ZINC000005938726-0.pdb	-74.9288	-73.344	-1.58476	0	22.0952
cav4mxo_DB8-ZINC000006462292-0.pdb	-102.142	-86.9623	-15.1797	0	19.3871
cav4mxo_DB8-ZINC000006462304-0.pdb	-101.78	-78.5263	-21.9569	-1.29657	18.4839
cav4mxo_DB8-ZINC000006462305-0.pdb	-95.7225	-70.6325	-23.7686	-1.32135	17.6774
cav4mxo_DB8-ZINC000006507554-0.pdb	-93.8839	-84.2664	-9.61747	0	20.3704
cav4mxo_DB8-ZINC000006530316-0.pdb	-86.385	-77.439	-8.94601	0	26.0417
cav4mxo_DB8-ZINC000006566264-0.pdb	-78.6695	-77.2141	-1.45536	0	22.2083
cav4mxo_DB8-ZINC000006616386-0.pdb	-69.8667	-66.4029	-3.46382	0	20.5789
cav4mxo_DB8-ZINC000006660523-0.pdb	-97.9956	-85.0765	-12.9191	0	25.0417
cav4mxo_DB8-ZINC000006732876-0.pdb	-95.3202	-87.2128	-8.10738	0	21.9286
cav4mxo_DB8-ZINC000006791296-0.pdb	-97.8647	-72.9433	-24.9214	0	19.6667
cav4mxo_DB8-ZINC000006804970-0.pdb	-101.541	-87.3219	-14.2195	0	25.1667
cav4mxo_DB8-ZINC000006804975-0.pdb	-95.3993	-80.1865	-15.2128	0	17.6897
cav4mxo_DB8-ZINC000006804976-0.pdb	-101.439	-80.9167	-20.5221	0	22.0667
cav4mxo_DB8-ZINC000006829151-0.pdb	-76.5996	-73.0996	-3.5	0	20.1739
cav4mxo_DB8-ZINC000006897271-0.pdb	-93.8677	-80.1309	-13.7368	0	19.75
cav4mxo_DB8-ZINC000007004107-0.pdb	-97.1854	-93.6854	-3.5	0	20.3
cav4mxo_DB8-ZINC000007060152-0.pdb	-89.56	-86.0868	-3.47319	0	18.0333
cav4mxo_DB8-ZINC000007337594-0.pdb	-84.016	-73.516	-10.5	0	21.72
cav4mxo_DB8-ZINC000007337618-0.pdb	-81.1386	-70.7533	-10.3853	0	23.8261
cav4mxo_DB8-ZINC000007337621-0.pdb	-84.5211	-71.8847	-12.6363	0	22.3043
cav4mxo_DB8-ZINC000007337626-0.pdb	-91.3765	-76.9612	-14.4153	0	23.3333
cav4mxo_DB8-ZINC000007498955-0.pdb	-86.8212	-79.6311	-7.1901	0	20.24
cav4mxo_DB8-ZINC000007738604-0.pdb	-94.5433	-80.5433	-14	0	21.5
cav4mxo_DB8-ZINC000007813586-0.pdb	-83.5355	-80.0355	-3.5	0	22.7083
cav4mxo_DB8-ZINC000007814651-0.pdb	-70.5498	-60.7812	-9.76863	0	22.0556
cav4mxo_DB8-ZINC000007983234-0.pdb	-76.8139	-65.0144	-11.7996	0	22.1429
cav4mxo_DB8-ZINC000007987307-0.pdb	-88.7189	-73.625	-15.0938	0	18.6538
cav4mxo_DB8-ZINC000008149271-0.pdb	-82.2525	-74.6765	-7.57601	0	27.05
cav4mxo_DB8-ZINC000008231140-0.pdb	-86.0488	-72.9899	-13.0589	0	19.0385
cav4mxo_DB8-ZINC000008315873-0.pdb	-74.8058	-61.7165	-13.0893	0	26.8333
cav4mxo_DB8-ZINC000008327509-0.pdb	-92.5649	-79.3009	-13.264	0	22.5667
cav4mxo_DB8-ZINC000008344415-0.pdb	-79.9991	-70.6455	-9.35356	0	24.6818
cav4mxo_DB8-ZINC000008508590-0.pdb	-79.0241	-66.3275	-12.6966	0	27.2632
cav4mxo_DB8-ZINC000008583015-0.pdb	-66.5161	-65.4313	-1.08473	0	20.88
cav4mxo_DB8-ZINC000008583114-0.pdb	-91.5541	-80.8236	-10.7306	0	22.7407
cav4mxo_DB8-ZINC000008584575-0.pdb	-100.254	-79.1949	-21.0594	0	19.7037
cav4mxo_DB8-ZINC000008594601-0.pdb	-83.3452	-75.0476	-8.29757	0	19.96
cav4mxo_DB8-ZINC000008594705-0.pdb	-88.6397	-85.1397	-3.5	0	22.7917
cav4mxo_DB8-ZINC000008706522-0.pdb	-103.06	-100.56	-2.5	0	21.0968
cav4mxo_DB8-ZINC000008706892-0.pdb	-81.7718	-81.7718	0	0	19.88
cav4mxo_DB8-ZINC000008708826-0.pdb	-89.8731	-86.3731	-3.5	0	20.5172
cav4mxo_DB8-ZINC000008725260-0.pdb	-90.1839	-71.6117	-18.5721	0	16.8929
cav4mxo_DB8-ZINC000008728068-0.pdb	-77.8243	-62.9154	-14.9089	0	25.4444
cav4mxo_DB8-ZINC000008746409-0.pdb	-97.1418	-94.8108	-2.33093	0	21.7241
cav4mxo_DB8-ZINC000008860289-0.pdb	-42.5731	-32.0731	-10.5	0	25.7
cav4mxo_DB8-ZINC000008940568-0.pdb	-83.1959	-66.1855	-17.0104	0	18.1154
cav4mxo_DB8-ZINC000008947877-0.pdb	-78.6823	-69.9742	-8.70811	0	18.4615
cav4mxo_DB8-ZINC000009009473-0.pdb	-82.8353	-79.3353	-3.5	0	23.7619
cav4mxo_DB8-ZINC000009056709-0.pdb	-80.3912	-77.1378	-3.25343	0	16.6207
cav4mxo_DB8-ZINC000009074830-0.pdb	-94.1663	-88.1319	-6.03442	0	20.4815
cav4mxo_DB8-ZINC000009074886-0.pdb	-91.9696	-82.7741	-9.19554	0	24.0833
cav4mxo_DB8-ZINC000009074903-0.pdb	-85.6889	-78.402	-7.28687	0	22.2308
cav4mxo_DB8-ZINC000009074905-0.pdb	-89.64	-70.1388	-19.5012	0	18.1852
cav4mxo_DB8-ZINC000009074908-0.pdb	-97.8384	-87.8002	-10.0382	0	19.4375
cav4mxo_DB8-ZINC000009074911-0.pdb	-105.77	-92.4219	-13.348	0	18.7576
cav4mxo_DB8-ZINC000009074916-0.pdb	-107.123	-93.1482	-13.9751	0	20.1563
cav4mxo_DB8-ZINC000009074922-0.pdb	-89.7669	-86.6565	-3.11034	0	18.871
cav4mxo_DB8-ZINC000009074927-0.pdb	-83.6898	-80.2905	-3.39925	0	17.3
cav4mxo_DB8-ZINC000009074928-0.pdb	-80.4711	-73.6866	-6.78449	0	21.4
cav4mxo_DB8-ZINC000009074932-0.pdb	-90.0894	-82.082	-8.0074	0	23.963
cav4mxo_DB8-ZINC000009074933-0.pdb	-93.9309	-83.8597	-10.0712	0	22.9259
cav4mxo_DB8-ZINC000009074949-0.pdb	-80.6319	-69.0217	-11.6102	0	22.2381
cav4mxo_DB8-ZINC000009074957-0.pdb	-79.444	-71.8191	-7.62492	0	21.3913
cav4mxo_DB8-ZINC000009074969-0.pdb	-93.2513	-71.7801	-21.4711	0	16.7333
cav4mxo_DB8-ZINC000009074976-0.pdb	-89.1871	-82.1871	-7	0	23.76
cav4mxo_DB8-ZINC000009074981-0.pdb	-84.2262	-77.695	-6.53128	0	18.3214
cav4mxo_DB8-ZINC000009075003-0.pdb	-91.8737	-74.2947	-17.579	0	21.24
cav4mxo_DB8-ZINC000009075005-0.pdb	-87.0985	-78.1071	-8.9914	0	27.24
cav4mxo_DB8-ZINC000009075025-0.pdb	-82.909	-79.7383	-3.17066	0	19.6667
cav4mxo_DB8-ZINC000009075027-0.pdb	-88.4731	-70.2357	-18.2374	0	19.037
cav4mxo_DB8-ZINC000009075047-0.pdb	-88.5511	-85.0511	-3.5	0	18.9355
cav4mxo_DB8-ZINC000009075068-0.pdb	-86.2974	-72.5044	-13.7929	0	15.1379
cav4mxo_DB8-ZINC000009116924-0.pdb	-97.5612	-81.2697	-16.2915	0	16.8387
cav4mxo_DB8-ZINC000009116956-0.pdb	-100.868	-87.9838	-12.8838	0	20.0323
cav4mxo_DB8-ZINC000009119377-0.pdb	-97.0282	-90.9642	-6.064	0	20.2647
cav4mxo_DB8-ZINC000009142856-0.pdb	-103.467	-85.6826	-17.7844	0	23.5926
cav4mxo_DB8-ZINC000009222885-0.pdb	-104.663	-79.402	-25.2607	0	17.697
cav4mxo_DB8-ZINC000009253330-0.pdb	-104.907	-86.3107	-18.5963	0	19.9706
cav4mxo_DB8-ZINC000009290201-0.pdb	-96.5827	-79.2206	-17.3621	0	19.8148
cav4mxo_DB8-ZINC000009332863-0.pdb	-83.8355	-80.3355	-3.5	0	19.2222
cav4mxo_DB8-ZINC000009360482-0.pdb	-93.7464	-90.3313	-3.41514	0	21.0357
cav4mxo_DB8-ZINC000009366930-0.pdb	-88.4706	-85.162	-3.30862	0	18.5161
cav4mxo_DB8-ZINC000009409774-0.pdb	-83.2325	-79.7325	-3.5	0	18.5806
cav4mxo_DB8-ZINC000009467090-0.pdb	-118.271	-104.953	-13.3186	0	20.1765
cav4mxo_DB8-ZINC000009514186-0.pdb	-90.03	-86.53	-3.5	0	20.0357
cav4mxo_DB8-ZINC000009532120-0.pdb	-43.75	-33.2597	-10.4904	0	25.8421
cav4mxo_DB8-ZINC000009606174-0.pdb	-104.738	-97.9024	-6.83598	0	19.3438
cav4mxo_DB8-ZINC000009641754-0.pdb	-76.7262	-70.3602	-6.36606	0	21.92
cav4mxo_DB8-ZINC000009666355-0.pdb	-93.9399	-80.4308	-13.5091	0	19.963
cav4mxo_DB8-ZINC000009669879-0.pdb	-73.1253	-66.2861	-6.83921	0	17.0385
cav4mxo_DB8-ZINC000009670536-0.pdb	-95.8773	-76.9815	-18.8958	0	21.7826
cav4mxo_DB8-ZINC000009740970-0.pdb	-63.7987	-57.2005	-6.59814	0	19.9
cav4mxo_DB8-ZINC000009829958-0.pdb	-102.742	-82.932	-19.8101	0	17
cav4mxo_DB8-ZINC000009954561-0.pdb	-90.8263	-72.6293	-18.1971	0	16.0938
cav4mxo_DB8-ZINC000009968964-0.pdb	-96.1909	-84.1061	-12.0848	0	16.3235
cav4mxo_DB8-ZINC000010513142-0.pdb	-82.4555	-79.5356	-2.91993	0	17.4667
cav4mxo_DB8-ZINC000010517131-0.pdb	-83.3613	-77.4688	-5.89253	0	18.7407
cav4mxo_DB8-ZINC000010660589-0.pdb	-91.5661	-89.7417	-1.82441	0	21.3
cav4mxo_DB8-ZINC000010959022-0.pdb	-85.3947	-83.1534	-2.24124	0	22.0385
cav4mxo_DB8-ZINC000010961212-0.pdb	-76.5222	-73.0222	-3.5	0	17.6667
cav4mxo_DB8-ZINC000010961309-0.pdb	-81.7373	-80.7251	-1.01223	0	24.8
cav4mxo_DB8-ZINC000011246799-0.pdb	-100.273	-90.7857	-9.4876	0	20.5862
cav4mxo_DB8-ZINC000011469890-0.pdb	-89.7214	-89.7214	0	0	20.5517
cav4mxo_DB8-ZINC000011663472-0.pdb	-89.6493	-86.1493	-3.5	0	19.4333
cav4mxo_DB8-ZINC000011663721-0.pdb	-90.3801	-86.8801	-3.5	0	18.625
cav4mxo_DB8-ZINC000011723502-0.pdb	-91.0055	-73.6553	-17.3501	0	19.5769
cav4mxo_DB8-ZINC000012088147-0.pdb	-96.0578	-85.6964	-10.3614	0	18.5
cav4mxo_DB8-ZINC000012113825-0.pdb	-83.3369	-79.8369	-3.5	0	24.9048
cav4mxo_DB8-ZINC000012227171-0.pdb	-81.5838	-74.716	-6.86777	0	23
cav4mxo_DB8-ZINC000012227301-0.pdb	-95.634	-85.52	-10.1139	0	21.25
cav4mxo_DB8-ZINC000012227509-0.pdb	-70.937	-63.937	-7	0	22.619
cav4mxo_DB8-ZINC000012300862-0.pdb	-82.6448	-71.6017	-11.0431	0	19.3871
cav4mxo_DB8-ZINC000012438507-0.pdb	-87.4106	-70.3163	-17.0943	0	17.2963
cav4mxo_DB8-ZINC000012447059-0.pdb	-90.9213	-85.0107	-5.91055	0	21.5357
cav4mxo_DB8-ZINC000012499064-0.pdb	-81.9754	-78.4754	-3.5	0	19.5385
cav4mxo_DB8-ZINC000012506997-0.pdb	-77.6194	-75.2415	-2.37795	0	24.0476
cav4mxo_DB8-ZINC000012507701-0.pdb	-86.8564	-83.5647	-3.29172	0	23.625
cav4mxo_DB8-ZINC000012520766-0.pdb	-92.8447	-89.3956	-3.44911	0	19.8966
cav4mxo_DB8-ZINC000012525357-0.pdb	-83.1722	-75.431	-7.74121	0	22.12
cav4mxo_DB8-ZINC000012537580-0.pdb	-95.4584	-76.3789	-19.0795	0	18.8519
cav4mxo_DB8-ZINC000012540867-0.pdb	-90.9052	-73.612	-17.2931	0	18.3704
cav4mxo_DB8-ZINC000012551240-0.pdb	-90.519	-87.019	-3.5	0	22.44
cav4mxo_DB8-ZINC000012559676-0.pdb	-75.6899	-65.1899	-10.5	0	21.2174
cav4mxo_DB8-ZINC000012604410-0.pdb	-102.127	-99.4918	-2.63515	0	19.5938
cav4mxo_DB8-ZINC000012633294-0.pdb	-103.094	-75.9603	-27.1341	0	16.5938
cav4mxo_DB8-ZINC000012644279-0.pdb	-85.9875	-85.9875	0	0	19.7037
cav4mxo_DB8-ZINC000012736774-0.pdb	-89.944	-70.7508	-19.1933	0	16.3226
cav4mxo_DB8-ZINC000012739272-0.pdb	-94.5564	-84.7508	-9.80561	0	18.6875
cav4mxo_DB8-ZINC000012739284-0.pdb	-101.636	-95.1782	-6.45773	0	19.5758
cav4mxo_DB8-ZINC000012766330-0.pdb	-91.8681	-80.2632	-11.6049	0	19.1429
cav4mxo_DB8-ZINC000012766865-0.pdb	-101.884	-86.3845	-15.4995	0	20.6296
cav4mxo_DB8-ZINC000012769772-0.pdb	-85.9601	-74.5152	-11.4449	0	20.16
cav4mxo_DB8-ZINC000012780830-0.pdb	-78.5802	-69.0031	-9.57712	0	26.619
cav4mxo_DB8-ZINC000012784540-0.pdb	-82.3565	-67.1383	-15.2182	0	18.0833
cav4mxo_DB8-ZINC000012785336-0.pdb	-81.1622	-74.1622	-7	0	18.7692
cav4mxo_DB8-ZINC000012791393-0.pdb	-91.6037	-86.6864	-4.91734	0	25.84
cav4mxo_DB8-ZINC000012793511-0.pdb	-89.3055	-82.3055	-7	0	19.4444
cav4mxo_DB8-ZINC000012799321-0.pdb	-91.7465	-84.7465	-7	0	23.28
cav4mxo_DB8-ZINC000012846047-0.pdb	-85.2257	-61.8471	-23.3786	0	17.5385
cav4mxo_DB8-ZINC000012865006-0.pdb	-76.5256	-73.0256	-3.5	0	16.931
cav4mxo_DB8-ZINC000012875073-0.pdb	-52.1353	-48.6353	-3.5	0	22.1053
cav4mxo_DB8-ZINC000012876622-0.pdb	-83.7205	-71.0334	-12.687	0	18.6923
cav4mxo_DB8-ZINC000012879863-0.pdb	-92.0895	-89.5895	-2.5	0	24.5
cav4mxo_DB8-ZINC000012895942-0.pdb	-79.5422	-72.5422	-7	0	21.9524
cav4mxo_DB8-ZINC000012901595-0.pdb	-92.3548	-80.5621	-11.7927	0	17.7241
cav4mxo_DB8-ZINC000012906698-0.pdb	-78.1975	-78.1975	0	0	20.75
cav4mxo_DB8-ZINC000012906703-0.pdb	-83.4496	-79.4784	-3.97124	0	21.0741
cav4mxo_DB8-ZINC000012926767-0.pdb	-88.4052	-70.2876	-18.1177	0	16.8125
cav4mxo_DB8-ZINC000012929854-0.pdb	-86.4755	-76.221	-10.2545	0	19.3214
cav4mxo_DB8-ZINC000012929860-0.pdb	-94.1425	-73.783	-20.3595	0	16.4483
cav4mxo_DB8-ZINC000012929867-0.pdb	-100.285	-93.2848	-7	0	20.3793
cav4mxo_DB8-ZINC000012981102-0.pdb	-82.5351	-79.1316	-3.40351	0	19.4815
cav4mxo_DB8-ZINC000013008325-0.pdb	-85.1652	-68.924	-16.2412	0	17.5385
cav4mxo_DB8-ZINC000013010849-0.pdb	-95.3044	-71.7827	-23.5218	0	17.7037
cav4mxo_DB8-ZINC000013011015-0.pdb	-79.2157	-74.919	-4.29667	0	23.087
cav4mxo_DB8-ZINC000013029346-0.pdb	-106.082	-91.7007	-14.3815	0	18.2564
cav4mxo_DB8-ZINC000013040023-0.pdb	-75.9703	-72.4703	-3.5	0	18.88
cav4mxo_DB8-ZINC000013040024-0.pdb	-90.0814	-83.2621	-6.81935	0	22
cav4mxo_DB8-ZINC000013068416-0.pdb	-89.7716	-84.0881	-5.68347	0	22.2759
cav4mxo_DB8-ZINC000013083113-0.pdb	-104.065	-87.2885	-16.7764	0	19.2857
cav4mxo_DB8-ZINC000013083193-0.pdb	-116.916	-104.521	-12.3947	0	24.0938
cav4mxo_DB8-ZINC000013083200-0.pdb	-92.991	-76.6468	-16.3441	0	15.7647
cav4mxo_DB8-ZINC000013083615-0.pdb	-87.5689	-76.8881	-10.6808	0	17.3
cav4mxo_DB8-ZINC000013083621-0.pdb	-96.5656	-89.5656	-7	0	18.3235
cav4mxo_DB8-ZINC000013083639-0.pdb	-90.5059	-77.9731	-12.5327	0	18.5806
cav4mxo_DB8-ZINC000013083681-0.pdb	-100.009	-84.8515	-15.158	0	19
cav4mxo_DB8-ZINC000013129117-0.pdb	-93.5129	-82.2591	-11.2538	0	18.7576
cav4mxo_DB8-ZINC000013129382-0.pdb	-90.6746	-87.1746	-3.5	0	18
cav4mxo_DB8-ZINC000013130267-0.pdb	-78.7824	-76.2764	-2.50597	0	16.2667
cav4mxo_DB8-ZINC000013148251-0.pdb	-92.1877	-92.1877	0	0	19.9333
cav4mxo_DB8-ZINC000013148443-0.pdb	-81.8556	-80.8169	-1.0387	0	18.5714
cav4mxo_DB8-ZINC000013364724-0.pdb	-93.3818	-77.8349	-15.5469	0	16.871
cav4mxo_DB8-ZINC000013573024-0.pdb	-77.4237	-58.2864	-19.1374	0	17.5217
cav4mxo_DB8-ZINC000013573026-0.pdb	-73.5007	-62.4069	-11.0939	0	20.1304
cav4mxo_DB8-ZINC000013602715-0.pdb	-75.3709	-61.3709	-14	0	17.125
cav4mxo_DB8-ZINC000013636535-0.pdb	-106.736	-93.591	-13.1449	0	23.2
cav4mxo_DB8-ZINC000013640572-0.pdb	-101.684	-97.3047	-4.37922	0	19.7059
cav4mxo_DB8-ZINC000013641455-0.pdb	-91.0781	-69.4368	-21.6412	0	17.5862
cav4mxo_DB8-ZINC000013641517-0.pdb	-107.399	-90.2321	-17.1667	0	20.2581
cav4mxo_DB8-ZINC000013644362-0.pdb	-81.9288	-71.6882	-10.2406	0	18.6154
cav4mxo_DB8-ZINC000013644467-0.pdb	-91.3878	-84.291	-7.09686	0	23.3333
cav4mxo_DB8-ZINC000013686899-0.pdb	-78.2419	-65.0129	-13.229	0	19.1667
cav4mxo_DB8-ZINC000013691769-0.pdb	-83.5377	-65.9452	-17.5925	0	19.32
cav4mxo_DB8-ZINC000013719236-0.pdb	-82.836	-76.0845	-6.75145	0	21.6957
cav4mxo_DB8-ZINC000013724658-0.pdb	-95.8591	-86.9481	-8.91095	0	22.1071
cav4mxo_DB8-ZINC000013731973-0.pdb	-93.3341	-80.8784	-12.4557	0	23.2593
cav4mxo_DB8-ZINC000013959213-0.pdb	-90.6031	-83.6031	-7	0	18.6875
cav4mxo_DB8-ZINC000013959910-0.pdb	-90.3764	-83.3764	-7	0	17.0938
cav4mxo_DB8-ZINC000013960930-0.pdb	-109.94	-100.32	-9.61978	0	18.8611
cav4mxo_DB8-ZINC000013961143-0.pdb	-85.273	-85.273	0	0	17.7333
cav4mxo_DB8-ZINC000013961191-0.pdb	-93.5565	-79.6261	-13.9304	0	13.3077
cav4mxo_DB8-ZINC000013961192-0.pdb	-100.412	-98.9084	-1.50347	0	16.641
cav4mxo_DB8-ZINC000013961194-0.pdb	-106.226	-85.8167	-20.4097	0	14.0513
cav4mxo_DB8-ZINC000013961199-0.pdb	-90.7764	-90.7764	0	0	16.3684
cav4mxo_DB8-ZINC000013961206-0.pdb	-94.442	-94.442	0	0	18.1351
cav4mxo_DB8-ZINC000013961241-0.pdb	-85.2009	-69.6495	-15.5514	0	17.6786
cav4mxo_DB8-ZINC000013961343-0.pdb	-90.7306	-83.8249	-6.9057	0	17.3235
cav4mxo_DB8-ZINC000013961374-0.pdb	-95.0015	-76.037	-18.9645	0	16.6061
cav4mxo_DB8-ZINC000013961449-0.pdb	-119.992	-79.9226	-38.7437	-1.32581	17.1714
cav4mxo_DB8-ZINC000014077714-0.pdb	-61.8271	-58.3271	-3.5	0	20
cav4mxo_DB8-ZINC000014092689-0.pdb	-70.658	-67.8613	-2.79667	0	23.6667
cav4mxo_DB8-ZINC000014197924-0.pdb	-101.782	-93.0976	-8.68456	0	18.0857
cav4mxo_DB8-ZINC000014207962-0.pdb	-81.8831	-68.8831	-13	0	19.5833
cav4mxo_DB8-ZINC000014210784-0.pdb	-84.5511	-82.0511	-2.5	0	24.1818
cav4mxo_DB8-ZINC000014212072-0.pdb	-89.7042	-77.2207	-12.4835	0	27.9545
cav4mxo_DB8-ZINC000014235278-0.pdb	-84.9287	-75.4287	-9.5	0	22.4
cav4mxo_DB8-ZINC000014236864-0.pdb	-92.3841	-76.262	-16.122	0	19.6
cav4mxo_DB8-ZINC000014241267-0.pdb	-86.7493	-71.4572	-15.2922	0	19.0741
cav4mxo_DB8-ZINC000014241575-0.pdb	-99.5748	-90.5483	-9.02649	0	21.2963
cav4mxo_DB8-ZINC000014279753-0.pdb	-88.9245	-79.0023	-9.92224	0	23.08
cav4mxo_DB8-ZINC000014814541-0.pdb	-88.3419	-85.8419	-2.5	0	24.5217
cav4mxo_DB8-ZINC000015113565-0.pdb	-91.3006	-87.8006	-3.5	0	23.7917
cav4mxo_DB8-ZINC000015141080-0.pdb	-93.4189	-73.6135	-19.8054	0	16.2593
cav4mxo_DB8-ZINC000015141081-0.pdb	-103.917	-80.4717	-23.4451	0	24.6667
cav4mxo_DB8-ZINC000015154022-0.pdb	-85.8778	-73.1615	-12.7164	0	19.2
cav4mxo_DB8-ZINC000015163627-0.pdb	-92.466	-86.553	-5.91301	0	22.3333
cav4mxo_DB8-ZINC000015414016-0.pdb	-89.3806	-80.006	-9.3746	0	19.6071
cav4mxo_DB8-ZINC000015414019-0.pdb	-93.0007	-82.568	-10.4327	0	20.5714
cav4mxo_DB8-ZINC000015414252-0.pdb	-91.3029	-77.3187	-13.9841	0	16.6875
cav4mxo_DB8-ZINC000015414267-0.pdb	-89.2776	-84.0299	-5.2477	0	17.5294
cav4mxo_DB8-ZINC000015593800-0.pdb	-84.7237	-64.9698	-19.7539	0	19.7273
cav4mxo_DB8-ZINC000015780355-0.pdb	-74.5724	-74.5724	0	0	19.5652
cav4mxo_DB8-ZINC000015786665-0.pdb	-80.4098	-63.7211	-16.6887	0	26.35
cav4mxo_DB8-ZINC000015840941-0.pdb	-90.8745	-86.0828	-4.79175	0	22
cav4mxo_DB8-ZINC000015922165-0.pdb	-91.556	-72.56	-18.9961	0	24.85
cav4mxo_DB8-ZINC000016162616-0.pdb	-92.0578	-74.7913	-17.2666	0	18.8846
cav4mxo_DB8-ZINC000016291028-0.pdb	-104.79	-101.524	-3.26624	0	18.3158
cav4mxo_DB8-ZINC000016426069-0.pdb	-92.1061	-82.9908	-9.11538	0	16.6563
cav4mxo_DB8-ZINC000016599785-0.pdb	-94.7865	-82.3447	-12.4419	0	15.0556
cav4mxo_DB8-ZINC000016689840-0.pdb	-100.049	-79.5048	-20.5445	0	18.1786
cav4mxo_DB8-ZINC000016942726-0.pdb	-104.254	-81.9986	-22.2552	0	18.3871
cav4mxo_DB8-ZINC000016944482-0.pdb	-87.5311	-76.4991	-11.032	0	17.7813
cav4mxo_DB8-ZINC000016994171-0.pdb	-83.0791	-73.7538	-9.32521	0	19.6538
cav4mxo_DB8-ZINC000017026449-0.pdb	-94.9561	-84.4561	-10.5	0	22.7308
cav4mxo_DB8-ZINC000017026451-0.pdb	-88.4316	-86.0215	-2.41007	0	21.6923
cav4mxo_DB8-ZINC000017026453-0.pdb	-86.9978	-83.4978	-3.5	0	22
cav4mxo_DB8-ZINC000017026455-0.pdb	-77.3105	-66.9307	-10.3798	0	17.24
cav4mxo_DB8-ZINC000017071253-0.pdb	-83.0133	-73.5653	-9.44796	0	21.4
cav4mxo_DB8-ZINC000017075265-0.pdb	-83.5482	-67.381	-16.1672	0	17.7037
cav4mxo_DB8-ZINC000017077058-0.pdb	-85.5117	-76.3021	-9.20958	0	20.7143
cav4mxo_DB8-ZINC000017088446-0.pdb	-83.4324	-81.1782	-2.2542	0	20.0714
cav4mxo_DB8-ZINC000017093359-0.pdb	-99.3841	-76.8407	-22.5434	0	19.3667
cav4mxo_DB8-ZINC000017093953-0.pdb	-87.2549	-83.7549	-3.5	0	17.9375
cav4mxo_DB8-ZINC000017094907-0.pdb	-93.2583	-86.4749	-6.78336	0	20.1563
cav4mxo_DB8-ZINC000017097074-0.pdb	-95.4988	-89.6953	-5.80341	0	19.3438
cav4mxo_DB8-ZINC000017099436-0.pdb	-97.6379	-97.6379	0	0	19.7667
cav4mxo_DB8-ZINC000017121529-0.pdb	-83.179	-83.179	0	0	19.2308
cav4mxo_DB8-ZINC000017121534-0.pdb	-79.2038	-66.2213	-12.9825	0	19
cav4mxo_DB8-ZINC000017121577-0.pdb	-81.487	-77.987	-3.5	0	21.3704
cav4mxo_DB8-ZINC000017121591-0.pdb	-89.3053	-83.8313	-5.47402	0	20.5
cav4mxo_DB8-ZINC000017137695-0.pdb	-74.8744	-64.435	-10.4394	0	21.8421
cav4mxo_DB8-ZINC000017179938-0.pdb	-91.6146	-91.6146	0	0	22.1538
cav4mxo_DB8-ZINC000017196681-0.pdb	-90.4313	-87.5486	-2.88268	0	23.6667
cav4mxo_DB8-ZINC000017270456-0.pdb	-112.314	-103.418	-8.89624	0	21.3226
cav4mxo_DB8-ZINC000017287552-0.pdb	-91.0679	-76.2776	-14.7904	0	20.5769
cav4mxo_DB8-ZINC000017306894-0.pdb	-79.5484	-74.1352	-5.41314	0	19.6667
cav4mxo_DB8-ZINC000017308039-0.pdb	-86.1732	-72.0824	-14.0909	0	19.3333
cav4mxo_DB8-ZINC000017418716-0.pdb	-90.5526	-80.414	-10.1386	0	16.8125
cav4mxo_DB8-ZINC000017729716-0.pdb	-95.5662	-82.564	-13.0022	0	19.9643
cav4mxo_DB8-ZINC000018173147-0.pdb	-95.8943	-90.2503	-5.64396	0	23.1852
cav4mxo_DB8-ZINC000018222017-0.pdb	-98.9476	-85.9476	-13	0	20.9259
cav4mxo_DB8-ZINC000019077185-0.pdb	-77.0448	-70.5187	-6.52609	0	21.7727
cav4mxo_DB8-ZINC000019078030-0.pdb	-96.7281	-87.2281	-9.5	0	21.4516
cav4mxo_DB8-ZINC000019078052-0.pdb	-105.472	-91.4721	-14	0	22.931
cav4mxo_DB8-ZINC000019078310-0.pdb	-92.0551	-77.8144	-14.2406	0	17.2581
cav4mxo_DB8-ZINC000019078415-0.pdb	-91.6897	-78.1137	-13.576	0	18
cav4mxo_DB8-ZINC000019078653-0.pdb	-79.3176	-72.3176	-7	0	24.3478
cav4mxo_DB8-ZINC000019079753-0.pdb	-76.5164	-65.9092	-10.6072	0	24.7
cav4mxo_DB8-ZINC000019103733-0.pdb	-83.1477	-72.6477	-10.5	0	18.76
cav4mxo_DB8-ZINC000019109668-0.pdb	-93.3454	-83.5729	-9.7725	0	21.2963
cav4mxo_DB8-ZINC000019116553-0.pdb	-88.4649	-75.4649	-13	0	22.2273
cav4mxo_DB8-ZINC000019143211-0.pdb	-106.011	-91.9756	-14.0356	0	17.3056
cav4mxo_DB8-ZINC000019143214-0.pdb	-108.074	-85.9343	-22.1399	0	16.6111
cav4mxo_DB8-ZINC000019521739-0.pdb	-83.7841	-58.1115	-25.6726	0	18.1905
cav4mxo_DB8-ZINC000019643576-0.pdb	-89.7958	-79.4854	-10.3104	0	18.7879
cav4mxo_DB8-ZINC000019714883-0.pdb	-91.4226	-80.9226	-10.5	0	24.75
cav4mxo_DB8-ZINC000019717583-0.pdb	-99.2765	-90.9175	-8.35902	0	18.625
cav4mxo_DB8-ZINC000019718456-0.pdb	-91.0535	-77.716	-13.3376	0	17.129
cav4mxo_DB8-ZINC000019948516-0.pdb	-76.2905	-67.0018	-9.2887	0	26.6842
cav4mxo_DB8-ZINC000020182021-0.pdb	-87.2382	-77.0275	-10.2107	0	21.069
cav4mxo_DB8-ZINC000020213446-0.pdb	-90.4098	-84.5015	-5.90832	0	17.6563
cav4mxo_DB8-ZINC000020215299-0.pdb	-119.071	-107.002	-12.0686	0	19.3684
cav4mxo_DB8-ZINC000020215301-0.pdb	-109.64	-93.2429	-16.3968	0	17.3158
cav4mxo_DB8-ZINC000020343063-0.pdb	-88.002	-76.0217	-11.9803	0	22.7826
cav4mxo_DB8-ZINC000020355988-0.pdb	-102.667	-87.1667	-15.5	0	20.625
cav4mxo_DB8-ZINC000020356008-0.pdb	-96.3147	-81.0788	-15.2359	0	16.8438
cav4mxo_DB8-ZINC000020606494-0.pdb	-105.523	-82.1185	-23.4044	0	18.3611
cav4mxo_DB8-ZINC000020615748-0.pdb	-89.7029	-87.3047	-2.3982	0	19.6452
cav4mxo_DB8-ZINC000020661985-0.pdb	-97.4405	-85.1288	-12.3117	0	23.4
cav4mxo_DB8-ZINC000020661995-0.pdb	-91.7743	-80.5341	-11.2402	0	18.5938
cav4mxo_DB8-ZINC000020661997-0.pdb	-89.3669	-79.2403	-10.1265	0	21.5833
cav4mxo_DB8-ZINC000020669229-0.pdb	-112.24	-98.4854	-13.755	0	19.6875
cav4mxo_DB8-ZINC000020774706-0.pdb	-109.62	-98.5978	-11.0219	0	22.8182
cav4mxo_DB8-ZINC000020917168-0.pdb	-96.533	-90.9037	-5.62928	0	18.8387
cav4mxo_DB8-ZINC000021657854-0.pdb	-89.2396	-84.058	-5.18164	0	21.7037
cav4mxo_DB8-ZINC000021661438-0.pdb	-75.2196	-58.8979	-16.3218	0	19.0909
cav4mxo_DB8-ZINC000021673992-0.pdb	-93.9791	-79.4441	-14.535	0	19.08
cav4mxo_DB8-ZINC000021826644-0.pdb	-77.7879	-74.8421	-2.94586	0	16.5
cav4mxo_DB8-ZINC000021832166-0.pdb	-92.5023	-85.1006	-7.40176	0	25.1154
cav4mxo_DB8-ZINC000021841861-0.pdb	-99.6705	-85.6706	-13.9999	0	20.4
cav4mxo_DB8-ZINC000022023048-0.pdb	-76.8096	-73.3096	-3.5	0	15.1212
cav4mxo_DB8-ZINC000022052515-0.pdb	-89.0378	-87.8919	-1.14584	0	18.8108
cav4mxo_DB8-ZINC000022052519-0.pdb	-99.6465	-96.1465	-3.5	0	19.8378
cav4mxo_DB8-ZINC000022052595-0.pdb	-97.6519	-87.4073	-10.2445	0	15.8684
cav4mxo_DB8-ZINC000022052600-0.pdb	-104	-94.4996	-9.5	0	17.8684
cav4mxo_DB8-ZINC000022052790-0.pdb	-110.021	-96.5162	-13.5052	0	17.2162
cav4mxo_DB8-ZINC000022052794-0.pdb	-97.2964	-91.6712	-5.62519	0	17
cav4mxo_DB8-ZINC000022052924-0.pdb	-100.268	-94.3476	-5.91992	0	16.6579
cav4mxo_DB8-ZINC000022052929-0.pdb	-93.5204	-87.4092	-6.11122	0	16.4474
cav4mxo_DB8-ZINC000022139860-0.pdb	-100.873	-81.1361	-19.7368	0	18.0625
cav4mxo_DB8-ZINC000022292300-0.pdb	-84.0451	-78.0451	-6	0	24.5909
cav4mxo_DB8-ZINC000022389307-0.pdb	-90.3475	-90.3475	0	0	18.9333
cav4mxo_DB8-ZINC000022389309-0.pdb	-87.891	-87.891	0	0	21.4643
cav4mxo_DB8-ZINC000022405559-0.pdb	-89.2536	-66.6193	-22.6344	0	18
cav4mxo_DB8-ZINC000022475775-0.pdb	-74.1988	-70.6988	-3.5	0	18.44
cav4mxo_DB8-ZINC000022565059-0.pdb	-102.42	-82.5582	-19.8615	0	20.1471
cav4mxo_DB8-ZINC000022735944-0.pdb	-97.2914	-87.563	-9.72838	0	17.875
cav4mxo_DB8-ZINC000022735948-0.pdb	-91.4528	-81.985	-9.4678	0	22.0357
cav4mxo_DB8-ZINC000022832761-0.pdb	-104.042	-84.3477	-19.6944	0	24.6667
cav4mxo_DB8-ZINC000022834913-0.pdb	-99.0396	-75.6208	-23.4187	0	17.0278
cav4mxo_DB8-ZINC000022834916-0.pdb	-90.5123	-80.3582	-10.1542	0	14.2778
cav4mxo_DB8-ZINC000022837590-0.pdb	-101.151	-81.6154	-19.5354	0	17.4242
cav4mxo_DB8-ZINC000022838233-0.pdb	-81.3136	-59.182	-22.1316	0	16
cav4mxo_DB8-ZINC000022838343-0.pdb	-97.7154	-86.4474	-11.268	0	20.5714
cav4mxo_DB8-ZINC000022861569-0.pdb	-79.8175	-63.6917	-16.1258	0	21.6667
cav4mxo_DB8-ZINC000023007737-0.pdb	-87.8562	-71.445	-16.4112	0	25.3
cav4mxo_DB8-ZINC000023043302-0.pdb	-87.7161	-84.5208	-3.19533	0	22.8846
cav4mxo_DB8-ZINC000023380915-0.pdb	-91.9038	-85.9853	-5.91852	0	21.88
cav4mxo_DB8-ZINC000023618955-0.pdb	-80.978	-67.1467	-13.8313	0	20.4762
cav4mxo_DB8-ZINC000023692860-0.pdb	-97.5272	-87.499	-10.0281	0	26.4444
cav4mxo_DB8-ZINC000023881741-0.pdb	-90.7878	-86.5195	-4.26827	0	19.6429
cav4mxo_DB8-ZINC000024040871-0.pdb	-100.926	-90.244	-10.6823	0	19.8214
cav4mxo_DB8-ZINC000024466255-0.pdb	-94.5717	-91.0717	-3.5	0	20.5714
cav4mxo_DB8-ZINC000024748893-0.pdb	-95.9049	-86.2608	-9.64416	0	24.4231
cav4mxo_DB8-ZINC000024841625-0.pdb	-84.2549	-81.1261	-3.12879	0	17.3125
cav4mxo_DB8-ZINC000024904626-0.pdb	-91.0418	-74.6317	-16.4102	0	18.7143
cav4mxo_DB8-ZINC000024991580-0.pdb	-88.4581	-80.9264	-7.53171	0	20.4615
cav4mxo_DB8-ZINC000025043241-0.pdb	-83.5785	-74.3097	-9.26878	0	18.6071
cav4mxo_DB8-ZINC000025051220-0.pdb	-78.8117	-67.8925	-10.9192	0	18.76
cav4mxo_DB8-ZINC000025171187-0.pdb	-94.856	-76.1278	-18.7282	0	17.4516
cav4mxo_DB8-ZINC000025285431-0.pdb	-88.0499	-80.2925	-7.75733	0	20.1481
cav4mxo_DB8-ZINC000025523030-0.pdb	-77.3099	-66.8458	-10.4641	0	22.6316
cav4mxo_DB8-ZINC000025567266-0.pdb	-81.022	-64.5894	-16.4325	0	20.4091
cav4mxo_DB8-ZINC000025567267-0.pdb	-88.7247	-75.3104	-13.4143	0	26.3636
cav4mxo_DB8-ZINC000025748465-0.pdb	-93.7944	-90.4587	-3.33568	0	21.7857
cav4mxo_DB8-ZINC000025748635-0.pdb	-93.3045	-86.2031	-7.10135	0	19.7931
cav4mxo_DB8-ZINC000026235604-0.pdb	-102.35	-92.1858	-10.1642	0	20.9677
cav4mxo_DB8-ZINC000026692224-0.pdb	-75.5394	-68.6239	-6.91545	0	19.7391
cav4mxo_DB8-ZINC000026694925-0.pdb	-75.9567	-65.5695	-10.3872	0	21
cav4mxo_DB8-ZINC000026703492-0.pdb	-77.2964	-67.3566	-9.93981	0	20.4091
cav4mxo_DB8-ZINC000026779863-0.pdb	-83.7819	-83.7819	0	0	20.2414
cav4mxo_DB8-ZINC000026779870-0.pdb	-85.2027	-85.2027	0	0	23.0769
cav4mxo_DB8-ZINC000026871703-0.pdb	-101.457	-81.1848	-20.2718	0	26.3182
cav4mxo_DB8-ZINC000027041022-0.pdb	-78.888	-74.391	-4.49696	0	25
cav4mxo_DB8-ZINC000027299063-0.pdb	-48.7639	-38.086	-10.6778	0	21.1
cav4mxo_DB8-ZINC000027666404-0.pdb	-85.2505	-81.7505	-3.5	0	19.8214
cav4mxo_DB8-ZINC000027666406-0.pdb	-92.2978	-88.7978	-3.5	0	20.8214
cav4mxo_DB8-ZINC000027666408-0.pdb	-75.4127	-61.4796	-13.9331	0	19.9565
cav4mxo_DB8-ZINC000027666410-0.pdb	-78.1388	-74.6388	-3.5	0	21.1739
cav4mxo_DB8-ZINC000027666411-0.pdb	-86.8601	-82.4977	-4.36234	0	21.4615
cav4mxo_DB8-ZINC000027666413-0.pdb	-83.1296	-73.8899	-9.23972	0	20.2083
cav4mxo_DB8-ZINC000027666414-0.pdb	-86.8226	-66.0322	-20.7904	0	18.5833
cav4mxo_DB8-ZINC000027666416-0.pdb	-85.7943	-82.5363	-3.25806	0	24.6522
cav4mxo_DB8-ZINC000027666418-0.pdb	-82.9431	-71.4961	-11.447	0	19.0417
cav4mxo_DB8-ZINC000027666419-0.pdb	-81.3628	-77.8628	-3.5	0	20.9615
cav4mxo_DB8-ZINC000027666421-0.pdb	-54.9594	-43.8108	-11.1486	0	20.8889
cav4mxo_DB8-ZINC000027666423-0.pdb	-89.3264	-76.0929	-13.2335	0	20.037
cav4mxo_DB8-ZINC000027666425-0.pdb	-94.0035	-80.7308	-13.2727	0	20
cav4mxo_DB8-ZINC000027666426-0.pdb	-96.75	-82.3163	-14.4337	0	20.4074
cav4mxo_DB8-ZINC000027666428-0.pdb	-90.5337	-85.7205	-4.81315	0	21.2692
cav4mxo_DB8-ZINC000027666429-0.pdb	-88.7741	-79.3486	-9.42551	0	19.1
cav4mxo_DB8-ZINC000027666431-0.pdb	-95.4276	-90.6748	-4.75284	0	21.5556
cav4mxo_DB8-ZINC000027666433-0.pdb	-88.5875	-82.3303	-6.25718	0	19.6786
cav4mxo_DB8-ZINC000027666435-0.pdb	-96.5458	-85.2703	-11.2755	0	21.9286
cav4mxo_DB8-ZINC000027666436-0.pdb	-99.4039	-95.056	-4.34793	0	21.7143
cav4mxo_DB8-ZINC000027666438-0.pdb	-87.4836	-80.4836	-7	0	20.7037
cav4mxo_DB8-ZINC000027666440-0.pdb	-94.6339	-81.1467	-13.4872	0	18.9643
cav4mxo_DB8-ZINC000027666441-0.pdb	-93.0341	-82.7158	-10.3182	0	17.9091
cav4mxo_DB8-ZINC000027666443-0.pdb	-85.0125	-72.8609	-12.1515	0	19.4688
cav4mxo_DB8-ZINC000027666445-0.pdb	-84.8087	-81.3087	-3.5	0	16.0625
cav4mxo_DB8-ZINC000027666447-0.pdb	-94.2711	-91.9108	-2.3603	0	21.9677
cav4mxo_DB8-ZINC000027666449-0.pdb	-93.412	-80.8166	-12.5954	0	20.8214
cav4mxo_DB8-ZINC000027666450-0.pdb	-77.6135	-67.7275	-9.88596	0	19.72
cav4mxo_DB8-ZINC000027666452-0.pdb	-103.405	-99.9047	-3.5	0	21.7813
cav4mxo_DB8-ZINC000027666454-0.pdb	-84.1041	-80.6041	-3.5	0	21.75
cav4mxo_DB8-ZINC000027666456-0.pdb	-82.0919	-75.9724	-6.11951	0	21.2
cav4mxo_DB8-ZINC000027666457-0.pdb	-84.4478	-74.5786	-9.86915	0	19.8077
cav4mxo_DB8-ZINC000027666459-0.pdb	-91.8438	-88.9888	-2.855	0	23.1852
cav4mxo_DB8-ZINC000027666461-0.pdb	-82.9632	-79.0619	-3.90134	0	20.2222
cav4mxo_DB8-ZINC000027666463-0.pdb	-87.5097	-80.9436	-6.5661	0	21.3333
cav4mxo_DB8-ZINC000027666464-0.pdb	-80.8175	-76.1917	-4.6258	0	18.7778
cav4mxo_DB8-ZINC000027666466-0.pdb	-86.7629	-83.1082	-3.65473	0	20.7778
cav4mxo_DB8-ZINC000027666468-0.pdb	-83.7186	-73.1137	-10.6049	0	20.2222
cav4mxo_DB8-ZINC000027666470-0.pdb	-83.6191	-81.0228	-2.59629	0	24.6667
cav4mxo_DB8-ZINC000027795902-0.pdb	-86.2962	-81.3312	-4.96506	0	23.5
cav4mxo_DB8-ZINC000027977100-0.pdb	-91.0457	-91.0457	0	0	22.7778
cav4mxo_DB8-ZINC000027983162-0.pdb	-77.8656	-75.3656	-2.5	0	23.087
cav4mxo_DB8-ZINC000028222217-0.pdb	-68.7177	-68.7177	0	0	19.3478
cav4mxo_DB8-ZINC000028223907-0.pdb	-75.8262	-72.5482	-3.27794	0	21.7727
cav4mxo_DB8-ZINC000028224647-0.pdb	-76.4056	-57.6567	-18.7489	0	17.9545
cav4mxo_DB8-ZINC000028251774-0.pdb	-93.0471	-89.5471	-3.5	0	22.1724
cav4mxo_DB8-ZINC000028296489-0.pdb	-94.7041	-79.9568	-14.7473	0	19.4643
cav4mxo_DB8-ZINC000029121957-0.pdb	-97.3605	-88.1172	-9.24324	0	19
cav4mxo_DB8-ZINC000030526632-0.pdb	-93.2182	-93.2182	0	0	23.4667
cav4mxo_DB8-ZINC000030587613-0.pdb	-77.877	-68.1382	-9.73874	0	23.65
cav4mxo_DB8-ZINC000030587615-0.pdb	-93.3472	-86.3472	-7	0	23.1667
cav4mxo_DB8-ZINC000030587662-0.pdb	-80.3004	-63.8044	-16.4959	0	20.9048
cav4mxo_DB8-ZINC000030691817-0.pdb	-89.6702	-74.6012	-15.069	0	20.4167
cav4mxo_DB8-ZINC000031784818-0.pdb	-86.4626	-77.1487	-9.31385	0	17.8214
cav4mxo_DB8-ZINC000031785225-0.pdb	-86.0307	-76.2877	-9.74301	0	17.8929
cav4mxo_DB8-ZINC000031886264-0.pdb	-91.5864	-82.0864	-9.5	0	18.9375
cav4mxo_DB8-ZINC000031949082-0.pdb	-86.372	-79.372	-7	0	23.1818
cav4mxo_DB8-ZINC000032105174-0.pdb	-93.5653	-86.8249	-6.74043	0	19.9259
cav4mxo_DB8-ZINC000032508880-0.pdb	-80.4953	-66.2884	-14.2069	0	19.7619
cav4mxo_DB8-ZINC000032508881-0.pdb	-73.4275	-66.6001	-6.82736	0	22.9
cav4mxo_DB8-ZINC000032508885-0.pdb	-75.8262	-61.3316	-14.4946	0	18.7143
cav4mxo_DB8-ZINC000032523781-0.pdb	-79.4307	-73.186	-6.24474	0	25.15
cav4mxo_DB8-ZINC000032550953-0.pdb	-80.4776	-70.2946	-10.183	0	23.5
cav4mxo_DB8-ZINC000032578507-0.pdb	-89.2278	-71.6052	-17.6225	0	23.7619
cav4mxo_DB8-ZINC000032580857-0.pdb	-88.3318	-72.1695	-16.1623	0	25.0556
cav4mxo_DB8-ZINC000032610679-0.pdb	-89.8374	-84.9595	-4.87794	0	18.1
cav4mxo_DB8-ZINC000032648569-0.pdb	-86.0867	-79.294	-6.79271	0	18.5333
cav4mxo_DB8-ZINC000032649981-0.pdb	-73.8625	-56.9762	-16.8863	0	16.7727
cav4mxo_DB8-ZINC000032649987-0.pdb	-87.2146	-72.9307	-14.2838	0	27.5714
cav4mxo_DB8-ZINC000032650105-0.pdb	-91.0674	-66.1543	-24.9131	0	18.9231
cav4mxo_DB8-ZINC000032650585-0.pdb	-85.8368	-70.0254	-15.8114	0	18.6957
cav4mxo_DB8-ZINC000032721492-0.pdb	-105.025	-94.9288	-10.096	0	26.2222
cav4mxo_DB8-ZINC000032753009-0.pdb	-88.9789	-76.1611	-12.8178	0	20.56
cav4mxo_DB8-ZINC000032768213-0.pdb	-100.639	-100.639	0	0	20.2353
cav4mxo_DB8-ZINC000032803852-0.pdb	-75.9882	-51.2339	-24.7543	0	15.8261
cav4mxo_DB8-ZINC000032810684-0.pdb	-88.0842	-70.779	-17.3051	0	18.625
cav4mxo_DB8-ZINC000032853423-0.pdb	-77.9818	-70.9818	-7	0	23.9524
cav4mxo_DB8-ZINC000032853577-0.pdb	-90.831	-77.1016	-13.7294	0	25.3478
cav4mxo_DB8-ZINC000032853579-0.pdb	-82.5105	-74.8312	-7.6793	0	23.4348
cav4mxo_DB8-ZINC000032858214-0.pdb	-86.9736	-61.3207	-25.6529	0	15.7813
cav4mxo_DB8-ZINC000032869565-0.pdb	-115.626	-105.088	-10.5379	0	21.2813
cav4mxo_DB8-ZINC000032870565-0.pdb	-97.9119	-86.8685	-11.0434	0	21.8214
cav4mxo_DB8-ZINC000032885628-0.pdb	-99.0161	-81.8091	-17.207	0	20.4074
cav4mxo_DB8-ZINC000032907699-0.pdb	-94.0762	-81.7916	-12.2845	0	23.8333
cav4mxo_DB8-ZINC000032910901-0.pdb	-96.6901	-89.6901	-7	0	19.3667
cav4mxo_DB8-ZINC000032911807-0.pdb	-87.2137	-73.2137	-14	0	20.0417
cav4mxo_DB8-ZINC000032934483-0.pdb	-100.713	-86.9138	-13.7987	0	20.6667
cav4mxo_DB8-ZINC000032934485-0.pdb	-98.853	-85.3683	-13.4847	0	17.5
cav4mxo_DB8-ZINC000032983195-0.pdb	-99.7712	-96.2712	-3.5	0	17.7568
cav4mxo_DB8-ZINC000032983197-0.pdb	-112.095	-101.595	-10.5	0	19.3514
cav4mxo_DB8-ZINC000033067691-0.pdb	-95.9905	-85.8955	-10.0949	0	19.3333
cav4mxo_DB8-ZINC000033533813-0.pdb	-78.2362	-68.7044	-9.53172	0	23.6522
cav4mxo_DB8-ZINC000034014624-0.pdb	-96.8148	-80.9134	-15.9014	0	18.8387
cav4mxo_DB8-ZINC000035311010-0.pdb	-80.8197	-64.7447	-16.0751	0	23.7143
cav4mxo_DB8-ZINC000035311695-0.pdb	-78.1811	-63.4728	-14.7083	0	24.5789
cav4mxo_DB8-ZINC000035314189-0.pdb	-84.2686	-67.975	-16.2936	0	23.2609
cav4mxo_DB8-ZINC000035606570-0.pdb	-98.9672	-90.4745	-8.49272	0	21.1
cav4mxo_DB8-ZINC000035615740-0.pdb	-93.0819	-77.7583	-15.3236	0	18.2
cav4mxo_DB8-ZINC000035615742-0.pdb	-91.3157	-79.6843	-11.6315	0	20.6897
cav4mxo_DB8-ZINC000035615745-0.pdb	-93.2805	-85.344	-7.93647	0	17.625
cav4mxo_DB8-ZINC000035622633-0.pdb	-88.4774	-80.3238	-8.15351	0	22.2308
cav4mxo_DB8-ZINC000035681893-0.pdb	-114.364	-101.076	-13.2881	0	21
cav4mxo_DB8-ZINC000035681973-0.pdb	-104.325	-95.8519	-8.47258	0	21.3333
cav4mxo_DB8-ZINC000035681975-0.pdb	-93.7424	-87.9472	-5.79518	0	17.9688
cav4mxo_DB8-ZINC000035681978-0.pdb	-96.4723	-82.8807	-13.5916	0	16.8286
cav4mxo_DB8-ZINC000035681980-0.pdb	-93.7843	-91.3046	-2.47974	0	21.7407
cav4mxo_DB8-ZINC000035781451-0.pdb	-75.5784	-62.7643	-12.8141	0	22.5789
cav4mxo_DB8-ZINC000035781654-0.pdb	-69.7204	-63.7887	-5.93167	0	25.2222
cav4mxo_DB8-ZINC000036092610-0.pdb	-91.538	-75.5828	-15.9552	0	22.6538
cav4mxo_DB8-ZINC000036392978-0.pdb	-92.5552	-76.1114	-16.4438	0	17.2667
cav4mxo_DB8-ZINC000036395266-0.pdb	-84.9237	-69.3952	-15.5285	0	19.4348
cav4mxo_DB8-ZINC000036395462-0.pdb	-90.2937	-82.284	-8.00977	0	18.303
cav4mxo_DB8-ZINC000036395699-0.pdb	-92.9407	-78.0041	-14.9366	0	16.8276
cav4mxo_DB8-ZINC000036396655-0.pdb	-103.029	-90.1303	-12.8984	0	18.2647
cav4mxo_DB8-ZINC000036396656-0.pdb	-104.24	-91.344	-12.8962	0	18.3235
cav4mxo_DB8-ZINC000036611941-0.pdb	-92.7774	-75.9251	-16.8523	0	19.8182
cav4mxo_DB8-ZINC000036613206-0.pdb	-88.753	-69.3787	-19.3743	0	18.2333
cav4mxo_DB8-ZINC000036613304-0.pdb	-97.1633	-90.313	-6.85029	0	19.8333
cav4mxo_DB8-ZINC000036613360-0.pdb	-90.9869	-76.5501	-14.4369	0	21.0357
cav4mxo_DB8-ZINC000036613436-0.pdb	-90.745	-74.6668	-16.0782	0	16.2333
cav4mxo_DB8-ZINC000036613551-0.pdb	-106.785	-100.757	-6.02804	0	22.7
cav4mxo_DB8-ZINC000036613554-0.pdb	-102.456	-82.1354	-20.3208	0	18.9355
cav4mxo_DB8-ZINC000036613642-0.pdb	-96.7175	-70.0079	-26.7096	0	20.6071
cav4mxo_DB8-ZINC000036613643-0.pdb	-78.9767	-64.4667	-14.51	0	21.6667
cav4mxo_DB8-ZINC000036613673-0.pdb	-89.8352	-83.6558	-6.17946	0	16.7576
cav4mxo_DB8-ZINC000036613734-0.pdb	-101.811	-87.204	-14.6065	0	21.4444
cav4mxo_DB8-ZINC000036613784-0.pdb	-81.5406	-78.0406	-3.5	0	19.069
cav4mxo_DB8-ZINC000036613819-0.pdb	-90.4088	-80.0069	-10.4019	0	17.0606
cav4mxo_DB8-ZINC000036613853-0.pdb	-104.507	-84.82	-19.6868	0	21.1481
cav4mxo_DB8-ZINC000036613941-0.pdb	-84.0089	-78.0313	-5.97757	0	24.5714
cav4mxo_DB8-ZINC000036614059-0.pdb	-85.8896	-76.0179	-9.87172	0	19.25
cav4mxo_DB8-ZINC000036614124-0.pdb	-86.5649	-73.9103	-12.6545	0	23.1818
cav4mxo_DB8-ZINC000036614221-0.pdb	-84.471	-76.2511	-8.21984	0	25.4286
cav4mxo_DB8-ZINC000036614228-0.pdb	-87.0631	-80.1338	-6.92931	0	25.5455
cav4mxo_DB8-ZINC000036614264-0.pdb	-99.651	-79.88	-19.7709	0	18.6286
cav4mxo_DB8-ZINC000036614299-0.pdb	-88.5934	-82.3654	-6.22799	0	19.6667
cav4mxo_DB8-ZINC000036615783-0.pdb	-91.3441	-81.8441	-9.5	0	22.1154
cav4mxo_DB8-ZINC000036615812-0.pdb	-94.9451	-84.2604	-10.6847	0	22.4286
cav4mxo_DB8-ZINC000036615860-0.pdb	-94.9019	-71.0284	-23.8736	0	18.3667
cav4mxo_DB8-ZINC000036615880-0.pdb	-97.8083	-95.4157	-2.39266	0	21.1935
cav4mxo_DB8-ZINC000036615892-0.pdb	-86.7403	-67.8547	-18.8855	0	18.1538
cav4mxo_DB8-ZINC000036615924-0.pdb	-98.608	-87.112	-11.496	0	19.2
cav4mxo_DB8-ZINC000036616019-0.pdb	-97.8542	-70.1648	-27.6895	0	17.5172
cav4mxo_DB8-ZINC000036616048-0.pdb	-85.2924	-74.9246	-10.3678	0	18.963
cav4mxo_DB8-ZINC000036616135-0.pdb	-105.572	-92.6489	-12.923	0	18.2121
cav4mxo_DB8-ZINC000036616152-0.pdb	-89.6631	-89.6631	0	0	20.3333
cav4mxo_DB8-ZINC000036616153-0.pdb	-86.2799	-73.3017	-12.9782	0	17.6333
cav4mxo_DB8-ZINC000036616169-0.pdb	-85.4721	-76.2931	-9.17899	0	23.6364
cav4mxo_DB8-ZINC000036616211-0.pdb	-88.0947	-84.5947	-3.5	0	21.6154
cav4mxo_DB8-ZINC000036616272-0.pdb	-76.3694	-69.4029	-6.96645	0	24.1111
cav4mxo_DB8-ZINC000036616288-0.pdb	-93.4641	-77.0545	-16.4095	0	18.0938
cav4mxo_DB8-ZINC000036616292-0.pdb	-96.4212	-72.7529	-23.6683	0	19.6667
cav4mxo_DB8-ZINC000036616335-0.pdb	-79.0499	-73.0499	-6	0	17.2222
cav4mxo_DB8-ZINC000036616344-0.pdb	-94.1165	-87.1165	-7	0	20.3333
cav4mxo_DB8-ZINC000036616358-0.pdb	-86.8669	-70.6675	-16.1994	0	15.4667
cav4mxo_DB8-ZINC000036616366-0.pdb	-99.1595	-79.4676	-19.6919	0	21.1034
cav4mxo_DB8-ZINC000036616406-0.pdb	-88.7053	-81.7053	-7	0	19.5517
cav4mxo_DB8-ZINC000036616430-0.pdb	-89.2571	-67.2775	-21.9796	0	16.1034
cav4mxo_DB8-ZINC000036616442-0.pdb	-88.7949	-76.6572	-12.1378	0	19.3214
cav4mxo_DB8-ZINC000036616484-0.pdb	-83.1746	-71.2274	-11.9472	0	17.3
cav4mxo_DB8-ZINC000036616505-0.pdb	-77.9418	-70.0992	-7.84258	0	17.1111
cav4mxo_DB8-ZINC000036616593-0.pdb	-85.5793	-73.321	-12.2583	0	19.4615
cav4mxo_DB8-ZINC000036616597-0.pdb	-91.8407	-72.7921	-19.0486	0	20.2308
cav4mxo_DB8-ZINC000036616642-0.pdb	-93.9032	-80.4963	-13.4069	0	19.9655
cav4mxo_DB8-ZINC000036616655-0.pdb	-84.7823	-81.6993	-3.08301	0	20.5926
cav4mxo_DB8-ZINC000036616699-0.pdb	-95.7062	-78.7276	-16.9785	0	17.125
cav4mxo_DB8-ZINC000036616749-0.pdb	-84.9839	-71.4519	-13.532	0	16.2333
cav4mxo_DB8-ZINC000036616815-0.pdb	-84.8942	-80.3597	-4.53447	0	19.7037
cav4mxo_DB8-ZINC000036616853-0.pdb	-96.4532	-84.6717	-11.7815	0	19.6563
cav4mxo_DB8-ZINC000036616904-0.pdb	-81.705	-77.7983	-3.90672	0	23.037
cav4mxo_DB8-ZINC000036616907-0.pdb	-91.0019	-81.5019	-9.5	0	22.8148
cav4mxo_DB8-ZINC000036616914-0.pdb	-86.9863	-73.6807	-13.3056	0	18.9259
cav4mxo_DB8-ZINC000036617375-0.pdb	-79.7387	-59.6385	-20.1002	0	16.2692
cav4mxo_DB8-ZINC000036617410-0.pdb	-92.6185	-73.6759	-18.9426	0	25.625
cav4mxo_DB8-ZINC000036617465-0.pdb	-67.6582	-51.0764	-16.5818	0	20.6333
cav4mxo_DB8-ZINC000036618372-0.pdb	-91.9088	-84.9088	-7	0	19.3793
cav4mxo_DB8-ZINC000036618421-0.pdb	-98.3885	-90.1063	-8.28219	0	18.1333
cav4mxo_DB8-ZINC000036618530-0.pdb	-115.47	-89.6203	-24.8838	-0.966361	21.5714
cav4mxo_DB8-ZINC000036618533-0.pdb	-93.0457	-71.8699	-21.1758	0	17.2258
cav4mxo_DB8-ZINC000036618913-0.pdb	-98.2285	-88.6288	-9.59968	0	20.5
cav4mxo_DB8-ZINC000036618930-0.pdb	-104.234	-92.6625	-11.5715	0	20.7419
cav4mxo_DB8-ZINC000036618961-0.pdb	-94.9998	-84.5395	-10.4603	0	18.3889
cav4mxo_DB8-ZINC000036618984-0.pdb	-103.872	-90.2265	-13.6452	0	17.5714
cav4mxo_DB8-ZINC000036619008-0.pdb	-102.174	-76.9037	-24.7129	-0.557026	16.9412
cav4mxo_DB8-ZINC000036619044-0.pdb	-93.0875	-81.7403	-11.3472	0	15.8235
cav4mxo_DB8-ZINC000036619050-0.pdb	-97.8671	-80.4741	-17.3929	0	19.6786
cav4mxo_DB8-ZINC000036619089-0.pdb	-96.8542	-96.8542	0	0	19.3824
cav4mxo_DB8-ZINC000036619132-0.pdb	-92.0927	-83.4722	-8.62051	0	17.3438
cav4mxo_DB8-ZINC000036619143-0.pdb	-106.31	-99.5211	-6.78897	0	18.7647
cav4mxo_DB8-ZINC000036619160-0.pdb	-91.296	-82.0387	-9.25734	0	14.7027
cav4mxo_DB8-ZINC000036619200-0.pdb	-90.8795	-70.8795	-20	0	19.16
cav4mxo_DB8-ZINC000036619219-0.pdb	-97.5463	-84.4545	-13.0917	0	21.9286
cav4mxo_DB8-ZINC000036619235-0.pdb	-87.8696	-80.8696	-7	0	16.6471
cav4mxo_DB8-ZINC000036619244-0.pdb	-92.1319	-70.6125	-21.5195	0	16.1
cav4mxo_DB8-ZINC000036619260-0.pdb	-99.2252	-89.1791	-10.0461	0	18.4063
cav4mxo_DB8-ZINC000036619267-0.pdb	-91.1489	-77.7771	-13.3718	0	26.6923
cav4mxo_DB8-ZINC000036619283-0.pdb	-104.462	-82.0497	-21.1936	-1.21871	17.5143
cav4mxo_DB8-ZINC000036619288-0.pdb	-82.3367	-61.8142	-20.5225	0	16.3571
cav4mxo_DB8-ZINC000036619322-0.pdb	-85.5195	-78.5195	-7	0	19.25
cav4mxo_DB8-ZINC000036619333-0.pdb	-110.268	-97.675	-12.5929	0	19.4054
cav4mxo_DB8-ZINC000036619347-0.pdb	-89.1501	-75.2628	-13.8872	0	19.3846
cav4mxo_DB8-ZINC000036619360-0.pdb	-94.468	-79.5375	-14.9305	0	17.5294
cav4mxo_DB8-ZINC000036619376-0.pdb	-97.0122	-86.9509	-10.0613	0	19.9667
cav4mxo_DB8-ZINC000036619385-0.pdb	-90.4195	-82.0078	-8.41178	0	18.8929
cav4mxo_DB8-ZINC000036619415-0.pdb	-99.4244	-83.2995	-16.1249	0	19.6452
cav4mxo_DB8-ZINC000036619421-0.pdb	-115.174	-95.9714	-19.2022	0	21.9
cav4mxo_DB8-ZINC000036619447-0.pdb	-91.76	-77.2426	-14.5174	0	16.7333
cav4mxo_DB8-ZINC000036619482-0.pdb	-85.3013	-71.9524	-13.3489	0	18.2692
cav4mxo_DB8-ZINC000036619487-0.pdb	-102.033	-87.9968	-14.0363	0	20.9355
cav4mxo_DB8-ZINC000036619491-0.pdb	-108.736	-81.179	-26.7175	-0.839663	15.8611
cav4mxo_DB8-ZINC000036619494-0.pdb	-100.723	-91.8916	-8.8318	0	20.9412
cav4mxo_DB8-ZINC000036619499-0.pdb	-99.9346	-68.9876	-30.947	0	20.4444
cav4mxo_DB8-ZINC000036619503-0.pdb	-98.2746	-94.7746	-3.5	0	17.4167
cav4mxo_DB8-ZINC000036619527-0.pdb	-112.257	-91.5822	-20.6745	0	19.9722
cav4mxo_DB8-ZINC000036619532-0.pdb	-110.713	-100.77	-9.94288	0	17.8056
cav4mxo_DB8-ZINC000036688997-0.pdb	-89.4119	-75.4985	-13.9134	0	19.8846
cav4mxo_DB8-ZINC000038011998-0.pdb	-85.0768	-64.0466	-21.0302	0	23.8947
cav4mxo_DB8-ZINC000038449853-0.pdb	-110.92	-104.748	-6.17201	0	20.7813
cav4mxo_DB8-ZINC000038486581-0.pdb	-80.4048	-73.3463	-7.05858	0	19.7083
cav4mxo_DB8-ZINC000038653220-0.pdb	-103.345	-94.0237	-9.32134	0	22.3214
cav4mxo_DB8-ZINC000039300628-0.pdb	-100.857	-87.7065	-13.1508	0	17.4571
cav4mxo_DB8-ZINC000040040259-0.pdb	-92.6399	-89.1399	-3.5	0	18.3
cav4mxo_DB8-ZINC000040087707-0.pdb	-90.0183	-86.5183	-3.5	0	21.16
cav4mxo_DB8-ZINC000040128162-0.pdb	-91.9928	-81.1472	-10.8456	0	20.4444
cav4mxo_DB8-ZINC000040130727-0.pdb	-100.232	-91.0508	-9.18148	0	21.8333
cav4mxo_DB8-ZINC000040135245-0.pdb	-88.4985	-76.9699	-11.5286	0	18.0333
cav4mxo_DB8-ZINC000040139261-0.pdb	-86.0236	-68.5236	-17.5	0	18.375
cav4mxo_DB8-ZINC000040139262-0.pdb	-79	-72.3405	-6.65949	0	20.3077
cav4mxo_DB8-ZINC000040139263-0.pdb	-87.7962	-82.0798	-5.71643	0	20.0357
cav4mxo_DB8-ZINC000040139264-0.pdb	-95.3529	-88.3529	-7	0	20.4643
cav4mxo_DB8-ZINC000040139277-0.pdb	-94.5493	-91.0493	-3.5	0	17.7576
cav4mxo_DB8-ZINC000040139278-0.pdb	-88.9546	-82.9647	-5.98994	0	18.2121
cav4mxo_DB8-ZINC000040139284-0.pdb	-92.9482	-82.5534	-10.3948	0	22.84
cav4mxo_DB8-ZINC000040139285-0.pdb	-85.9548	-78.2521	-7.7027	0	21.12
cav4mxo_DB8-ZINC000040144909-0.pdb	-88.1873	-75.0016	-13.1857	0	16.2258
cav4mxo_DB8-ZINC000040155574-0.pdb	-88.4078	-84.4678	-3.94005	0	16.8286
cav4mxo_DB8-ZINC000040155579-0.pdb	-85.9415	-82.4415	-3.5	0	20.1538
cav4mxo_DB8-ZINC000040227528-0.pdb	-75.4101	-68.7506	-6.65942	0	21.7619
cav4mxo_DB8-ZINC000040384499-0.pdb	-103.181	-100.541	-2.64044	0	21.6897
cav4mxo_DB8-ZINC000041121003-0.pdb	-76.3538	-65.8538	-10.5	0	22.3684
cav4mxo_DB8-ZINC000041121030-0.pdb	-86.3378	-70.6969	-15.6409	0	25.2
cav4mxo_DB8-ZINC000041121145-0.pdb	-87.228	-70.1139	-17.1141	0	23.55
cav4mxo_DB8-ZINC000041121181-0.pdb	-73.4728	-59.6247	-13.848	0	21.7222
cav4mxo_DB8-ZINC000041121193-0.pdb	-69.8429	-58.0404	-11.8025	0	27.375
cav4mxo_DB8-ZINC000041122911-0.pdb	-85.1618	-72.6918	-12.4701	0	20.381
cav4mxo_DB8-ZINC000041122917-0.pdb	-75.7999	-60.0152	-15.7847	0	22.2632
cav4mxo_DB8-ZINC000041122919-0.pdb	-85.6499	-71.8623	-13.7876	0	26.7143
cav4mxo_DB8-ZINC000041123815-0.pdb	-76.3665	-66.1798	-10.1867	0	21.64
cav4mxo_DB8-ZINC000041123940-0.pdb	-95.0549	-77.1635	-17.8913	0	22.3333
cav4mxo_DB8-ZINC000041127700-0.pdb	-83.8741	-78.1195	-5.75461	0	23.087
cav4mxo_DB8-ZINC000041160105-0.pdb	-80.3106	-66.3939	-13.9167	0	23.5789
cav4mxo_DB8-ZINC000041195118-0.pdb	-107.661	-97.1613	-10.5	0	20.8276
cav4mxo_DB8-ZINC000041195121-0.pdb	-97.7783	-81.9099	-15.8683	0	19.2581
cav4mxo_DB8-ZINC000041529337-0.pdb	-89.669	-70.0718	-19.5972	0	17.72
cav4mxo_DB8-ZINC000041529368-0.pdb	-85.2995	-65.396	-19.9035	0	19.2692
cav4mxo_DB8-ZINC000043203317-0.pdb	-103.784	-93.284	-10.5	0	20.3235
cav4mxo_DB8-ZINC000044500808-0.pdb	-82.8261	-59.7321	-23.094	0	15.5556
cav4mxo_DB8-ZINC000044999609-0.pdb	-74.6933	-72.2313	-2.46202	0	16.3846
cav4mxo_DB8-ZINC000046087787-0.pdb	-81.7825	-71.2825	-10.5	0	18.2
cav4mxo_DB8-ZINC000046087793-0.pdb	-81.2355	-68.4973	-12.7381	0	25.95
cav4mxo_DB8-ZINC000046087799-0.pdb	-73.1516	-61.2505	-11.9011	0	26.6471
cav4mxo_DB8-ZINC000047457877-0.pdb	-85.337	-73.9931	-11.344	0	21.08
cav4mxo_DB8-ZINC000048231334-0.pdb	-90.8642	-72.0629	-18.8014	0	17.0741
cav4mxo_DB8-ZINC000048252221-0.pdb	-72.1961	-70.3678	-1.82832	0	23.5714
cav4mxo_DB8-ZINC000048286479-0.pdb	-80.2895	-64.2044	-16.0851	0	18.5652
cav4mxo_DB8-ZINC000048286695-0.pdb	-90.3826	-79.0755	-11.3071	0	18.3103
cav4mxo_DB8-ZINC000048287225-0.pdb	-95.9652	-86.8524	-9.11282	0	21.9032
cav4mxo_DB8-ZINC000048299040-0.pdb	-90.5151	-69.5004	-21.0147	0	17.2857
cav4mxo_DB8-ZINC000048332252-0.pdb	-98.4025	-78.0132	-20.3893	0	19
cav4mxo_DB8-ZINC000048333276-0.pdb	-85.0887	-74.729	-10.3597	0	19.44
cav4mxo_DB8-ZINC000048356471-0.pdb	-97.3313	-86.4236	-10.9077	0	23.9167
cav4mxo_DB8-ZINC000048571360-0.pdb	-76.495	-70.2527	-6.24227	0	27.35
cav4mxo_DB8-ZINC000049004766-0.pdb	-90.3512	-86.8512	-3.5	0	18.5484
cav4mxo_DB8-ZINC000049005037-0.pdb	-97.9699	-78.2734	-19.6965	0	17.5806
cav4mxo_DB8-ZINC000049005087-0.pdb	-87.0405	-75.7246	-11.3159	0	16.6786
cav4mxo_DB8-ZINC000050931224-0.pdb	-97.1135	-90.2463	-6.86725	0	25.0833
cav4mxo_DB8-ZINC000052359877-0.pdb	-95.1718	-82.2155	-12.9563	0	20.92
cav4mxo_DB8-ZINC000052473318-0.pdb	-80.8881	-76.328	-4.56017	0	26.0476
cav4mxo_DB8-ZINC000052487394-0.pdb	-80.7725	-66.7725	-14	0	24.5
cav4mxo_DB8-ZINC000052487395-0.pdb	-74.3393	-65.5308	-8.80848	0	23.55
cav4mxo_DB8-ZINC000052487400-0.pdb	-83.6893	-69.5405	-14.1488	0	21.4167
cav4mxo_DB8-ZINC000052487413-0.pdb	-75.2492	-63.7821	-11.4672	0	21.6818
cav4mxo_DB8-ZINC000052487456-0.pdb	-82.7185	-71.2382	-11.4803	0	23.5909
cav4mxo_DB8-ZINC000053583066-0.pdb	-71.315	-67.815	-3.5	0	22.2
cav4mxo_DB8-ZINC000053583067-0.pdb	-73.6065	-64.3564	-9.25014	0	22.45
cav4mxo_DB8-ZINC000054418187-0.pdb	-83.1944	-67.7646	-15.4298	0	19.2083
cav4mxo_DB8-ZINC000055072714-0.pdb	-84.9124	-67.1657	-17.7467	0	19.9545
cav4mxo_DB8-ZINC000055133235-0.pdb	-79.648	-73.8013	-5.84674	0	21
cav4mxo_DB8-ZINC000055182591-0.pdb	-85.0397	-77.6866	-7.35306	0	23.4783
cav4mxo_DB8-ZINC000055325365-0.pdb	-91.0004	-67.7946	-23.4735	0.267707	24.7143
cav4mxo_DB8-ZINC000055326120-0.pdb	-79.8186	-70.4681	-11.9336	2.58313	16.8519
cav4mxo_DB8-ZINC000055342502-0.pdb	-75.2864	-67.9903	-7.29616	0	19.5556
cav4mxo_DB8-ZINC000055342504-0.pdb	-82.8135	-69.5199	-13.2936	0	17.0741
cav4mxo_DB8-ZINC000055343076-0.pdb	-83.2838	-77.6796	-5.60415	0	23.96
cav4mxo_DB8-ZINC000055343081-0.pdb	-81.265	-72.2142	-9.05078	0	18.32
cav4mxo_DB8-ZINC000055387239-0.pdb	-88.7735	-73.8374	-14.9361	0	25.1739
cav4mxo_DB8-ZINC000055404593-0.pdb	-87.8759	-79.3009	-8.57498	0	20.4615
cav4mxo_DB8-ZINC000055412957-0.pdb	-67.1395	-57.6695	-9.47005	0	17.9048
cav4mxo_DB8-ZINC000055414312-0.pdb	-85.7528	-83.2528	-2.5	0	20.7308
cav4mxo_DB8-ZINC000055543966-0.pdb	-74.894	-68.7234	-6.17061	0	19
cav4mxo_DB8-ZINC000055568797-0.pdb	-90.5184	-81.2746	-9.24384	0	22.913
cav4mxo_DB8-ZINC000057148962-0.pdb	-85.5638	-67.132	-18.4318	0	19.75
cav4mxo_DB8-ZINC000057148976-0.pdb	-85.2402	-69.5299	-15.7103	0	17.9615
cav4mxo_DB8-ZINC000057148977-0.pdb	-90.9905	-74.2561	-16.7344	0	20.0385
cav4mxo_DB8-ZINC000057279175-0.pdb	-82.9119	-69.2799	-13.632	0	22.5
cav4mxo_DB8-ZINC000057279189-0.pdb	-77.0523	-70.5105	-6.54178	0	20.913
cav4mxo_DB8-ZINC000057279232-0.pdb	-81.7671	-73.0573	-8.70982	0	22.5
cav4mxo_DB8-ZINC000057279833-0.pdb	-75.8818	-58.7701	-17.1117	0	19.5789
cav4mxo_DB8-ZINC000057280190-0.pdb	-77.1838	-62.9086	-14.2752	0	19.0476
cav4mxo_DB8-ZINC000057280205-0.pdb	-89.6787	-75.5955	-14.0832	0	27.3636
cav4mxo_DB8-ZINC000057312376-0.pdb	-78.3442	-74.8442	-3.5	0	23.2381
cav4mxo_DB8-ZINC000057312381-0.pdb	-83.45	-74.1284	-9.32163	0	23.7727
cav4mxo_DB8-ZINC000057312389-0.pdb	-79.1786	-73.1734	-6.00519	0	22.5652
cav4mxo_DB8-ZINC000057312392-0.pdb	-73.0593	-62.367	-10.6923	0	21.4
cav4mxo_DB8-ZINC000057312393-0.pdb	-73.2357	-66.7729	-6.46277	0	26.3684
cav4mxo_DB8-ZINC000057312551-0.pdb	-82.6521	-82.6521	0	0	24.087
cav4mxo_DB8-ZINC000057312556-0.pdb	-71.4959	-57.4168	-14.0791	0	20.913
cav4mxo_DB8-ZINC000057312559-0.pdb	-79.4515	-66.1296	-13.3219	0	18.1667
cav4mxo_DB8-ZINC000057312561-0.pdb	-77.1947	-70.3994	-6.79526	0	21.9048
cav4mxo_DB8-ZINC000057313528-0.pdb	-86.0573	-74.1108	-11.9465	0	25.5
cav4mxo_DB8-ZINC000057355555-0.pdb	-79.5042	-64.8583	-14.6459	0	18.5217
cav4mxo_DB8-ZINC000057355560-0.pdb	-77.3858	-61.8152	-15.5705	0	19.0417
cav4mxo_DB8-ZINC000057355562-0.pdb	-78.6591	-67.0804	-11.5787	0	17.96
cav4mxo_DB8-ZINC000057355563-0.pdb	-72.0428	-60.0695	-11.9733	0	19.1364
cav4mxo_DB8-ZINC000057355818-0.pdb	-78.4174	-71.4174	-7	0	20.0833
cav4mxo_DB8-ZINC000057355823-0.pdb	-75.8029	-68.8029	-7	0	21.1739
cav4mxo_DB8-ZINC000057355977-0.pdb	-82.7621	-66.5057	-16.2564	0	20.2609
cav4mxo_DB8-ZINC000057355981-0.pdb	-79.0969	-72.2796	-6.81729	0	21.75
cav4mxo_DB8-ZINC000057355982-0.pdb	-84.0354	-70.3059	-13.7295	0	18.5
cav4mxo_DB8-ZINC000057355983-0.pdb	-81.2164	-73.7933	-7.42308	0	21.4
cav4mxo_DB8-ZINC000057355984-0.pdb	-82.0468	-75.0468	-7	0	22.8636
cav4mxo_DB8-ZINC000057356037-0.pdb	-76.696	-63.0359	-13.6601	0	19
cav4mxo_DB8-ZINC000057364291-0.pdb	-73.2033	-69.7033	-3.5	0	21.4286
cav4mxo_DB8-ZINC000057366530-0.pdb	-105.082	-95.1848	-9.89729	0	23.5
cav4mxo_DB8-ZINC000057366532-0.pdb	-100.439	-90.7975	-9.64165	0	26.6786
cav4mxo_DB8-ZINC000057432173-0.pdb	-91.8192	-82.1945	-9.62476	0	19.7241
cav4mxo_DB8-ZINC000057477636-0.pdb	-75.6712	-65.3022	-10.369	0	21.8636
cav4mxo_DB8-ZINC000057568179-0.pdb	-81.1674	-75.9479	-5.21948	0	24.7143
cav4mxo_DB8-ZINC000057662947-0.pdb	-70.4843	-70.4843	0	0	20.0417
cav4mxo_DB8-ZINC000057709839-0.pdb	-97.6049	-87.3805	-10.2245	0	19.1724
cav4mxo_DB8-ZINC000057730917-0.pdb	-89.008	-85.508	-3.5	0	19.1875
cav4mxo_DB8-ZINC000058158729-0.pdb	-86.6546	-79.758	-6.89667	0	22.087
cav4mxo_DB8-ZINC000058160292-0.pdb	-96.8725	-89.3299	-7.54256	0	25.2917
cav4mxo_DB8-ZINC000058282764-0.pdb	-89.3261	-77.2437	-12.0824	0	21.88
cav4mxo_DB8-ZINC000058305065-0.pdb	-99.8632	-88.5853	-11.2779	0	20
cav4mxo_DB8-ZINC000058341265-0.pdb	-103.769	-83.4248	-20.3443	0	23.9231
cav4mxo_DB8-ZINC000058378492-0.pdb	-103.746	-87.1958	-16.5501	0	18.125
cav4mxo_DB8-ZINC000058392145-0.pdb	-99.4606	-81.2317	-18.2289	0	22.7826
cav4mxo_DB8-ZINC000058393356-0.pdb	-88.2779	-73.8916	-14.3863	0	23.4286
cav4mxo_DB8-ZINC000058406791-0.pdb	-85.0339	-76.6332	-8.40071	0	17.88
cav4mxo_DB8-ZINC000058407142-0.pdb	-79.4367	-72.4367	-7	0	21.4762
cav4mxo_DB8-ZINC000058916148-0.pdb	-95.5416	-85.5989	-9.94267	0	21.1481
cav4mxo_DB8-ZINC000059258114-0.pdb	-81.9501	-71.4501	-10.5	0	27.1
cav4mxo_DB8-ZINC000059266233-0.pdb	-80.1101	-73.456	-6.65411	0	20.8333
cav4mxo_DB8-ZINC000059289967-0.pdb	-96.8966	-91.6936	-5.20299	0	22.3214
cav4mxo_DB8-ZINC000059603091-0.pdb	-99.9064	-90.8836	-9.02279	0	18
cav4mxo_DB8-ZINC000059620562-0.pdb	-86.8115	-81.6002	-5.21138	0	17.1111
cav4mxo_DB8-ZINC000059620797-0.pdb	-104.898	-93.2705	-11.6276	0	17.8378
cav4mxo_DB8-ZINC000060277669-0.pdb	-94.6898	-71.1898	-23.5	0	18.125
cav4mxo_DB8-ZINC000060790369-0.pdb	-87.8415	-65.4361	-22.4055	0	19.3333
cav4mxo_DB8-ZINC000061174625-0.pdb	-84.3512	-73.1291	-11.2221	0	18.1538
cav4mxo_DB8-ZINC000061721776-0.pdb	-74.5322	-54.9896	-19.5425	0	17.55
cav4mxo_DB8-ZINC000061997291-0.pdb	-106.746	-90.3675	-16.3783	0	16.8974
cav4mxo_DB8-ZINC000061997292-0.pdb	-110.216	-82.628	-27.5883	0	16.5385
cav4mxo_DB8-ZINC000061997293-0.pdb	-112.572	-97.7966	-14.7752	0	16.2564
cav4mxo_DB8-ZINC000061997296-0.pdb	-89.8044	-73.3449	-16.4596	0	19.4074
cav4mxo_DB8-ZINC000061997297-0.pdb	-94.6492	-69.6313	-25.0179	0	18.0741
cav4mxo_DB8-ZINC000061997298-0.pdb	-90.5837	-87.1485	-3.43515	0	19.4063
cav4mxo_DB8-ZINC000061997299-0.pdb	-89.2406	-73.1817	-16.0589	0	17.25
cav4mxo_DB8-ZINC000062571966-0.pdb	-85.4547	-77.7739	-7.68085	0	16.1818
cav4mxo_DB8-ZINC000062620517-0.pdb	-99.6632	-90.62	-9.04315	0	16.8378
cav4mxo_DB8-ZINC000063447270-0.pdb	-72.2724	-63.9643	-8.30818	0	22.8636
cav4mxo_DB8-ZINC000063736288-0.pdb	-87.3369	-76.9007	-10.4362	0	22.7826
cav4mxo_DB8-ZINC000063958425-0.pdb	-84.8249	-70.8681	-13.9568	0	18.4615
cav4mxo_DB8-ZINC000064471611-0.pdb	-84.0216	-72.8069	-11.2147	0	22.1154
cav4mxo_DB8-ZINC000064471923-0.pdb	-79.0177	-72.1952	-6.82249	0	20.1852
cav4mxo_DB8-ZINC000064658320-0.pdb	-90.926	-84.9818	-5.94416	0	23.037
cav4mxo_DB8-ZINC000064791383-0.pdb	-96.6141	-86.0665	-10.5475	0	16.4167
cav4mxo_DB8-ZINC000064791439-0.pdb	-101.542	-89.4957	-12.0463	0	17.6944
cav4mxo_DB8-ZINC000065322713-0.pdb	-90.5677	-76.8999	-13.6678	0	20.2414
cav4mxo_DB8-ZINC000065372066-0.pdb	-84.977	-78.977	-6	0	24.6087
cav4mxo_DB8-ZINC000065372067-0.pdb	-80.3289	-77.8289	-2.5	0	22.2174
cav4mxo_DB8-ZINC000065373258-0.pdb	-92.5781	-76.4228	-16.1553	0	18.9615
cav4mxo_DB8-ZINC000065381892-0.pdb	-74.222	-57.4874	-16.7347	0	16.1667
cav4mxo_DB8-ZINC000065386753-0.pdb	-73.6298	-67.0848	-6.54507	0	21.1429
cav4mxo_DB8-ZINC000065403427-0.pdb	-88.5929	-81.5929	-7	0	22.4
cav4mxo_DB8-ZINC000065410160-0.pdb	-79.5584	-72.7738	-6.78467	0	22.0952
cav4mxo_DB8-ZINC000065410161-0.pdb	-77.4992	-61.924	-15.5753	0	21
cav4mxo_DB8-ZINC000065435878-0.pdb	-96.0774	-67.0333	-29.044	0	21.8182
cav4mxo_DB8-ZINC000065436191-0.pdb	-85.7034	-61.7382	-23.9652	0	26.65
cav4mxo_DB8-ZINC000065436193-0.pdb	-90.7114	-67.2607	-23.4506	0	25.85
cav4mxo_DB8-ZINC000065465428-0.pdb	-81.0173	-69.4094	-11.6078	0	22.4286
cav4mxo_DB8-ZINC000065473710-0.pdb	-86.5128	-65.6548	-20.8579	0	20.8
cav4mxo_DB8-ZINC000065490113-0.pdb	-85.4142	-67.649	-17.7652	0	23.1739
cav4mxo_DB8-ZINC000065512021-0.pdb	-84.3675	-75.7331	-8.63436	0	19.6154
cav4mxo_DB8-ZINC000065534574-0.pdb	-90.5236	-78.6573	-11.8663	0	20.9615
cav4mxo_DB8-ZINC000065535595-0.pdb	-86.243	-79.6022	-6.64078	0	21
cav4mxo_DB8-ZINC000065536643-0.pdb	-87.5775	-74.634	-12.9435	0	20.2917
cav4mxo_DB8-ZINC000065562322-0.pdb	-88.6517	-80.1253	-8.52641	0	20.76
cav4mxo_DB8-ZINC000067460315-0.pdb	-85.8812	-65.796	-20.0852	0	23.0952
cav4mxo_DB8-ZINC000067489769-0.pdb	-84.0341	-68.0216	-16.0125	0	20.8182
cav4mxo_DB8-ZINC000067491291-0.pdb	-89.5534	-73.4989	-16.0545	0	20.75
cav4mxo_DB8-ZINC000067491293-0.pdb	-87.3664	-71.0116	-16.3547	0	21.2083
cav4mxo_DB8-ZINC000067673876-0.pdb	-80.7541	-76.8785	-3.8756	0	18.8462
cav4mxo_DB8-ZINC000067690763-0.pdb	-97.2955	-91.6187	-5.67679	0	22.6923
cav4mxo_DB8-ZINC000067755871-0.pdb	-78.4879	-68.2717	-12.6381	2.42185	21.3043
cav4mxo_DB8-ZINC000067756363-0.pdb	-83.4578	-71.9111	-11.7794	0.232693	24.4348
cav4mxo_DB8-ZINC000067758689-0.pdb	-91.7334	-78.8808	-12.8526	0	19.7308
cav4mxo_DB8-ZINC000067769806-0.pdb	-97.8449	-75.9557	-22.6066	0.717367	22.9615
cav4mxo_DB8-ZINC000067772641-0.pdb	-82.4667	-68.1493	-14.3174	0	24
cav4mxo_DB8-ZINC000067772974-0.pdb	-86.8939	-58.5139	-28.3799	0	18.3333
cav4mxo_DB8-ZINC000067805768-0.pdb	-86.2741	-67.4547	-18.8194	0	19.7778
cav4mxo_DB8-ZINC000067805975-0.pdb	-87.8888	-85.0809	-2.80788	0	22.9259
cav4mxo_DB8-ZINC000067880961-0.pdb	-80.4179	-68.2934	-15.1556	3.0311	24.0417
cav4mxo_DB8-ZINC000067905237-0.pdb	-93.0032	-79.2574	-13.7458	0	24.125
cav4mxo_DB8-ZINC000067935183-0.pdb	-94.1649	-79.2124	-14.9525	0	20.3333
cav4mxo_DB8-ZINC000067956383-0.pdb	-93.1344	-69.9745	-24.8595	1.69952	21.913
cav4mxo_DB8-ZINC000067973806-0.pdb	-97.5915	-64.4838	-33.1077	0	14.5517
cav4mxo_DB8-ZINC000069192816-0.pdb	-98.0156	-76.2574	-21.7582	0	21.5
cav4mxo_DB8-ZINC000069349496-0.pdb	-85.592	-76.9099	-8.68212	0	23.6957
cav4mxo_DB8-ZINC000069433064-0.pdb	-88.4968	-73.5904	-14.9064	0	23.9524
cav4mxo_DB8-ZINC000069698260-0.pdb	-90.082	-70.8596	-19.2224	0	23.5652
cav4mxo_DB8-ZINC000069814332-0.pdb	-81.1214	-70.6214	-10.5	0	20.125
cav4mxo_DB8-ZINC000070448411-0.pdb	-93.815	-84.4807	-9.33433	0	19.9643
cav4mxo_DB8-ZINC000071280426-0.pdb	-76.8874	-65.6664	-11.2209	0	20.7727
cav4mxo_DB8-ZINC000071282031-0.pdb	-72.7248	-70.408	-2.31684	0	18.5833
cav4mxo_DB8-ZINC000071405488-0.pdb	-99.9094	-91.7377	-8.17165	0	22.2069
cav4mxo_DB8-ZINC000071405490-0.pdb	-103.624	-90.1152	-13.5085	0	24.1111
cav4mxo_DB8-ZINC000071459187-0.pdb	-85.3969	-81.8969	-3.5	0	23.087
cav4mxo_DB8-ZINC000071459209-0.pdb	-79.7113	-76.297	-3.4143	0	23.4545
cav4mxo_DB8-ZINC000071459216-0.pdb	-79.0919	-74.4796	-4.61231	0	22.8636
cav4mxo_DB8-ZINC000071459241-0.pdb	-75.7523	-72.489	-3.26327	0	21.4348
cav4mxo_DB8-ZINC000071459315-0.pdb	-68.4472	-68.4472	0	0	22.7
cav4mxo_DB8-ZINC000071775317-0.pdb	-100.401	-78.6714	-21.7299	0	18.3793
cav4mxo_DB8-ZINC000071775318-0.pdb	-100.504	-78.9471	-21.5568	0	16.75
cav4mxo_DB8-ZINC000071775320-0.pdb	-103.12	-89.1199	-14	0	22.0345
cav4mxo_DB8-ZINC000071807907-0.pdb	-94.0357	-80.5671	-13.4686	0	18.8
cav4mxo_DB8-ZINC000071816912-0.pdb	-78.7956	-71.7956	-7	0	20.2917
cav4mxo_DB8-ZINC000071849963-0.pdb	-97.9265	-82.6867	-15.2398	0	20.25
cav4mxo_DB8-ZINC000071896743-0.pdb	-100.792	-82.2215	-18.57	0	23.44
cav4mxo_DB8-ZINC000071899472-0.pdb	-34.8143	-15.4382	-19.3761	0	24.5556
cav4mxo_DB8-ZINC000071903559-0.pdb	-89.1393	-76.9929	-12.1464	0	22.5
cav4mxo_DB8-ZINC000071914132-0.pdb	-79.5508	-70.8531	-8.69779	0	23.7
cav4mxo_DB8-ZINC000071915181-0.pdb	-86.7182	-57.5754	-29.1428	0	18.76
cav4mxo_DB8-ZINC000071915182-0.pdb	-67.8369	-45.7892	-22.0477	0	22.88
cav4mxo_DB8-ZINC000071920842-0.pdb	-99.0431	-81.3669	-17.6762	0	24.84
cav4mxo_DB8-ZINC000072138705-0.pdb	-83.954	-74.3166	-9.63744	0	17.4231
cav4mxo_DB8-ZINC000072138870-0.pdb	-79.5338	-58.6109	-20.9229	0	16.7391
cav4mxo_DB8-ZINC000072138871-0.pdb	-82.3157	-73.6327	-8.68306	0	23.2609
cav4mxo_DB8-ZINC000072142125-0.pdb	-75.4451	-67.664	-7.78108	0	18.9583
cav4mxo_DB8-ZINC000072143068-0.pdb	-92.0707	-76.1383	-15.9325	0	25.8462
cav4mxo_DB8-ZINC000072145024-0.pdb	-79.4244	-72.4244	-7	0	22.625
cav4mxo_DB8-ZINC000072148184-0.pdb	-78.744	-69.312	-9.432	0	24
cav4mxo_DB8-ZINC000072150224-0.pdb	-95.9509	-73.3884	-22.5626	0	21.4
cav4mxo_DB8-ZINC000072154152-0.pdb	-66.3857	-47.8911	-18.4947	0	21.56
cav4mxo_DB8-ZINC000072161156-0.pdb	-92.2902	-81.9618	-10.3284	0	23.2692
cav4mxo_DB8-ZINC000072161313-0.pdb	-79.3883	-71.0692	-8.31908	0	19.92
cav4mxo_DB8-ZINC000072161314-0.pdb	-77.8758	-64.2917	-13.5841	0	19.68
cav4mxo_DB8-ZINC000072163054-0.pdb	-88.8331	-72.7795	-16.0536	0	20.5
cav4mxo_DB8-ZINC000072163055-0.pdb	-84.2396	-77.6768	-6.56282	0	21.2083
cav4mxo_DB8-ZINC000072165188-0.pdb	-86.7151	-76.2151	-10.5	0	19.1852
cav4mxo_DB8-ZINC000072165277-0.pdb	-117.576	-93.7694	-23.807	0	27.7308
cav4mxo_DB8-ZINC000072166993-0.pdb	-90.349	-76.6772	-13.6718	0	18.6296
cav4mxo_DB8-ZINC000072171308-0.pdb	-83.5116	-64.0528	-19.4588	0	17.9615
cav4mxo_DB8-ZINC000072171309-0.pdb	-83.9	-74.0039	-9.89609	0	20.1154
cav4mxo_DB8-ZINC000072172513-0.pdb	-89.6213	-78.5829	-11.0385	0	21
cav4mxo_DB8-ZINC000072237833-0.pdb	-80.3168	-73.3168	-7	0	20.88
cav4mxo_DB8-ZINC000072237835-0.pdb	-75.454	-67.6918	-7.76212	0	18.4545
cav4mxo_DB8-ZINC000072238314-0.pdb	-75.0276	-64.1064	-10.9211	0	18.0417
cav4mxo_DB8-ZINC000072238317-0.pdb	-84.1734	-79.6532	-4.52019	0	23
cav4mxo_DB8-ZINC000072238319-0.pdb	-75.1614	-68.1614	-7	0	25.2727
cav4mxo_DB8-ZINC000072238510-0.pdb	-97.432	-77.4037	-20.0282	0	18.4194
cav4mxo_DB8-ZINC000072240708-0.pdb	-73.2046	-73.2046	0	0	24.15
cav4mxo_DB8-ZINC000072240721-0.pdb	-62.8892	-59.3892	-3.5	0	18.3
cav4mxo_DB8-ZINC000072251408-0.pdb	-84.6833	-75.4545	-9.22887	0	17.7778
cav4mxo_DB8-ZINC000072273079-0.pdb	-92.4607	-80.5164	-11.9443	0	19.125
cav4mxo_DB8-ZINC000072281908-0.pdb	-87.5174	-64.7213	-22.7961	0	18.9565
cav4mxo_DB8-ZINC000072288256-0.pdb	-87.8794	-74.8914	-12.9879	0	20.0833
cav4mxo_DB8-ZINC000072296137-0.pdb	-91.6328	-68.8967	-22.7362	0	18.7917
cav4mxo_DB8-ZINC000072310995-0.pdb	-100.116	-96.0374	-4.0787	0	24.0741
cav4mxo_DB8-ZINC000072310998-0.pdb	-98.0349	-79.7813	-18.2536	0	21.5
cav4mxo_DB8-ZINC000072312223-0.pdb	-88.7416	-73.1858	-15.5558	0	20.4783
cav4mxo_DB8-ZINC000072312224-0.pdb	-92.1598	-73.7359	-18.4239	0	21
cav4mxo_DB8-ZINC000072337431-0.pdb	-84.6892	-81.1892	-3.5	0	20
cav4mxo_DB8-ZINC000072342055-0.pdb	-80.5614	-67.704	-12.8573	0	20.1739
cav4mxo_DB8-ZINC000072408528-0.pdb	-94.4914	-81.276	-13.2154	0	27.6364
cav4mxo_DB8-ZINC000072410723-0.pdb	-87.6107	-76.5872	-11.0235	0	21.7917
cav4mxo_DB8-ZINC000072411269-0.pdb	-81.5401	-64.3598	-17.1803	0	21.4286
cav4mxo_DB8-ZINC000072418529-0.pdb	-78.0345	-71.0345	-7	0	21.1905
cav4mxo_DB8-ZINC000072419228-0.pdb	-82.5174	-79.0174	-3.5	0	23.8636
cav4mxo_DB8-ZINC000072423041-0.pdb	-101.376	-83.8763	-17.5	0	20.6786
cav4mxo_DB8-ZINC000072425657-0.pdb	-75.4902	-68.4902	-7	0	21.087
cav4mxo_DB8-ZINC000072426866-0.pdb	-93.7607	-78.4651	-15.2956	0	21.48
cav4mxo_DB8-ZINC000072427088-0.pdb	-84.7665	-70.1489	-14.6176	0	20.0833
cav4mxo_DB8-ZINC000072427089-0.pdb	-87.293	-80.293	-7	0	20.4583
cav4mxo_DB8-ZINC000072428890-0.pdb	-82.8478	-79.3478	-3.5	0	23.9091
cav4mxo_DB8-ZINC000072430861-0.pdb	-78.6958	-72.3748	-6.32104	0	26.0833
cav4mxo_DB8-ZINC000072431350-0.pdb	-89.5974	-63.1833	-26.4141	0	26.0556
cav4mxo_DB8-ZINC000072432975-0.pdb	-77.1052	-68.8751	-8.23011	0	21.2857
cav4mxo_DB8-ZINC000072435661-0.pdb	-94.5148	-75.4398	-19.0749	0	23.4583
cav4mxo_DB8-ZINC000072435972-0.pdb	-79.9813	-62.6225	-17.3588	0	18.9565
cav4mxo_DB8-ZINC000072447720-0.pdb	-84.8568	-72.6425	-12.2143	0	24.9048
cav4mxo_DB8-ZINC000072453662-0.pdb	-89.6042	-66.7199	-22.8843	0	16.7778
cav4mxo_DB8-ZINC000072453663-0.pdb	-90.4296	-83.4296	-7	0	20.8148
cav4mxo_DB8-ZINC000072457088-0.pdb	-92.1606	-67.9729	-24.1876	0	21.3333
cav4mxo_DB8-ZINC000072463211-0.pdb	-101.899	-84.3987	-17.5	0	21.25
cav4mxo_DB8-ZINC000072463212-0.pdb	-88.4126	-77.9126	-10.5	0	17.5
cav4mxo_DB8-ZINC000072468589-0.pdb	-87.4073	-74.0283	-13.379	0	19.8
cav4mxo_DB8-ZINC000072469230-0.pdb	-89.817	-86.9974	-2.81958	0	20.6667
cav4mxo_DB8-ZINC000072473718-0.pdb	-100.926	-80.6738	-20.2525	0	21.5556
cav4mxo_DB8-ZINC000072473873-0.pdb	-81.6403	-71.1403	-10.5	0	20.2727
cav4mxo_DB8-ZINC000072474739-0.pdb	-78.9515	-65.3008	-13.6507	0	20.2273
cav4mxo_DB8-ZINC000072474798-0.pdb	-88.4272	-76.0381	-12.3891	0	20
cav4mxo_DB8-ZINC000072474956-0.pdb	-75.1912	-58.0086	-17.1827	0	18.9545
cav4mxo_DB8-ZINC000072474961-0.pdb	-88.9437	-72.7971	-16.1466	0	19
cav4mxo_DB8-ZINC000072475145-0.pdb	-90.4849	-80.4487	-10.0362	0	20.72
cav4mxo_DB8-ZINC000072475157-0.pdb	-88.8013	-79.2921	-9.50921	0	20.1111
cav4mxo_DB8-ZINC000072475158-0.pdb	-79.6728	-68.1404	-11.5324	0	18.7407
cav4mxo_DB8-ZINC000072476103-0.pdb	-68.0396	-63.2005	-4.83911	0	25.7368
cav4mxo_DB8-ZINC000072476567-0.pdb	-82.372	-75.372	-7	0	20.3478
cav4mxo_DB8-ZINC000072476568-0.pdb	-75.7099	-72.2099	-3.5	0	21.8696
cav4mxo_DB8-ZINC000072477591-0.pdb	-79.3549	-69.0398	-10.315	0	21.1364
cav4mxo_DB8-ZINC000072478812-0.pdb	-86.3634	-63.475	-22.8884	0	17.1923
cav4mxo_DB8-ZINC000072478871-0.pdb	-85.0951	-69.5233	-15.5718	0	22.2917
cav4mxo_DB8-ZINC000072478872-0.pdb	-84.7906	-79.0578	-5.73283	0	23.5833
cav4mxo_DB8-ZINC000072479024-0.pdb	-83.0408	-72.5562	-10.4847	0	21.6522
cav4mxo_DB8-ZINC000072479025-0.pdb	-83.5544	-73.0544	-10.5	0	22.0435
cav4mxo_DB8-ZINC000072479292-0.pdb	-82.3358	-72.2078	-10.128	0	21.3333
cav4mxo_DB8-ZINC000072479293-0.pdb	-86.0005	-63.1954	-22.8051	0	16.963
cav4mxo_DB8-ZINC000072479941-0.pdb	-86.2152	-74.5664	-11.6488	0	24.1818
cav4mxo_DB8-ZINC000072479942-0.pdb	-78.7552	-65.5033	-13.2519	0	21.0909
cav4mxo_DB8-ZINC000072946923-0.pdb	-79.12	-73.4509	-5.66909	0	22.5714
cav4mxo_DB8-ZINC000072946926-0.pdb	-80.5523	-64.0923	-16.4599	0	20.381
cav4mxo_DB8-ZINC000075093190-0.pdb	-81.0557	-65.3437	-15.7119	0	19.1364
cav4mxo_DB8-ZINC000075105529-0.pdb	-100.742	-84.1585	-16.5837	0	23.7917
cav4mxo_DB8-ZINC000075140977-0.pdb	-82.8317	-72.4309	-10.4008	0	19.2083
cav4mxo_DB8-ZINC000075163986-0.pdb	-86.2714	-67.8045	-18.4669	0	22.3182
cav4mxo_DB8-ZINC000076062989-0.pdb	-83.0617	-65.7591	-17.3026	0	23.2381
cav4mxo_DB8-ZINC000076063689-0.pdb	-80.8461	-69.8947	-10.9514	0	24.3684
cav4mxo_DB8-ZINC000076063692-0.pdb	-81.5313	-68.9505	-12.5809	0	22.6842
cav4mxo_DB8-ZINC000076556595-0.pdb	-78.0569	-73.5283	-4.52854	0	25.1905
cav4mxo_DB8-ZINC000076640245-0.pdb	-83.9247	-78.2053	-5.71943	0	21.5385
cav4mxo_DB8-ZINC000077212787-0.pdb	-102.09	-92.2838	-9.80611	0	24.25
cav4mxo_DB8-ZINC000077216471-0.pdb	-82.2024	-62.5022	-19.7002	0	18
cav4mxo_DB8-ZINC000077287002-0.pdb	-91.6885	-78.0533	-13.6352	0	20.6667
cav4mxo_DB8-ZINC000077319512-0.pdb	-98.5934	-79.0157	-19.5777	0	16.2647
cav4mxo_DB8-ZINC000077354566-0.pdb	-82.8954	-73.3954	-9.5	0	18.9615
cav4mxo_DB8-ZINC000077393907-0.pdb	-97.9421	-90.8657	-7.07643	0	22.6667
cav4mxo_DB8-ZINC000078333441-0.pdb	-84.3664	-64.3618	-20.0047	0	19.2273
cav4mxo_DB8-ZINC000079063667-0.pdb	-92.325	-85.325	-7	0	19.7241
cav4mxo_DB8-ZINC000079063688-0.pdb	-101.473	-84.8833	-16.5899	0	20.7
cav4mxo_DB8-ZINC000079063698-0.pdb	-99.6925	-80.5897	-19.1029	0	20.1667
cav4mxo_DB8-ZINC000080443364-0.pdb	-75.7451	-65.7683	-9.97681	0	20.1429
cav4mxo_DB8-ZINC000083820567-0.pdb	-74.2743	-65.589	-8.68533	0	24.7727
cav4mxo_DB8-ZINC000084008411-0.pdb	-92.5304	-76.4821	-16.0483	0	27.4091
cav4mxo_DB8-ZINC000084271667-0.pdb	-81.515	-64.3196	-17.1953	0	18.7391
cav4mxo_DB8-ZINC000084271746-0.pdb	-74.0732	-61.4148	-12.6583	0	21.5789
cav4mxo_DB8-ZINC000084310593-0.pdb	-84.2016	-80.2423	-3.95929	0	19.7857
cav4mxo_DB8-ZINC000084459698-0.pdb	-83.1115	-79.8868	-3.22471	0	23.3182
cav4mxo_DB8-ZINC000088755237-0.pdb	-81.2491	-64.0049	-17.2443	0	17.32
cav4mxo_DB8-ZINC000089547634-0.pdb	-86.9592	-86.9592	0	0	19.9286
cav4mxo_DB8-ZINC000089547637-0.pdb	-89.9599	-71.6012	-18.3587	0	17.7143
cav4mxo_DB8-ZINC000089594192-0.pdb	-76.0941	-63.6845	-12.4096	0	19.9091
cav4mxo_DB8-ZINC000089656108-0.pdb	-90.4593	-74.7811	-15.6783	0	20.7143
cav4mxo_DB8-ZINC000089700459-0.pdb	-92.3707	-85.3707	-7	0	24.9565
cav4mxo_DB8-ZINC000089700464-0.pdb	-80.9768	-77.4768	-3.5	0	21.4783
cav4mxo_DB8-ZINC000089761963-0.pdb	-97.5352	-79.1427	-18.3925	0	16.7667
cav4mxo_DB8-ZINC000089885490-0.pdb	-79.8352	-65.872	-13.9632	0	19.7273
cav4mxo_DB8-ZINC000089960289-0.pdb	-94.9369	-82.5617	-12.3752	0	24.5652
cav4mxo_DB8-ZINC000090090418-0.pdb	-88.9167	-75.6074	-13.3093	0	23.5652
cav4mxo_DB8-ZINC000090200840-0.pdb	-79.226	-72.226	-7	0	21.2174
cav4mxo_DB8-ZINC000090485237-0.pdb	-81.7621	-64.0121	-17.75	0	22.5652
cav4mxo_DB8-ZINC000091289011-0.pdb	-76.2393	-63.4939	-12.7454	0	18.8636
cav4mxo_DB8-ZINC000091518955-0.pdb	-85.2394	-71.2394	-14	0	25.2
cav4mxo_DB8-ZINC000091518956-0.pdb	-93.9504	-71.7469	-22.2035	0	25.95
cav4mxo_DB8-ZINC000091650605-0.pdb	-67.5129	-53.0029	-14.51	0	24.7391
cav4mxo_DB8-ZINC000091650608-0.pdb	-42.5086	-32.0086	-10.5	0	22.3913
cav4mxo_DB8-ZINC000092962439-0.pdb	-85.3019	-80.1648	-5.13705	0	24.6957
cav4mxo_DB8-ZINC000094124647-0.pdb	-78.7751	-66.2884	-12.4867	0	21.7619
cav4mxo_DB8-ZINC000095348817-0.pdb	-93.2776	-90.7776	-2.5	0	24.1667
cav4mxo_DB8-ZINC000095349383-0.pdb	-92.9795	-86.1146	-6.86495	0	20.6538
cav4mxo_DB8-ZINC000095353437-0.pdb	-82.4908	-67.2379	-15.2529	0	21.5714
cav4mxo_DB8-ZINC000095353438-0.pdb	-79.2205	-62.7486	-16.472	0	19.6667
cav4mxo_DB8-ZINC000095354200-0.pdb	-90.8661	-73.6151	-17.251	0	26.1364
cav4mxo_DB8-ZINC000095355707-0.pdb	-105.439	-87.0979	-18.3416	0	27.4783
cav4mxo_DB8-ZINC000095358761-0.pdb	-78.1407	-74.6407	-3.5	0	22.8182
cav4mxo_DB8-ZINC000095358991-0.pdb	-80.3797	-70.04	-10.3398	0	23.2273
cav4mxo_DB8-ZINC000095359023-0.pdb	-86.942	-73.7712	-13.1708	0	24.9048
cav4mxo_DB8-ZINC000095359994-0.pdb	-90.4383	-69.1094	-21.3289	0	25
cav4mxo_DB8-ZINC000095360193-0.pdb	-88.7762	-62.5884	-26.1878	0	23.8421
cav4mxo_DB8-ZINC000095360410-0.pdb	-93.7111	-70.4303	-23.2808	0	19.25
cav4mxo_DB8-ZINC000095360602-0.pdb	-90.3436	-71.0735	-19.2701	0	20.4783
cav4mxo_DB8-ZINC000095364660-0.pdb	-76.1723	-60.438	-15.7343	0	21
cav4mxo_DB8-ZINC000095366108-0.pdb	-102.476	-84.9759	-17.5	0	24
cav4mxo_DB8-ZINC000095370907-0.pdb	-93.3292	-72.1042	-21.225	0	21.2
cav4mxo_DB8-ZINC000095370908-0.pdb	-91.5565	-68.5427	-23.0138	0	20.56
cav4mxo_DB8-ZINC000095372021-0.pdb	-92.2404	-81.7426	-10.4977	0	20.6667
cav4mxo_DB8-ZINC000095373293-0.pdb	-82.0554	-69.7837	-12.2716	0	28.1818
cav4mxo_DB8-ZINC000095373294-0.pdb	-81.8428	-56.9	-24.9429	0	17.2273
cav4mxo_DB8-ZINC000095374079-0.pdb	-101.663	-81.3995	-20.2636	0	22.64
cav4mxo_DB8-ZINC000095375668-0.pdb	-79.734	-73.5578	-6.17615	0	21.04
cav4mxo_DB8-ZINC000095375926-0.pdb	-89.8425	-70.785	-19.0576	0	21.8636
cav4mxo_DB8-ZINC000095377849-0.pdb	-90.0523	-69.7488	-20.3035	0	19.2
cav4mxo_DB8-ZINC000095377990-0.pdb	-75.6767	-69.1951	-6.48159	0	24.45
cav4mxo_DB8-ZINC000095378544-0.pdb	-86.0998	-66.8237	-19.2761	0	18.4583
cav4mxo_DB8-ZINC000095378545-0.pdb	-98.667	-71.8323	-26.8347	0	19.4583
cav4mxo_DB8-ZINC000095378597-0.pdb	-86.5792	-73.2891	-13.2901	0	20.8696
cav4mxo_DB8-ZINC000095381912-0.pdb	-84.709	-72.084	-12.625	0	20.64
cav4mxo_DB8-ZINC000095382899-0.pdb	-87.5788	-69.3809	-18.1979	0	21.8182
cav4mxo_DB8-ZINC000095385235-0.pdb	-89.2963	-76.9038	-12.3925	0	20.2
cav4mxo_DB8-ZINC000095387513-0.pdb	-87.6797	-74.2204	-13.4593	0	23.4545
cav4mxo_DB8-ZINC000095387699-0.pdb	-89.4928	-73.9794	-15.5134	0	23.0833
cav4mxo_DB8-ZINC000095387700-0.pdb	-91.524	-79.6947	-11.8293	0	22.0833
cav4mxo_DB8-ZINC000095390614-0.pdb	-90.6421	-72.6653	-17.9767	0	23.3043
cav4mxo_DB8-ZINC000095392927-0.pdb	-79.2963	-68.8903	-10.406	0	19.2609
cav4mxo_DB8-ZINC000095392928-0.pdb	-86.4711	-77.4526	-9.01848	0	25.3913
cav4mxo_DB8-ZINC000095395458-0.pdb	-93.3023	-79.3638	-13.9385	0	26.1154
cav4mxo_DB8-ZINC000095403306-0.pdb	-90.8865	-80.5823	-10.3042	0	21.4643
cav4mxo_DB8-ZINC000095407156-0.pdb	-91.2771	-80.7771	-10.5	0	20.0769
cav4mxo_DB8-ZINC000095409776-0.pdb	-96.3352	-86.8352	-9.5	0	21.0741
cav4mxo_DB8-ZINC000095434841-0.pdb	-74.3925	-61.4015	-12.991	0	27.2941
cav4mxo_DB8-ZINC000095450208-0.pdb	-99.852	-84.9787	-14.8732	0	20.4828
cav4mxo_DB8-ZINC000095452082-0.pdb	-81.1883	-74.1883	-7	0	22.625
cav4mxo_DB8-ZINC000095460526-0.pdb	-97.5613	-84.8942	-12.6671	0	22
cav4mxo_DB8-ZINC000095465985-0.pdb	-73.2137	-50.6901	-22.5236	0	24.8889
cav4mxo_DB8-ZINC000095467566-0.pdb	-87.8123	-73.3819	-14.4304	0	21.913
cav4mxo_DB8-ZINC000095467595-0.pdb	-93.4306	-79.4667	-13.9639	0	21.75
cav4mxo_DB8-ZINC000095497101-0.pdb	-94.3346	-81.9649	-12.3697	0	21.68
cav4mxo_DB8-ZINC000095501544-0.pdb	-90.1532	-80.6722	-9.481	0	20.8077
cav4mxo_DB8-ZINC000095502155-0.pdb	-83.2401	-67.2359	-16.0043	0	20.2083
cav4mxo_DB8-ZINC000095506274-0.pdb	-83.5087	-77.5087	-6	0	22.2083
cav4mxo_DB8-ZINC000095510086-0.pdb	-92.9169	-77.5083	-15.4086	0	21.7826
cav4mxo_DB8-ZINC000095520170-0.pdb	-91.6335	-77.6345	-13.999	0	19.9167
cav4mxo_DB8-ZINC000095521764-0.pdb	-84.5036	-71.4456	-13.058	0	19.6957
cav4mxo_DB8-ZINC000095526338-0.pdb	-103.409	-86.8376	-16.5709	0	21.7143
cav4mxo_DB8-ZINC000095529645-0.pdb	-97.2466	-86.8138	-10.4328	0	21.2692
cav4mxo_DB8-ZINC000095531016-0.pdb	-87.6591	-80.6591	-7	0	19.3846
cav4mxo_DB8-ZINC000095698519-0.pdb	-85.7225	-70.8209	-14.9017	0	18.8077
cav4mxo_DB8-ZINC000095726824-0.pdb	-78.451	-74.951	-3.5	0	22
cav4mxo_DB8-ZINC000095829776-0.pdb	-78.0216	-78.0216	0	0	22.5
cav4mxo_DB8-ZINC000095939694-0.pdb	-98.0625	-86.8326	-11.23	0	21.3871
cav4mxo_DB8-ZINC000095941847-0.pdb	-74.2576	-72.1797	-2.07792	0	23.1304
cav4mxo_DB8-ZINC000095947024-0.pdb	-93.8252	-90.3252	-3.5	0	22.68
cav4mxo_DB8-ZINC000095957006-0.pdb	-92.9805	-74.7361	-18.2444	0	22.04
cav4mxo_DB8-ZINC000095957748-0.pdb	-83.7261	-70.1429	-13.5832	0	16.7407
cav4mxo_DB8-ZINC000095961068-0.pdb	-89.9599	-80.7706	-9.18931	0	19.5385
cav4mxo_DB8-ZINC000095961070-0.pdb	-88.3833	-82.8491	-5.5342	0	20.8519
cav4mxo_DB8-ZINC000095961073-0.pdb	-89.951	-82.951	-7	0	21.1852
cav4mxo_DB8-ZINC000095961702-0.pdb	-82.5068	-66.1621	-16.3448	0	20.1429
cav4mxo_DB8-ZINC000095966390-0.pdb	-72.6127	-69.1127	-3.5	0	23.8421
cav4mxo_DB8-ZINC000095997569-0.pdb	-90.6729	-77.087	-13.5859	0	19.2593
cav4mxo_DB8-ZINC000096003515-0.pdb	-92.0853	-71.6523	-20.4329	0	18.2083
cav4mxo_DB8-ZINC000096008850-0.pdb	-76.9967	-62.4089	-14.5878	0	18.8696
cav4mxo_DB8-ZINC000096008861-0.pdb	-83.8627	-60.3627	-23.5	0	20.4545
cav4mxo_DB8-ZINC000096008865-0.pdb	-97.2282	-77.3529	-19.8753	0	21.6667
cav4mxo_DB8-ZINC000096011132-0.pdb	-99.5594	-82.0108	-17.5486	0	18.0303
cav4mxo_DB8-ZINC000096011406-0.pdb	-91.4669	-73.9669	-17.5	0	18.9286
cav4mxo_DB8-ZINC000096419416-0.pdb	-80.668	-61.7663	-18.9017	0	19.9565
cav4mxo_DB8-ZINC000096429502-0.pdb	-80.7281	-74.5618	-6.16631	0	23.7619
cav4mxo_DB8-ZINC000096429779-0.pdb	-77.0378	-66.7614	-10.2764	0	23.087
cav4mxo_DB8-ZINC000096456171-0.pdb	-79.5861	-64.2942	-15.2919	0	17.1667
cav4mxo_DB8-ZINC000097011739-0.pdb	-85.1939	-68.1225	-17.0714	0	23.4
cav4mxo_DB8-ZINC000097037685-0.pdb	-81.229	-62.6023	-18.6267	0	28.1111
cav4mxo_DB8-ZINC000097049871-0.pdb	-90.7761	-63.8974	-26.8787	0	19.5909
cav4mxo_DB8-ZINC000097081448-0.pdb	-74.3984	-64.4859	-9.91252	0	25.7059
cav4mxo_DB8-ZINC000097083827-0.pdb	-94.3313	-76.1454	-16.8063	-1.3797	24.2609
cav4mxo_DB8-ZINC000097108415-0.pdb	-86.336	-66.068	-20.2681	0	18.9565
cav4mxo_DB8-ZINC000097142402-0.pdb	-91.8828	-79.3949	-12.237	-0.25094	23.6
cav4mxo_DB8-ZINC000097160080-0.pdb	-92.7342	-82.2342	-10.5	0	22.76
cav4mxo_DB8-ZINC000097160087-0.pdb	-86.6201	-76.2307	-10.3894	0	22.4348
cav4mxo_DB8-ZINC000097160189-0.pdb	-77.8094	-54.0215	-23.7879	0	17.5217
cav4mxo_DB8-ZINC000097160215-0.pdb	-77.3513	-61.9359	-15.4155	0	22.4737
cav4mxo_DB8-ZINC000097160216-0.pdb	-86.0557	-68.5557	-17.5	0	22.0476
cav4mxo_DB8-ZINC000097163549-0.pdb	-79.6203	-66.8437	-12.7765	0	20.8095
cav4mxo_DB8-ZINC000097166061-0.pdb	-78.1106	-62.4628	-15.6478	0	17.25
cav4mxo_DB8-ZINC000097198000-0.pdb	-86.1443	-82.6443	-3.5	0	26.5
cav4mxo_DB8-ZINC000097200161-0.pdb	-79.9815	-62.1161	-17.8654	0	16.6667
cav4mxo_DB8-ZINC000097200381-0.pdb	-85.0966	-61.4406	-23.656	0	22.381
cav4mxo_DB8-ZINC000097200382-0.pdb	-85.6715	-67.9152	-17.7563	0	22.8636
cav4mxo_DB8-ZINC000097372936-0.pdb	-99.4217	-88.614	-10.8077	0	24.375
cav4mxo_DB8-ZINC000097378964-0.pdb	-93.0075	-75.0558	-16.4591	-1.49256	23.625
cav4mxo_DB8-ZINC000097380064-0.pdb	-95.2091	-85.7484	-9.46076	0	23.68
cav4mxo_DB8-ZINC000097635148-0.pdb	-84.1359	-75.3859	-8.74994	0	21.56
cav4mxo_DB8-ZINC000097733049-0.pdb	-93.4907	-76.1834	-17.3073	0	19.1111
cav4mxo_DB8-ZINC000097733051-0.pdb	-98.3722	-86.2485	-12.1237	0	23.0741
cav4mxo_DB8-ZINC000097945697-0.pdb	-107.74	-94.3416	-13.3983	0	16.5
cav4mxo_DB8-ZINC000097945946-0.pdb	-85.8459	-67.7186	-18.1273	0	19.1143
cav4mxo_DB8-ZINC000097948253-0.pdb	-99.3885	-93.9932	-5.3953	0	16.7692
cav4mxo_DB8-ZINC000097948724-0.pdb	-98.0531	-88.0103	-10.0428	0	15.375
cav4mxo_DB8-ZINC000098046275-0.pdb	-108.263	-90.6337	-17.629	0	20.3333
cav4mxo_DB8-ZINC000098212685-0.pdb	-72.9613	-69.4613	-3.5	0	18.5357
cav4mxo_DB8-ZINC000100035493-0.pdb	-90.2397	-81.7397	-8.5	0	16.1081
cav4mxo_DB8-ZINC000100035495-0.pdb	-101.6	-91.9841	-9.61564	0	17.2973
cav4mxo_DB8-ZINC000100035547-0.pdb	-91.1725	-90.6157	-0.556759	0	18.8108
cav4mxo_DB8-ZINC000100035551-0.pdb	-93.2908	-93.2908	0	0	16.7297
cav4mxo_DB8-ZINC000100035672-0.pdb	-106.558	-104.924	-1.63354	0	21.4324
cav4mxo_DB8-ZINC000100035676-0.pdb	-96.7792	-85.208	-11.5711	0	16.8919
cav4mxo_DB8-ZINC000100035756-0.pdb	-99.1226	-96.9634	-2.15915	0	16.7561
cav4mxo_DB8-ZINC000100035758-0.pdb	-91.0044	-88.6027	-2.40176	0	15.4878
cav4mxo_DB8-ZINC000100035896-0.pdb	-98.5831	-88.8404	-9.74276	0	15.275
cav4mxo_DB8-ZINC000100035898-0.pdb	-89.3251	-84.6348	-4.69032	0	15.45
cav4mxo_DB8-ZINC000100036033-0.pdb	-100.341	-95.4664	-4.87454	0	15.4146
cav4mxo_DB8-ZINC000100036036-0.pdb	-100.369	-93.6985	-6.67034	0	16.3659
cav4mxo_DB8-ZINC000100036091-0.pdb	-108.675	-99.1746	-9.5	0	19.8718
cav4mxo_DB8-ZINC000100036092-0.pdb	-113.769	-108.654	-5.11466	0	18.9231
cav4mxo_DB8-ZINC000100036173-0.pdb	-86.3751	-74.8396	-11.5356	0	13.359
cav4mxo_DB8-ZINC000100036176-0.pdb	-92.713	-78.3545	-14.3585	0	14.3846
cav4mxo_DB8-ZINC000100036257-0.pdb	-103.791	-100.453	-3.33848	0	16.45
cav4mxo_DB8-ZINC000100036260-0.pdb	-105.587	-103.087	-2.5	0	18.275
cav4mxo_DB8-ZINC000102749003-0.pdb	-99.4673	-81.9449	-17.5224	0	17.9688
cav4mxo_DB8-ZINC000102935520-0.pdb	-88.569	-85.069	-3.5	0	17.6364
cav4mxo_DB8-ZINC000104381598-0.pdb	-102.382	-75.8266	-26.5558	0	16.3824
cav4mxo_DB8-ZINC000109070490-0.pdb	-82.9375	-77.4971	-5.44042	0	22.0385
cav4mxo_DB8-ZINC000111227123-0.pdb	-92.6616	-77.9312	-14.7304	0	19.8889
cav4mxo_DB8-ZINC000118198914-0.pdb	-78.538	-72.7682	-5.7698	0	22.3333
cav4mxo_DB8-ZINC000127140268-0.pdb	-85.5719	-77.8937	-7.6782	0	20.04
cav4mxo_DB8-ZINC000130377425-0.pdb	-91.2955	-77.8935	-13.402	0	19.7308
cav4mxo_DB8-ZINC000139415087-0.pdb	-75.0841	-63.0613	-12.0228	0	18.9545
cav4mxo_DB8-ZINC000150295519-0.pdb	-97.8078	-76.2248	-21.583	0	17.3529
cav4mxo_DB8-ZINC000150374843-0.pdb	-110.188	-83.4176	-26.7701	0	13.6889
cav4mxo_DB8-ZINC000150374964-0.pdb	-100.459	-89.9589	-10.5	0	17.7561
cav4mxo_DB8-ZINC000153531276-0.pdb	-85.109	-72.9065	-12.2025	0	18.9259
cav4mxo_DB8-ZINC000153540796-0.pdb	-85.5777	-59.7078	-25.8698	0	16.2222
cav4mxo_DB8-ZINC000153540908-0.pdb	-87.8342	-74.6983	-13.1359	0	19.8148
cav4mxo_DB8-ZINC000153580361-0.pdb	-86.9722	-73.3976	-13.5746	0	20.2692
cav4mxo_DB8-ZINC000170088683-0.pdb	-88.8363	-68.0423	-20.7939	0	22.087
cav4mxo_DB8-ZINC000170596750-0.pdb	-81.4458	-72.4744	-8.97137	0	22.2174
cav4mxo_DB8-ZINC000170598537-0.pdb	-80.7876	-68.7547	-12.0329	0	25.1429
cav4mxo_DB8-ZINC000170598758-0.pdb	-84.8485	-70.9719	-13.8766	0	25.0476
cav4mxo_DB8-ZINC000170601959-0.pdb	-89.5531	-73.2131	-16.34	0	16.8571
cav4mxo_DB8-ZINC000170612098-0.pdb	-85.9573	-78.9573	-7	0	22.25
cav4mxo_DB8-ZINC000170618095-0.pdb	-81.9934	-68.8125	-13.1809	0	25.8333
cav4mxo_DB8-ZINC000170619616-0.pdb	-81.3825	-73.5969	-7.78566	0	20.9583
cav4mxo_DB8-ZINC000170619670-0.pdb	-87.0877	-76.9124	-10.1753	0	15.8966
cav4mxo_DB8-ZINC000170673563-0.pdb	-77.8043	-72.0103	-5.79399	0	19
cav4mxo_DB8-ZINC000172011872-0.pdb	-98.9994	-89.2316	-9.76783	0	23.0769
cav4mxo_DB8-ZINC000177616730-0.pdb	-91.6978	-81.2371	-10.4607	0	20.6154
cav4mxo_DB8-ZINC000178781112-0.pdb	-97.746	-84.9987	-12.7474	0	22.8462
cav4mxo_DB8-ZINC000184080214-0.pdb	-85.1058	-69.2926	-15.8133	0	26.0476
cav4mxo_DB8-ZINC000189898739-0.pdb	-85.4107	-84.5894	-0.821289	0	21.7143
cav4mxo_DB8-ZINC000189898755-0.pdb	-98.1702	-75.8819	-22.2883	0	18.1071
cav4mxo_DB8-ZINC000190415087-0.pdb	-89.0665	-80.5769	-8.48955	0	22.08
cav4mxo_DB8-ZINC000190571312-0.pdb	-87.1682	-68.3089	-18.8594	0	19.24
cav4mxo_DB8-ZINC000191319836-0.pdb	-80.9272	-70.4272	-10.5	0	18.5833
cav4mxo_DB8-ZINC000191854788-0.pdb	-81.1746	-66.5464	-14.6282	0	23.12
cav4mxo_DB8-ZINC000192500070-0.pdb	-92.4097	-85.4097	-7	0	24.9565
cav4mxo_DB8-ZINC000192516561-0.pdb	-94.8082	-80.8082	-14	0	28.2727
cav4mxo_DB8-ZINC000193370352-0.pdb	-75.3484	-68.563	-6.78539	0	24.2
cav4mxo_DB8-ZINC000193387810-0.pdb	-86.9996	-71.0018	-15.9978	0	21.5833
cav4mxo_DB8-ZINC000195545112-0.pdb	-85.8536	-67.7584	-18.0952	0	21.2273
cav4mxo_DB8-ZINC000195578600-0.pdb	-73.056	-66.076	-6.97998	0	24.7143
cav4mxo_DB8-ZINC000195578601-0.pdb	-67.15	-56.0467	-11.1033	0	24.8571
cav4mxo_DB8-ZINC000215869465-0.pdb	-91.4045	-84.5286	-6.87594	0	20.9231
cav4mxo_DB8-ZINC000215869509-0.pdb	-87.0497	-74.886	-12.1637	0	18.6154
cav4mxo_DB8-ZINC000216506524-0.pdb	-90.5545	-67.517	-23.0375	0	22.3478
cav4mxo_DB8-ZINC000222975826-0.pdb	-103.978	-88.8055	-15.1724	0	21.8571
cav4mxo_DB8-ZINC000222984965-0.pdb	-85.2432	-80.5234	-4.71979	0	20.1538
cav4mxo_DB8-ZINC000222990386-0.pdb	-90.7981	-73.9627	-16.8354	0	18.963
cav4mxo_DB8-ZINC000223148460-0.pdb	-82.7187	-80.2187	-2.5	0	21.625
cav4mxo_DB8-ZINC000223148546-0.pdb	-84.4341	-81.9341	-2.5	0	24
cav4mxo_DB8-ZINC000223478190-0.pdb	-85.8738	-78.1336	-7.74014	0	21.875
cav4mxo_DB8-ZINC000225386983-0.pdb	-90.3316	-81.1535	-9.1781	0	24.3182
cav4mxo_DB8-ZINC000225539163-0.pdb	-75.6428	-69.7564	-5.88636	0	22.0769
cav4mxo_DB8-ZINC000225541273-0.pdb	-100.817	-73.7191	-27.0974	0	18.9667
cav4mxo_DB8-ZINC000225600740-0.pdb	-83.5334	-70.6859	-12.8474	0	23.5909
cav4mxo_DB8-ZINC000225667857-0.pdb	-89.9254	-69.0741	-20.8513	0	22.5652
cav4mxo_DB8-ZINC000225749950-0.pdb	-91.4178	-74.651	-16.7667	0	20.0333
cav4mxo_DB8-ZINC000225799483-0.pdb	-93.9713	-79.1163	-14.855	0	22.4783
cav4mxo_DB8-ZINC000226096255-0.pdb	-85.0978	-81.6308	-3.46698	0	23.0435
cav4mxo_DB8-ZINC000226096271-0.pdb	-75.9064	-72.4064	-3.5	0	22.375
cav4mxo_DB8-ZINC000226096287-0.pdb	-83.8218	-80.3218	-3.5	0	20.48
cav4mxo_DB8-ZINC000226688077-0.pdb	-73.7512	-57.8779	-15.8733	0	18.4762
cav4mxo_DB8-ZINC000228921309-0.pdb	-79.5128	-72.5128	-7	0	20.125
cav4mxo_DB8-ZINC000228923403-0.pdb	-74.889	-61.7664	-13.1226	0	28.0909
cav4mxo_DB8-ZINC000228929794-0.pdb	-76.2489	-76.2489	0	0	20.625
cav4mxo_DB8-ZINC000228935367-0.pdb	-75.6567	-74.7984	-0.858338	0	22.7273
cav4mxo_DB8-ZINC000228937059-0.pdb	-80.8948	-70.758	-10.1368	0	20.9583
cav4mxo_DB8-ZINC000228940094-0.pdb	-79.1646	-74.8894	-4.27516	0	23.8182
cav4mxo_DB8-ZINC000238899393-0.pdb	-98.9589	-82.7481	-16.2108	0	16.6471
cav4mxo_DB8-ZINC000244708037-0.pdb	-91.261	-66.2992	-24.9617	0	19.2963
cav4mxo_DB8-ZINC000252490666-0.pdb	-67.3824	-57.9433	-9.43909	0	24.1154
cav4mxo_DB8-ZINC000252492144-0.pdb	-79.8815	-67.5772	-12.3043	0	26.0476
cav4mxo_DB8-ZINC000252497718-0.pdb	-81.7	-68.5032	-13.1968	0	21.7619
cav4mxo_DB8-ZINC000252510743-0.pdb	-77.0215	-71.1449	-5.87654	0	22.0385
cav4mxo_DB8-ZINC000252510744-0.pdb	-89.0181	-80.0549	-8.96319	0	25
cav4mxo_DB8-ZINC000253396221-0.pdb	-86.8068	-77.7604	-9.0464	0	20.2
cav4mxo_DB8-ZINC000253401000-0.pdb	-91.6645	-79.7401	-11.9243	0	25.9167
cav4mxo_DB8-ZINC000253416445-0.pdb	-76.5602	-75.5529	-1.00733	0	22.7727
cav4mxo_DB8-ZINC000253416488-0.pdb	-73.5952	-70.0952	-3.5	0	20.8696
cav4mxo_DB8-ZINC000253416628-0.pdb	-92.1174	-84.8577	-7.25967	0	21.9615
cav4mxo_DB8-ZINC000253426370-0.pdb	-79.436	-63.7747	-15.6612	0	25
cav4mxo_DB8-ZINC000253426376-0.pdb	-89.6242	-69.5792	-20.0449	0	24.5909
cav4mxo_DB8-ZINC000253535609-0.pdb	-100.785	-69.4536	-31.3309	0	19.88
cav4mxo_DB8-ZINC000253630189-0.pdb	-83.4803	-63.9481	-19.5322	0	15.1
cav4mxo_DB8-ZINC000257208524-0.pdb	-102.975	-82.484	-20.4909	0	16.1842
cav4mxo_DB8-ZINC000257212228-0.pdb	-94.4274	-81.4274	-13	0	16.5833
cav4mxo_DB8-ZINC000257237888-0.pdb	-101.301	-97.4408	-3.85981	0	18.4857
cav4mxo_DB8-ZINC000257315951-0.pdb	-92.3162	-83.0904	-9.22586	0	15.6857
cav4mxo_DB8-ZINC000257328237-0.pdb	-89.929	-81.7587	-8.17029	0	15.2632
cav4mxo_DB8-ZINC000257354831-0.pdb	-103.22	-89.8351	-13.385	0	19.8571
cav4mxo_DB8-ZINC000257354925-0.pdb	-104.762	-93.6086	-11.1532	0	18.5556
cav4mxo_DB8-ZINC000266138816-0.pdb	-86.6233	-76.2273	-10.396	0	26.5238
cav4mxo_DB8-ZINC000268027403-0.pdb	-85.0198	-61.4506	-23.5692	0	20.1364
cav4mxo_DB8-ZINC000297640932-0.pdb	-99.1482	-86.5424	-12.6058	0	25
cav4mxo_DB8-ZINC000299760082-0.pdb	-84.1191	-77.5761	-6.54308	0	22.36
cav4mxo_DB8-ZINC000299762496-0.pdb	-77.2604	-56.9727	-20.2878	0	18.6522
cav4mxo_DB8-ZINC000299785140-0.pdb	-89.0338	-71.4205	-17.6133	0	22.3913
cav4mxo_DB8-ZINC000299799000-0.pdb	-90.1085	-72.1644	-17.9441	0	19.84
cav4mxo_DB8-ZINC000306122928-0.pdb	-92.6523	-66.5774	-26.0749	0	13.6471
cav4mxo_DB8-ZINC000328645693-0.pdb	-85.1576	-72.182	-12.9757	0	20.4167
cav4mxo_DB8-ZINC000334159640-0.pdb	-98.4742	-74.5722	-23.902	0	25.7083
cav4mxo_DB8-ZINC000341476828-0.pdb	-83.541	-78.3278	-5.21317	0	21.7826
cav4mxo_DB8-ZINC000341476836-0.pdb	-86.6627	-76.6675	-9.99513	0	23.1304
cav4mxo_DB8-ZINC000348773641-0.pdb	-86.3101	-75.8101	-10.5	0	22.9167
cav4mxo_DB8-ZINC000359841069-0.pdb	-87.024	-74.9455	-12.0785	0	21.75
cav4mxo_DB8-ZINC000390823033-0.pdb	-64.8251	-54.5146	-10.3105	0	17.6818
cav4mxo_DB8-ZINC000408576357-0.pdb	-101.626	-94.6265	-7	0	21.5517
cav4mxo_DB8-ZINC000408710519-0.pdb	-111.363	-101.62	-9.74321	0	19.5946
cav4mxo_DB8-ZINC000408758039-0.pdb	-76.2546	-65.7857	-10.469	0	23.3636
cav4mxo_DB8-ZINC000408972359-0.pdb	-91.311	-73.8306	-17.4804	0	23.0909
cav4mxo_DB8-ZINC000408972444-0.pdb	-92.2055	-78.3292	-13.8763	0	23.4545
cav4mxo_DB8-ZINC000409390568-0.pdb	-83.1341	-76.4688	-6.66535	0	22.0769
cav4mxo_DB8-ZINC000426399178-0.pdb	-82.2346	-70.6055	-11.6292	0	20.8261
cav4mxo_DB8-ZINC000426497109-0.pdb	-93.3577	-74.7503	-18.6074	0	22.3043
cav4mxo_DB8-ZINC000426505768-0.pdb	-84.091	-77.2581	-6.83293	0	22.3913
cav4mxo_DB8-ZINC000426505769-0.pdb	-83.2617	-71.8429	-11.4188	0	21.913
cav4mxo_DB8-ZINC000426519160-0.pdb	-86.4929	-76.5092	-9.9837	0	21.9167
cav4mxo_DB8-ZINC000426519161-0.pdb	-73.3405	-69.8405	-3.5	0	17.8333
cav4mxo_DB8-ZINC000426582730-0.pdb	-83.2623	-73.0767	-10.1856	0	21.0455
cav4mxo_DB8-ZINC000432124517-0.pdb	-53.0497	-41.3829	-11.6669	0	24.65
cav4mxo_DB8-ZINC000505733369-0.pdb	-102.235	-89.5325	-12.7028	0	25.5217
cav4mxo_DB8-ZINC000521394051-0.pdb	-94.4688	-80.6404	-13.8283	0	23.5652
cav4mxo_DB8-ZINC000524734446-0.pdb	-95.7688	-70.1639	-25.605	0	19.88
cav4mxo_DB8-ZINC000528127148-0.pdb	-96.7156	-89.9665	-6.74912	0	23.1154
cav4mxo_DB8-ZINC000528134822-0.pdb	-89.8072	-80.7441	-9.0631	0	22.5833
cav4mxo_DB8-ZINC000575615021-0.pdb	-63.2103	-46.9376	-16.2727	0	22.9167
cav4mxo_DB8-ZINC000575619195-0.pdb	-94.1896	-86.4765	-7.71306	0	18.5161
cav4mxo_DB8-ZINC000584906159-0.pdb	-111.944	-108.444	-3.5	0	17.8605
cav4mxo_DB8-ZINC000585084995-0.pdb	-68.5997	-64.0737	-4.52602	0	18.52
cav4mxo_DB8-ZINC000585114312-0.pdb	-91.4141	-73.7634	-17.6507	0	19.069
cav4mxo_DB8-ZINC000585114313-0.pdb	-87.1368	-72.5601	-14.5767	0	17.6897
cav4mxo_DB8-ZINC000585128389-0.pdb	-74.8937	-54.4506	-20.443	0	17.4545
cav4mxo_DB8-ZINC000585129265-0.pdb	-78.379	-60.8397	-17.5392	0	22.4762
cav4mxo_DB8-ZINC000585132636-0.pdb	-90.5636	-73.7613	-16.8023	0	21.7727
cav4mxo_DB8-ZINC000585132706-0.pdb	-83.3393	-76.5021	-6.83713	0	23.6522
cav4mxo_DB8-ZINC000630332487-0.pdb	-88.2199	-79.5507	-9.09648	0.4273	20.3571
cav4mxo_DB8-ZINC000653474657-0.pdb	-87.4495	-65.7729	-21.6766	0	20.9545
cav4mxo_DB8-ZINC000656472859-0.pdb	-97.3839	-82.4987	-14.8852	0	28.5
cav4mxo_DB8-ZINC000670461622-0.pdb	-83.9272	-70.9272	-13	0	22
cav4mxo_DB8-ZINC000823717520-0.pdb	-95.627	-81.2558	-14.3712	0	22.5417
cav4mxo_DB8-ZINC000824935545-0.pdb	-96.1903	-86.2722	-9.91817	0	20.2143
cav4mxo_DB8-ZINC000888092679-0.pdb	-78.8283	-69.1745	-9.65382	0	24.8571
cav4mxo_DB8-ZINC000888095167-0.pdb	-83.5566	-78.7515	-4.8051	0	25.4
cav4mxo_DB8-ZINC000952962786-0.pdb	-88.4936	-75.5972	-12.8964	0	21.2609
cav4mxo_DB8-ZINC000952965071-0.pdb	-93.6236	-78.3045	-15.3191	0	21
cav4mxo_DB8-ZINC000952968123-0.pdb	-88.5981	-78.2064	-10.3918	0	20
cav4mxo_DB8-ZINC000952974832-0.pdb	-91.9032	-64.3426	-27.5606	0	15
cav4mxo_DB8-ZINC000952976400-0.pdb	-76.9722	-61.6367	-15.3355	0	17.3333
cav4mxo_DB8-ZINC000952982768-0.pdb	-81.325	-64.843	-16.4821	0	21.381
cav4mxo_DB8-ZINC000952987320-0.pdb	-85.8211	-76.3211	-9.5	0	20.44
cav4mxo_DB8-ZINC000952992407-0.pdb	-86.9416	-74.4635	-12.4781	0	20.4167
cav4mxo_DB8-ZINC000952995681-0.pdb	-78.82	-64.82	-14	0	20.8095
cav4mxo_DB8-ZINC001506403497-0.pdb	-97.4288	-74.2622	-23.1666	0	24.9048
cav4mxo_DB8-ZINC001506404304-0.pdb	-89.1363	-81.3042	-7.83202	0	25.1852
cav4mxo_DB8-ZINC001506405813-0.pdb	-80.8508	-64.8688	-15.982	0	19.1739
cav4mxo_DB8-ZINC001506407050-0.pdb	-86.1263	-70.3656	-15.7606	0	22.9048
cav4mxo_DB8-ZINC001506415406-0.pdb	-83.7678	-65.9547	-17.8131	0	19.7826
cav4mxo_DB8-ZINC001506415603-0.pdb	-96.6336	-77.1362	-19.4974	0	17.8519
cav4mxo_DB8-ZINC001506417816-0.pdb	-89.8298	-86.8907	-2.93917	0	18.8621
cav4mxo_DB8-ZINC001506420062-0.pdb	-88.2554	-67.2857	-20.9697	0	19.4583
cav4mxo_DB8-ZINC001506429846-0.pdb	-72.3337	-69.1658	-3.16794	0	21.7727
cav4mxo_DB8-ZINC001529095677-0.pdb	-95.516	-78.3926	-17.1234	0	21.5385
cav4mxo_DB8-ZINC001529099824-0.pdb	-91.1305	-80.7015	-10.429	0	23.1481
cav4mxo_DB8-ZINC001529100441-0.pdb	-77.604	-68.4355	-9.16851	0	21.4091
cav4mxo_DB8-ZINC001529112579-0.pdb	-86.8864	-83.9419	-2.94452	0	19.5714
cav4mxo_DB8-ZINC001529113011-0.pdb	-77.9273	-74.5923	-3.33509	0	21.5455
cav4mxo_DB8-ZINC001529113322-0.pdb	-77.4809	-61.0787	-16.4022	0	22.8696
cav4mxo_DB8-ZINC001529113334-0.pdb	-89.2163	-84.4448	-4.77151	0	22.52
cav4mxo_DB8-ZINC001529119239-0.pdb	-82.6849	-69.5746	-13.1103	0	22.0417
cav4mxo_DB8-ZINC001529134185-0.pdb	-82.4209	-76.4209	-6	0	23.9545
cav4mxo_DB8-ZINC001529139941-0.pdb	-87.0823	-70.0908	-16.9915	0	19.4231
cav4mxo_DB8-ZINC001529155640-0.pdb	-81.5119	-78.2353	-3.27652	0	21.1667
cav4mxo_DB8-ZINC001529161637-0.pdb	-81.22	-75.3218	-5.89815	0	23.1364
cav4mxo_DB8-ZINC001529172054-0.pdb	-70.8044	-63.4306	-7.37382	0	19.2273
cav4mxo_DB8-ZINC001529172888-0.pdb	-76.9622	-63.4512	-13.5111	0	17.08
cav4mxo_DB8-ZINC001529174234-0.pdb	-90.4108	-79.3386	-11.0722	0	24.32
cav4mxo_DB8-ZINC001529181805-0.pdb	-88.9323	-72.477	-16.4553	0	18.68
cav4mxo_DB8-ZINC001529191677-0.pdb	-93.2526	-77.1494	-16.1032	0	27.4
cav4mxo_DB8-ZINC001529191843-0.pdb	-91.6427	-74.3573	-17.2854	0	19.6538
cav4mxo_DB8-ZINC001529191844-0.pdb	-86.0657	-74.8033	-11.2624	0	26.2692
cav4mxo_DB8-ZINC001529196380-0.pdb	-86.7996	-69.2996	-17.5	0	21.5417
cav4mxo_DB8-ZINC001529196696-0.pdb	-78.5658	-68.0658	-10.5	0	20.4167
cav4mxo_DB8-ZINC001529196880-0.pdb	-85.6992	-72.2161	-13.4831	0	21.84
cav4mxo_DB8-ZINC001529199180-0.pdb	-79.7394	-67.0014	-12.738	0	21
