#
# Top best docking result
#
# RANK FitnessValue   DrugName             RUN Atom Hbond Elect
     1    -134.428610 ZINC000408710519       0   39     5     0
     2    -132.032470 ZINC000036619491       0   36    12     4
     3    -129.986503 ZINC000016291028       0   38     8     0
     4    -129.527109 2325844257             0   48     5     0
     5    -129.439192 ZINC000036619008       0   36    10     4
     6    -126.956144 2325700251             0   29    11     0
     7    -126.791660 ZINC000036618961       0   36     7     0
     8    -126.575952 522734250              0   32     9     0
     9    -125.195256 ZINC000150374843       0   45    12     0
    10    -124.017640 ZINC000019143214       0   36     6     0
    11    -122.571768 ZINC000036619283       0   35     6     4
    12    -120.828766 2325831987             0   51     6     0
    13    -120.358222 ZINC000013961192       0   39     3     0
    14    -119.935983 ZINC000000648974       0   37     1     0
    15    -119.793318 ZINC000061997292       0   39     4     0
    16    -119.552249 ZINC000584906159       0   43    11     0
    17    -119.395219 2100539649             0   24    16     0
    18    -118.955466 2325830885             0   40     6     0
    19    -118.225196 ZINC000013029346       0   39     6     0
    20    -118.132193 ZINC000036619044       0   36     7     0
    21    -117.874934 ZINC000016942726       0   31     6     0
    22    -117.829807 2325824596             0   30     4     0
    23    -117.676079 ZINC000061997291       0   39     3     0
    24    -117.670725 ZINC000013961191       0   39     1     0
    25    -117.586722 ZINC000002782484       0   34     6     0
    26    -117.554043 ZINC000071775317       0   32     5     0
    27    -117.019345 66066361               0   40     8     0
    28    -116.934831 ZINC000013640572       0   34     3     0
    29    -116.821539 ZINC000000649296       0   41     2     0
    30    -116.805961 ZINC000000649569       0   36     4     0
    31    -116.798152 ZINC000000649086       0   37     4     0
    32    -116.692761 ZINC000035681978       0   35     5     0
    33    -116.481148 ZINC000097945946       0   35     5     0
    34    -116.265476 ZINC000062571966       0   35     5     0
    35    -116.198692 ZINC000013083113       0   35     7     0
    36    -115.789187 1776111702             0   36     6     0
    37    -115.711240 ZINC000044500808       0   30    11     0
    38    -115.650724 ZINC000095370907       0   25    10     0
    39    -115.620741 ZINC000002779157       0   32     1     0
    40    -115.285529 ZINC000019143211       0   36     6     0
    41    -115.082469 ZINC000002107845       0   38     5     0
    42    -114.972083 1875352229             0   29     9     0
    43    -114.931896 ZINC000014197924       0   35     2     0
    44    -114.912558 ZINC000012739284       0   33     7     0
    45    -114.716746 2325825322             0   30     5     0
    46    -114.619006 ZINC000013961206       0   37     2     0
    47    -114.611459 ZINC000257354831       0   35     4     0
    48    -114.603043 ZINC000002781306       0   35     4     0
    49    -114.539693 ZINC000071775318       0   32     8     0
    50    -114.308409 ZINC000100036176       0   39     2     0
    51    -114.280977 ZINC000032869565       0   32     6     0
    52    -114.115475 ZINC000001339486       0   37     6     0
    53    -113.778525 ZINC000150374964       0   41     7     0
    54    -113.754209 ZINC000062620517       0   37     7     0
    55    -113.656893 ZINC000257315951       0   37     2     0
    56    -113.637244 ZINC000002107823       0   37     1     0
    57    -113.534249 486493070              0   28     4     0
    58    -113.232441 ZINC000020356008       0   32     4     0
    59    -113.134257 ZINC000022052600       0   38     3     0
    60    -113.081494 ZINC000000649527       0   36     4     0
    61    -112.571300 ZINC000036619360       0   36     4     4
    62    -112.472470 ZINC000009253330       0   34     4     0
    63    -112.442493 ZINC000036618530       0   28    11     4
    64    -112.434143 ZINC000100035756       0   41     4     0
    65    -112.410637 ZINC000059620797       0   40     2     0
    66    -112.321729 ZINC000022052790       0   37     1     0
    67    -112.294239 ZINC000012929867       0   29     5     0
    68    -112.032114 ZINC000170088683       0   23     9     0
    69    -111.992566 ZINC000102749003       0   32     7     0
    70    -111.850216 ZINC000036619532       0   36     6     0
    71    -111.827723 ZINC000002780757       0   37     4     0
    72    -111.801917 465458184              0   34     4     0
    73    -111.776095 ZINC000222984965       0   26     8     0
    74    -111.770728 ZINC000009074916       0   32     3     0
    75    -111.729964 ZINC000000649564       0   38     1     0
    76    -111.596509 590839569              0   35     2     0
    77    -111.497629 ZINC000002107819       0   39     3     0
    78    -111.342630 ZINC000036619260       0   34     6     0
    79    -111.303962 ZINC000020215301       0   38     4     0
    80    -111.251269 ZINC000002107808       0   37     1     0
    81    -111.166174 ZINC000036619503       0   36     3     0
    82    -111.080739 ZINC000026235604       0   31     4     0
    83    -111.080632 ZINC000032983197       0   37     3     0
    84    -111.061931 ZINC000013961449       0   35     3     0
    85    -111.061055 ZINC000039300628       0   35     6     0
    86    -111.005004 ZINC000013641455       0   31     7     0
    87    -110.959954 ZINC000001003166       0   35     3     0
    88    -110.862469 ZINC000036618421       0   32     6     0
    89    -110.810154 ZINC000061997293       0   39     7     0
    90    -110.756490 ZINC000009074969       0   30     3     0
    91    -110.605222 2325704401             0   33    11     0
    92    -110.583452 ZINC000022832761       0   27    11     0
    93    -110.441996 ZINC000004179533       0   28    16     2
    94    -110.404821 ZINC000036618533       0   31     4     0
    95    -110.385490 ZINC000000649122       0   39     5     0
    96    -110.273760 ZINC000029121957       0   31     7     0
    97    -110.203137 ZINC000005351315       0   33     1     0
    98    -110.172155 ZINC000020774706       0   33     3     0
    99    -110.074400 ZINC000002778872       0   31     1     0
   100    -110.043924 ZINC000002107831       0   43     1     0
   101    -110.018671 ZINC000002770543       0   35     3     0
   102    -109.930565 ZINC000170601959       0   28     5     0
   103    -109.868787 ZINC000012739272       0   32     2     0
   104    -109.822187 ZINC000013961199       0   38     2     0
   105    -109.816727 ZINC000009514186       0   31     5     0
   106    -109.814570 ZINC000036619089       0   36     3     0
   107    -109.782729 ZINC000008746409       0   29     6     0
   108    -109.584960 ZINC000002108762       0   44     2     0
   109    -109.559303 1772572789             0   33     7     0
   110    -109.344541 ZINC000036396656       0   34     6     0
   111    -109.295481 ZINC000036618913       0   28     3     0
   112    -109.276558 ZINC000006462305       0   31     9     3
   113    -109.239690 2325843629             0   42     2     0
   114    -109.233184 ZINC000002108932       0   38     2     0
   115    -109.210262 ZINC000020669229       0   32     5     0
   116    -109.176408 ZINC000009954561       0   32     5     0
   117    -109.135821 ZINC000032934485       0   30     7     0
   118    -108.957024 ZINC000000649116       0   37     5     0
   119    -108.884805 ZINC000036619160       0   37     4     0
   120    -108.880949 ZINC000095526338       0   28     7     0
   121    -108.850305 ZINC000025171187       0   34     3     0
   122    -108.841994 ZINC000036619143       0   34     5     0
   123    -108.744626 ZINC000061997298       0   34     2     0
   124    -108.646194 ZINC000048332252       0   27     7     0
   125    -108.631516 ZINC000017418716       0   32     2     0
   126    -108.538004 ZINC000019078310       0   31     3     0
   127    -108.498759 ZINC000952974832       0   27    13     0
   128    -108.485506 ZINC000013959213       0   36     3     0
   129    -108.447051 ZINC000036616135       0   33     2     0
   130    -108.255983 ZINC000002875763       0   36     2     0
   131    -108.181494 ZINC000020606494       0   36     9     0
   132    -108.178424 301821418              0   29     7     0
   133    -108.139990 ZINC000012633294       0   32     3     0
   134    -108.119883 ZINC000009606174       0   32     3     0
   135    -108.072580 ZINC000036613673       0   33     5     0
   136    -107.994228 ZINC000000648840       0   35     3     0
   137    -107.905912 328610867              0   25    11     0
   138    -107.904154 ZINC000104381598       0   34     7     0
   139    -107.857608 ZINC000032983195       0   37     2     0
   140    -107.813375 ZINC000341476836       0   25     7     0
   141    -107.753845 ZINC000097948253       0   39     1     0
   142    -107.740259 2325739807             0   27     8     0
   143    -107.714024 ZINC000001060349       0   36     2     0
   144    -107.707357 ZINC000038449853       0   32     8     0
   145    -107.564261 ZINC000013961194       0   39     9     0
   146    -107.513143 ZINC000005333607       0   31     2     0
   147    -107.445242 ZINC000100036260       0   40     3     0
   148    -107.404221 ZINC000022834913       0   38     4     0
   149    -107.361710 ZINC000036613436       0   30     4     0
   150    -107.267194 ZINC000022838343       0   28     7     0
   151    -107.214946 ZINC000002780272       0   32     6     0
   152    -107.204629 ZINC000111227123       0   27     6     0
   153    -107.123716 ZINC000097948724       0   40     2     0
   154    -106.930463 ZINC000061997299       0   34     0     0
   155    -106.875936 ZINC000003143152       0   38     3     0
   156    -106.847607 ZINC000043203317       0   34     7     0
   157    -106.821499 ZINC000016599785       0   36     1     0
   158    -106.744617 578                    0   38     3     0
   159    -106.584786 ZINC000041195118       0   29     4     0
   160    -106.582093 ZINC000032885628       0   27     7     0
   161    -106.495117 ZINC000012300862       0   31     2     0
   162    -106.455531 1776003201             0   28     3     0
   163    -106.442968 1875259509             0   34     1     0
   164    -106.350480 ZINC000006462292       0   31     6     3
   165    -106.343033 ZINC000002778938       0   30     6     0
   166    -106.267253 ZINC000013129117       0   33     1     0
   167    -106.215792 ZINC000100036092       0   39     1     0
   168    -106.177088 ZINC000036613551       0   30     3     0
   169    -106.119644 ZINC000002777565       0   29     1     0
   170    -106.087034 1875318097             0   30     4     0
   171    -106.085474 ZINC000012736774       0   31     3     0
   172    -106.079230 ZINC000002769897       0   36     3     0
   173    -106.077088 ZINC000036616699       0   32     3     0
   174    -105.969472 ZINC000077319512       0   36     8     0
   175    -105.955864 ZINC000000649085       0   37     2     0
   176    -105.858376 ZINC000013573024       0   30     3     0
   177    -105.793341 1875358993             0   30     4     0
   178    -105.742142 ZINC000040040259       0   30     3     0
   179    -105.734683 ZINC000032858214       0   32     7     0
   180    -105.646516 1889040386             0   35     4     0
   181    -105.634518 ZINC000257212228       0   36     4     0
   182    -105.590807 ZINC000011246799       0   29     2     0
   183    -105.579519 ZINC000023692860       0   27     6     0
   184    -105.575089 ZINC000057432173       0   29     2     0
   185    -105.571311 ZINC000257208524       0   40     6     0
   186    -105.542646 ZINC000100035758       0   41     3     0
   187    -105.531079 ZINC000018222017       0   27     7     0
   188    -105.512011 ZINC000024748893       0   26     3     0
   189    -105.501241 ZINC000020215299       0   38     1     0
   190    -105.490860 ZINC000257328237       0   40     6     0
   191    -105.487669 ZINC000000648977       0   36     2     0
   192    -105.465001 ZINC000000649089       0   38     3     0
   193    -105.463536 1875270333             0   26     7     0
   194    -105.385756 ZINC000021657854       0   27     5     0
   195    -105.384805 ZINC000002778700       0   35     7     0
   196    -105.363554 ZINC000040139278       0   33     5     0
   197    -105.339881 ZINC000003236396       0   32     0     0
   198    -105.320067 ZINC000036618372       0   29     6     0
   199    -105.253922 ZINC000002770025       0   37     2     0
   200    -105.245745 ZINC000002107769       0   38     3     0
   201    -105.235257 1339808042             0   20    10     0
   202    -105.189749 486630701              0   29     5     0
   203    -105.162460 ZINC000238899393       0   37     4     0
   204    -105.136910 503630885              0   31     5     0
   205    -105.076917 1875387293             0   33     8     0
   206    -105.058228 ZINC000002107812       0   37     2     0
   207    -104.979004 ZINC000072238510       0   31     2     0
   208    -104.959065 ZINC000067756363       0   23     8     0
   209    -104.953654 ZINC000100035493       0   37     3     0
   210    -104.924775 ZINC000002107848       0   37     2     0
   211    -104.905822 ZINC000022565059       0   34     4     0
   212    -104.868172 ZINC000036614264       0   35     4     0
   213    -104.836289 ZINC000002726142       0   32     1     0
   214    -104.789112 497645391              0   26     7     0
   215    -104.741766 ZINC000035681893       0   33     4     0
   216    -104.727902 ZINC000036616358       0   30     4     0
   217    -104.674569 ZINC000100036257       0   40     3     0
   218    -104.536441 ZINC000036618984       0   35     6     0
   219    -104.530631 ZINC000009829958       0   33     5     0
   220    -104.515110 1875270332             0   26     9     0
   221    -104.417772 ZINC000058160292       0   24     4     0
   222    -104.414075 ZINC000035681975       0   32     6     0
   223    -104.394617 ZINC000004734185       0   27     7     0
   224    -104.370344 ZINC000002108009       0   39     5     0
   225    -104.347851 480424186              0   29     3     0
   226    -104.345795 ZINC000014236864       0   30     5     0
   227    -104.336324 ZINC000034014624       0   33     4     0
   228    -104.245798 ZINC000058305065       0   30     4     0
   229    -104.202355 ZINC000009116924       0   31     7     0
   230    -104.194971 ZINC000000649101       0   38     4     0
   231    -104.169616 33236591               0   30     5     0
   232    -104.162903 ZINC000010517131       0   29     6     0
   233    -104.158981 ZINC000009075047       0   31     4     0
   234    -104.134003 ZINC000036619050       0   28     4     0
   235    -104.133525 ZINC001529113334       0   25     6     0
   236    -104.068240 ZINC000009074922       0   31     3     0
   237    -103.983298 ZINC000100036036       0   41     1     0
   238    -103.959287 ZINC000000649540       0   37     2     0
   239    -103.947050 ZINC000049004766       0   31     4     0
   240    -103.928524 ZINC000059289967       0   28     5     0
   241    -103.925542 ZINC000036616366       0   29     6     0
   242    -103.882053 ZINC000006462304       0   31     8     2
   243    -103.783131 ZINC000013959910       0   32     2     0
   244    -103.750654 ZINC000009074981       0   28     2     0
   245    -103.733828 ZINC000067769806       0   26     7     0
   246    -103.725851 ZINC000020615748       0   33     2     0
   247    -103.694866 ZINC000065534574       0   26     8     0
   248    -103.626851 ZINC000006791296       0   27     7     0
   249    -103.622610 ZINC000019078415       0   33     6     0
   250    -103.599326 ZINC000040135245       0   30     2     0
   251    -103.541341 ZINC000036613304       0   30     4     0
   252    -103.499663 ZINC000002770178       0   39     2     0
   253    -103.499514 ZINC000036619376       0   30     8     0
   254    -103.459228 ZINC000022139860       0   32     5     0
   255    -103.458054 ZINC000013724658       0   28     2     0
   256    -103.447961 ZINC000036613853       0   27     6     0
   257    -103.322201 ZINC000032934483       0   30     6     0
   258    -103.320411 ZINC000064791439       0   36     1     0
   259    -103.267833 ZINC000100036173       0   39     4     0
   260    -103.230021 ZINC000095360193       0   19    11     0
   261    -103.221933 ZINC000011663721       0   32     4     0
   262    -103.185920 ZINC000002107792       0   37     4     0
   263    -103.183182 ZINC000022389307       0   30     8     0
   264    -103.115351 ZINC000016689840       0   28     8     0
   265    -103.081224 ZINC000036615812       0   28     5     0
   266    -103.015840 ZINC000150295519       0   36     8     0
   267    -102.995035 ZINC000002770361       0   31     1     0
   268    -102.985861 ZINC000036613554       0   31     3     0
   269    -102.979824 2325825025             0   30     7     0
   270    -102.971795 ZINC000036614059       0   28     2     0
   271    -102.960712 ZINC000095378545       0   24     9     0
   272    -102.947232 ZINC000017097074       0   32     3     0
   273    -102.938469 ZINC000032753009       0   25     6     0
   274    -102.910412 ZINC000079063698       0   30     5     0
   275    -102.903661 ZINC000823717520       0   26     4     0
   276    -102.893408 ZINC000032648569       0   30     3     0
   277    -102.871767 ZINC000071915182       0   25     8     0
   278    -102.853853 ZINC000012520766       0   29     8     0
   279    -102.803797 ZINC001529191843       0   26    10     0
   280    -102.781965 ZINC000019521739       0   21     8     0
   281    -102.647864 ZINC000002107802       0   30     3     0
   282    -102.610972 ZINC000057366530       0   28     5     0
   283    -102.588885 ZINC000036615783       0   26     6     0
   284    -102.559061 ZINC000009074830       0   27     4     0
   285    -102.494311 ZINC000024904626       0   28     5     0
   286    -102.487683 434198808              0   28     6     0
   287    -102.486466 ZINC000016426069       0   36     3     0
   288    -102.485843 ZINC000100035547       0   40     7     0
   289    -102.462659 ZINC000002776709       0   29     1     0
   290    -102.388311 ZINC000001071552       0   32     3     0
   291    -102.333169 ZINC000050931224       0   24     7     0
   292    -102.328861 ZINC000036616048       0   27     5     0
   293    -102.290326 ZINC00003661909        0   27     4     0
   294    -102.284328 ZINC000048231334       0   30     6     0
   295    -102.257319 ZINC000036619235       0   34     6     0
   296    -102.257007 ZINC000027666441       0   33     3     0
   297    -102.248061 ZINC000002106201       0   37     1     0
   298    -102.218190 ZINC000035681973       0   30     4     0
   299    -102.214655 790945010              0   27     4     0
   300    -102.200166 ZINC000071405488       0   29     5     0
   301    -102.179890 ZINC000002768244       0   36     3     0
   302    -102.101951 ZINC000009119377       0   34     3     0
   303    -102.001016 ZINC000072165188       0   27     6     0
   304    -101.994411 ZINC000032810684       0   35     4     0
   305    -101.982229 895742824              0   21     8     0
   306    -101.928240 ZINC000098046275       0   36     4     0
   307    -101.919023 ZINC000032768213       0   34     2     0
   308    -101.877677 ZINC000100035495       0   37     2     0
   309    -101.848246 ZINC000059620562       0   40     2     0
   310    -101.778581 ZINC000002797736       0   29     8     4
   311    -101.743719 ZINC000057730917       0   34     9     0
   312    -101.739869 513154648              0   33     6     0
   313    -101.733644 ZINC000036616153       0   30     6     0
   314    -101.728587 ZINC000170618095       0   20     5     0
   315    -101.721367 ZINC000022052515       0   37     2     0
   316    -101.708069 ZINC000005455744       0   26     6     0
   317    -101.673294 ZINC000002884963       0   34     1     0
   318    -101.611199 ZINC000097142402       0   25     9     2
   319    -101.605854 ZINC000002779181       0   30     3     0
   320    -101.577282 ZINC000036619421       0   30     6     0
   321    -101.542499 ZINC000058378492       0   32     4     0
   322    -101.439663 ZINC000071915181       0   25     7     0
   323    -101.423839 ZINC000012901595       0   29     3     0
   324    -101.423400 ZINC000005346385       0   24     6     0
   325    -101.415537 ZINC000244708037       0   27     7     0
   326    -101.355486 ZINC000002769918       0   36     3     0
   327    -101.339985 ZINC000036619333       0   37     3     0
   328    -101.301910 1604316247             0   24     7     4
   329    -101.260839 ZINC000065436193       0   20    10     0
   330    -101.189364 ZINC000004817084       0   28     3     0
   331    -101.141151 ZINC000002770171       0   30     5     0
   332    -101.087447 ZINC000002107799       0   38     1     0
   333    -101.084296 ZINC000040144909       0   31     3     0
   334    -101.047139 ZINC000306122928       0   36     7     0
   335    -101.032650 ZINC000002081490       0   28     2     0
   336    -101.014196 ZINC000002793518       0   37     3     0
   337    -100.997306 ZINC000100035898       0   40     0     0
   338    -100.988339 ZINC000096011406       0   28     4     0
   339    -100.956985 ZINC000036613642       0   28     6     0
   340    -100.933101 ZINC000072171308       0   26     9     0
   341    -100.932079 ZINC000072435661       0   24    10     0
   342    -100.906060 ZINC000003313078       0   34     1     0
   343    -100.905406 2325827712             0   31     5     0
   344    -100.861811 ZINC000002571037       0   22     6     0
   345    -100.846715 ZINC000036616019       0   29     4     0
   346    -100.773872 ZINC000028251774       0   29     4     0
   347    -100.740441 ZINC000046087787       0   25     2     0
   348    -100.734987 ZINC000009074908       0   32     6     0
   349    -100.724005 301821417              0   29     7     0
   350    -100.721149 ZINC000095510086       0   23    11     0
   351    -100.703956 ZINC000017093359       0   30     2     0
   352    -100.698749 ZINC000036616288       0   32     2     0
   353    -100.692927 630541635              0   24     7     0
   354    -100.681002 ZINC000036618930       0   31     3     0
   355    -100.632690 ZINC000016162616       0   26     3     0
   356    -100.614774 ZINC000002741683       0   30     1     0
   357    -100.568314 ZINC000013641517       0   31     6     0
   358    -100.565629 ZINC000020355988       0   32     4     0
   359    -100.556192 ZINC000009075027       0   27     5     0
   360    -100.548430 1875323713             0   25     2     0
   361    -100.546497 74423080               0   26     2     0
   362    -100.544318 ZINC000002873916       0   37     0     0
   363    -100.541154 ZINC000048287225       0   31     5     0
   364    -100.517346 ZINC000015141080       0   27     4     0
   365    -100.487708 ZINC000022837590       0   33     2     0
   366    -100.437861 ZINC000012926767       0   32     5     0
   367    -100.392227 ZINC000095460526       0   27    11     0
   368    -100.384078 ZINC000065322713       0   29     4     0
   369    -100.367311 ZINC000015414016       0   28     5     0
   370    -100.329689 ZINC001506417816       0   29     4     0
   371    -100.291925 ZINC000036396655       0   34     3     0
   372    -100.280035 ZINC000013083681       0   33     6     0
   373    -100.277809 ZINC000097108415       0   23     9     0
   374    -100.277707 1776003255             0   26     7     0
   375    -100.263444 ZINC000020917168       0   31     2     0
   376    -100.205876 2325875954             0   27     4     7
   377    -100.149196 ZINC000225541273       0   30     9     0
   378    -100.113542 ZINC000040130727       0   30     6     0
   379    -100.099335 ZINC000009968964       0   34     3     0
   380    -100.090313 ZINC000040128162       0   27     7     0
   381    -100.088008 ZINC000001074082       0   29     1     0
   382    -100.079557 ZINC000036619527       0   36     3     0
   383    -100.075793 ZINC000041195121       0   31     5     0
   384    -100.038270 ZINC000020661995       0   32     1     0
   385    -100.032279 ZINC000032910901       0   30     1     0
   386    -100.023947 583242790              0   29     7     0
   387     -99.965832 ZINC000253535609       0   25     8     0
   388     -99.955481 ZINC000072165277       0   26     6     0
   389     -99.944304 ZINC000058282764       0   25     7     0
   390     -99.932503 ZINC000036619499       0   27     4     0
   391     -99.911195 ZINC000064791383       0   36     3     0
   392     -99.876517 ZINC000036619494       0   36     3     0
   393     -99.833681 ZINC000071849963       0   32     5     0
   394     -99.818224 ZINC000005065854       0   29     7     0
   395     -99.753877 ZINC000006804976       0   30     4     0
   396     -99.753525 ZINC000005313843       0   28     4     0
   397     -99.746392 302587653              0   26     6     0
   398     -99.743479 ZINC000024841625       0   32     2     0
   399     -99.718568 ZINC000002715176       0   32     3     0
   400     -99.712568 ZINC000012791393       0   25     5     0
   401     -99.701531 ZINC000009366930       0   33     2     0
   402     -99.683857 ZINC000065373258       0   26     8     0
   403     -99.679686 ZINC000009222885       0   33     5     0
   404     -99.669764 ZINC000100036033       0   41     1     0
   405     -99.655884 ZINC000022052595       0   38     2     0
   406     -99.646601 ZINC000036615860       0   30     4     0
   407     -99.645287 ZINC000048286479       0   23     2     0
   408     -99.628449 ZINC000000815310       0   29     5     0
   409     -99.609880 ZINC000191854788       0   25     6     0
   410     -99.601066 ZINC000019078052       0   29     3     0
   411     -99.559313 524                    0   20     7     0
   412     -99.546873 ZINC000017088446       0   30     2     0
   413     -99.533118 ZINC000022052929       0   38     2     0
   414     -99.496605 ZINC000225749950       0   30     4     0
   415     -99.484306 ZINC000022052519       0   37     1     0
   416     -99.465515 ZINC000004734159       0   28     4     0
   417     -99.465432 ZINC000004733486       0   28     3     0
   418     -99.432265 1875342395             0   23     6     0
   419     -99.399184 ZINC000013068416       0   32     1     0
   420     -99.395161 ZINC000076062989       0   24     7     0
   421     -99.321099 ZINC000072473718       0   27     7     0
   422     -99.309027 ZINC000002769570       0   28     2     0
   423     -99.286043 ZINC000035615745       0   32     5     0
   424     -99.263175 ZINC000015141081       0   27     6     0
   425     -99.247639 ZINC000027666429       0   30     2     0
   426     -99.245114 ZINC000013961374       0   33     5     0
   427     -99.231524 ZINC000024466255       0   28     5     0
   428     -99.203489 ZINC000016944482       0   32     6     0
   429     -99.179725 ZINC001529139941       0   26     5     0
   430     -99.153512 ZINC000036613784       0   29     8     0
   431     -99.122252 ZINC000008706522       0   31     4     0
   432     -99.087124 ZINC000009467090       0   34     3     0
   433     -99.065723 ZINC000059603091       0   36     8     0
   434     -99.062775 ZINC000031886264       0   32     1     0
   435     -99.060250 ZINC000019717583       0   32     1     0
   436     -99.007009 ZINC000079063688       0   30     9     0
   437     -99.000889 ZINC000002867502       0   30     1     0
   438     -98.996968 ZINC000002769946       0   30     3     0
   439     -98.973258 ZINC000015414252       0   32     4     0
   440     -98.971263 ZINC000334159640       0   24     6     0
   441     -98.965142 ZINC000067905237       0   24     7     0
   442     -98.918280 13230341               0   28     5     0
   443     -98.913265 2325825321             0   30     1     0
   444     -98.900708 1875300030             0   30     3     0
   445     -98.900208 ZINC000005029841       0   28     6     0
   446     -98.878936 1875334947             0   26     5     0
   447     -98.857694 ZINC000033067691       0   30     3     0
   448     -98.853788 ZINC000097945697       0   38     2     0
   449     -98.843564 ZINC000095450208       0   29     3     0
   450     -98.821701 ZINC000070448411       0   28    10     0
   451     -98.769100 ZINC000001773015       0   28     2     0
   452     -98.761313 ZINC000071775320       0   31     6     0
   453     -98.757992 ZINC000027666452       0   32     2     0
   454     -98.735548 ZINC000040155574       0   35     3     0
   455     -98.700031 ZINC000036092610       0   26     7     0
   456     -98.682666 ZINC000036619347       0   29     6     0
   457     -98.655064 ZINC000057148962       0   24     6     0
   458     -98.650255 ZINC000027666435       0   28     4     0
   459     -98.637076 1857711226             0   23     9     0
   460     -98.628360 ZINC000002770309       0   36     2     0
   461     -98.588705 ZINC000031784818       0   28     3     0
   462     -98.586191 ZINC000036617375       0   28     4     0
   463     -98.574565 ZINC000127140268       0   25     4     0
   464     -98.564624 ZINC000013364724       0   31     6     0
   465     -98.530680 2037880194             0   31     8     0
   466     -98.449669 ZINC000095382899       0   22    12     0
   467     -98.425009 ZINC000028296489       0   31     4     0
   468     -98.403614 ZINC000006804970       0   30     5     0
   469     -98.401103 ZINC000013960930       0   36     4     0
   470     -98.366941 ZINC000153540796       0   27     6     0
   471     -98.326266 ZINC000022052924       0   38     2     0
   472     -98.326171 ZINC000004953890       0   30     4     0
   473     -98.302608 ZINC000170619670       0   31     2     0
   474     -98.299922 ZINC000097372936       0   24     6     0
   475     -98.287824 ZINC000002792619       0   29     3     0
   476     -98.284913 121819829              0   22     4     0
   477     -98.284032 48299079               0   26     7     0
   478     -98.231185 ZINC000006507554       0   27     3     0
   479     -98.216642 185015159              0   26     4     0
   480     -98.167438 ZINC000036616904       0   29     7     0
   481     -98.130721 ZINC000032721492       0   27     3     0
   482     -98.093906 ZINC000004898929       0   29     6     0
   483     -98.076944 ZINC000257354925       0   36     2     0
   484     -98.054591 ZINC000008584575       0   27     8     0
   485     -98.028814 2356169402             0   24     9     0
   486     -97.988280 ZINC000004985507       0   29     3     0
   487     -97.921549 ZINC000002198444       0   30     5     0
   488     -97.902052 ZINC000036616749       0   30     3     0
   489     -97.824892 ZINC000048356471       0   24     5     0
   490     -97.823503 ZINC000038653220       0   28     7     0
   491     -97.802891 ZINC000036619482       0   26     6     0
   492     -97.766750 72315533               0   34     3     0
   493     -97.750948 ZINC000036617465       0   30     7     0
   494     -97.735514 302865957              0   27     3     0
   495     -97.727638 ZINC000005054644       0   29     3     0
   496     -97.695023 ZINC000065512021       0   26     4     0
   497     -97.690446 ZINC000100035676       0   37     1     0
   498     -97.685083 ZINC000036619288       0   28     8     0
   499     -97.664463 1159                   0   27     3     0
   500     -97.648807 ZINC000036616430       0   29     5     0
   501     -97.639966 ZINC000067973806       0   29     6     0
   502     -97.639665 ZINC000098212685       0   31     6     0
   503     -97.597142 ZINC000036616484       0   30     4     0
   504     -97.574066 ZINC000001003098       0   29     1     0
   505     -97.571548 ZINC000036615892       0   26     2     0
   506     -97.554566 ZINC000013083200       0   34     3     0
   507     -97.464202 38449852               0   32     4     0
   508     -97.447999 ZINC000036619487       0   31     5     0
   509     -97.416123 ZINC000000799069       0   29     7     0
   510     -97.413675 ZINC000012088147       0   30     6     0
   511     -97.390248 ZINC001506404304       0   27     6     0
   512     -97.380030 ZINC000012766865       0   27     4     0
   513     -97.345490 ZINC000426505768       0   23     7     0
   514     -97.321643 ZINC000012644279       0   30     2     0
   515     -97.303769 ZINC000022834916       0   38     2     0
   516     -97.300246 ZINC000022735948       0   28     5     0
   517     -97.282937 ZINC000017026449       0   26     0     0
   518     -97.253405 ZINC000089761963       0   30     9     0
   519     -97.242500 ZINC000049005037       0   31     3     0
   520     -97.229740 ZINC000032580857       0   20     6     0
   521     -97.222713 ZINC000002773581       0   30     1     0
   522     -97.208118 ZINC000013083193       0   32     2     0
   523     -97.201241 ZINC000002781338       0   30     7     0
   524     -97.198080 275521428              0   27     6     0
   525     -97.172315 ZINC000013129382       0   32     5     0
   526     -97.172255 ZINC000032870565       0   28     5     0
   527     -97.169689 ZINC000019718456       0   31     0     0
   528     -97.121312 ZINC000002770408       0   38     2     0
   529     -97.116727 ZINC000004597412       0   30     0     0
   530     -97.069422 110577998              0   32     6     0
   531     -97.051502 ZINC000072469230       0   27     3     0
   532     -97.007745 ZINC000002868164       0   31     1     0
   533     -96.981121 ZINC000097378964       0   24     8     0
   534     -96.928925 ZINC000003229865       0   32     1     0
   535     -96.925839 48271614               0   26     6     0
   536     -96.925733 ZINC000001584923       0   27     0     0
   537     -96.910926 ZINC000031785225       0   28     1     0
   538     -96.880099 ZINC000006897271       0   28     2     0
   539     -96.849079 ZINC000071405490       0   27     3     0
   540     -96.841984 ZINC000013010849       0   27     4     0
   541     -96.841723 ZINC000040139277       0   33     3     0
   542     -96.839525 ZINC001506415603       0   27     9     0
   543     -96.816619 ZINC000004674086       0   27     4     0
   544     -96.795882 669652552              0   22     7     0
   545     -96.794789 ZINC000585114313       0   29     0     0
   546     -96.789359 ZINC000009074911       0   33     5     0
   547     -96.755492 ZINC000027666443       0   32     2     0
   548     -96.721503 ZINC000097160087       0   23     4     0
   549     -96.702930 ZINC000253426376       0   22     6     0
   550     -96.679027 ZINC000653474657       0   22     7     0
   551     -96.649485 ZINC000035681980       0   27     3     0
   552     -96.616594 ZINC001529181805       0   25     5     0
   553     -96.582495 ZINC000027666431       0   27     2     0
   554     -96.566513 ZINC000253416628       0   26     7     0
   555     -96.563004 ZINC000009075005       0   25     4     0
   556     -96.557718 ZINC000036688997       0   26     2     0
   557     -96.545783 ZINC000630332487       0   28     4     0
   558     -96.537741 ZINC000178781112       0   26     4     0
   559     -96.535708 ZINC000008725260       0   28     5     0
   560     -96.527693 614216777              0   26     6     0
   561     -96.493877 448539215              0   26     6     0
   562     -96.482475 ZINC000036613734       0   27     2     0
   563     -96.353583 ZINC000032650585       0   23     5     0
   564     -96.339172 ZINC000072427088       0   24     4     0
   565     -96.311370 ZINC000015780355       0   27     2     0
   566     -96.305706 ZINC000153531276       0   27     4     0
   567     -96.304364 ZINC000040087707       0   27     3     0
   568     -96.274815 ZINC000001003196       0   38     5     0
   569     -96.258724 ZINC000575615021       0   24     6     0
   570     -96.255297 ZINC000102935520       0   33     1     0
   571     -96.253762 ZINC000002867752       0   29     1     0
   572     -96.245373 ZINC000030691817       0   24     4     0
   573     -96.196920 ZINC000008327509       0   30     2     0
   574     -96.184200 ZINC000009074927       0   30     5     0
   575     -96.178308 ZINC000006804975       0   29     4     0
   576     -96.178103 ZINC000072479024       0   23     5     0
   577     -96.146406 ZINC000022475775       0   28     3     0
   578     -96.131937 ZINC000072143068       0   26     9     0
   579     -96.130779 ZINC000009290201       0   27     4     0
   580     -96.123225 ZINC000192500070       0   23     4     0
   581     -96.118483 ZINC000020213446       0   32     1     0
   582     -96.030729 ZINC000505733369       0   23     7     0
   583     -96.026892 ZINC000328645693       0   27     2     0
   584     -96.005743 ZINC000408972444       0   22     5     0
   585     -95.974862 ZINC000012227301       0   28     1     0
   586     -95.963394 ZINC000524734446       0   25     7     0
   587     -95.944696 ZINC000014241267       0   27     4     0
   588     -95.897596 ZINC000009360482       0   28     1     0
   589     -95.887355 ZINC000036392978       0   30     4     0
   590     -95.868417 ZINC000007738604       0   24     3     0
   591     -95.864319 ZINC000005269964       0   26     6     0
   592     -95.845673 ZINC000067772974       0   21    11     0
   593     -95.843579 ZINC000027666468       0   27     2     0
   594     -95.835490 ZINC001529191677       0   20     9     0
   595     -95.775365 ZINC001529196380       0   24     6     0
   596     -95.772581 ZINC000014279753       0   25     8     0
   597     -95.754545 ZINC000013573026       0   30     3     0
   598     -95.681221 ZINC000019109668       0   27     4     0
   599     -95.674317 ZINC000036395462       0   33     2     0
   600     -95.646861 ZINC000012929860       0   29     3     0
   601     -95.645774 ZINC000009641754       0   29     3     0
   602     -95.643569 ZINC000097049871       0   22     9     0
   603     -95.631425 ZINC000097733051       0   27     6     0
   604     -95.611188 ZINC000004733469       0   27     0     0
   605     -95.594975 578223565              0   20     7     0
   606     -95.578682 ZINC000072166993       0   27     5     0
   607     -95.570747 ZINC000021832166       0   26     1     0
   608     -95.530857 ZINC000027666433       0   28     4     0
   609     -95.496379 ZINC000036619244       0   30     4     0
   610     -95.475249 ZINC000002779273       0   33     6     0
   611     -95.465739 ZINC000036619132       0   32     5     0
   612     -95.433782 ZINC000076640245       0   26     1     0
   613     -95.405016 ZINC000032578507       0   21     8     0
   614     -95.389327 ZINC000426505769       0   23     7     0
   615     -95.383183 ZINC000036617410       0   24     4     0
   616     -95.374314 ZINC000095501544       0   26     6     0
   617     -95.355881 893461255              0   22     4     0
   618     -95.342786 ZINC000000815293       0   31     3     0
   619     -95.311466 ZINC000061997297       0   27     7     0
   620     -95.261325 ZINC001529155640       0   24     4     0
   621     -95.247306 ZINC000072474798       0   26     4     0
   622     -95.210159 ZINC000067758689       0   26     6     0
   623     -95.207485 ZINC000032610679       0   32     7     0
   624     -95.205822 ZINC000067805975       0   27     1     0
   625     -95.187346 ZINC000030587615       0   24     7     0
   626     -95.169149 ZINC000095378597       0   23     5     0
   627     -95.168355 ZINC000041529368       0   26     3     0
   628     -95.167027 ZINC000225667857       0   23     9     0
   629     -95.145853 ZINC000012865006       0   29     3     0
   630     -95.140743 301241317              0   25     3     0
   631     -95.134018 ZINC000036619447       0   30     4     0
   632     -95.126454 ZINC000002746871       0   28     2     0
   633     -95.090965 ZINC000009075025       0   27     5     0
   634     -95.077032 ZINC000048286695       0   29     5     0
   635     -95.060135 ZINC000095387699       0   24     8     0
   636     -95.018701 ZINC000097635148       0   25     4     0
   637     -95.014841 ZINC000002205320       0   26     3     0
   638     -95.010252 ZINC000299799000       0   25     8     0
   639     -94.997591 ZINC000017099436       0   30     3     0
   640     -94.985695 ZINC000058341265       0   26     7     0
   641     -94.985560 ZINC000027666445       0   32     3     0
   642     -94.981018 ZINC000017094907       0   32     2     0
   643     -94.980006 ZINC000027666423       0   27     3     0
   644     -94.921675 ZINC000013083621       0   34     9     0
   645     -94.920761 ZINC000055325365       0   21     9     3
   646     -94.901746 ZINC000952965071       0   28     8     0
   647     -94.860209 ZINC000008231140       0   28     3     0
   648     -94.836553 ZINC000015414019       0   28     3     0
   649     -94.833539 ZINC000067805768       0   27     5     0
   650     -94.813345 ZINC000041123940       0   24     6     0
   651     -94.772161 ZINC000027666440       0   28     4     0
   652     -94.758758 2325862250             0   28     4     0
   653     -94.757034 ZINC000036619267       0   28     3     0
   654     -94.746669 ZINC000072310995       0   27     4     0
   655     -94.746328 790283204              0   30     7     0
   656     -94.725528 ZINC000003207476       0   34     1     0
   657     -94.702507 ZINC000100036091       0   39     1     0
   658     -94.693831 ZINC000060790369       0   24     4     0
   659     -94.693540 ZINC000072312224       0   23     6     0
   660     -94.676304 ZINC000008706892       0   25     3     0
   661     -94.675865 ZINC000253426370       0   22     7     0
   662     -94.640280 ZINC000077393907       0   27     5     0
   663     -94.595366 ZINC000036611941       0   33     2     0
   664     -94.589993 ZINC000253630189       0   30     5     0
   665     -94.571357 ZINC000012846047       0   28     7     0
   666     -94.561008 ZINC000153540908       0   27     2     0
   667     -94.557981 ZINC000017270456       0   31     5     0
   668     -94.550023 ZINC000026703492       0   25     5     0
   669     -94.534785 2325870620             0   23     5     0
   670     -94.524444 ZINC000057709839       0   29     6     0
   671     -94.523914 ZINC000172011872       0   26     5     0
   672     -94.506587 ZINC000035606570       0   30     5     0
   673     -94.505244 1604316248             0   24     5     0
   674     -94.498347 ZINC000065562322       0   25     6     0
   675     -94.467228 ZINC000027666413       0   24     6     0
   676     -94.417839 ZINC000009669879       0   30     3     0
   677     -94.395627 ZINC000096008865       0   24     6     0
   678     -94.391661 1875288042             0   23     5     0
   679     -94.391147 ZINC000009332863       0   27     2     0
   680     -94.365053 ZINC000012766330       0   28     1     0
   681     -94.351818 ZINC000017308039       0   27     1     0
   682     -94.331502 ZINC000005347491       0   26     5     0
   683     -94.326434 ZINC000084008411       0   22     5     0
   684     -94.277457 1875352049             0   28     4     0
   685     -94.277284 ZINC000408576357       0   29     4     0
   686     -94.274037 ZINC000058406791       0   25     6     0
   687     -94.245702 ZINC000027666425       0   27     5     0
   688     -94.236961 ZINC000001334841       0   31     4     0
   689     -94.226175 ZINC000096429779       0   23    10     0
   690     -94.214369 ZINC000072478871       0   24     5     0
   691     -94.211373 ZINC000058158729       0   23     5     0
   692     -94.162096 ZINC000095957748       0   27     8     0
   693     -94.135954 ZINC000003212184       0   33     3     0
   694     -94.131153 ZINC000013636535       0   30     1     0
   695     -94.129265 ZINC000095348817       0   30     7     0
   696     -94.128369 ZINC000067956383       0   23     4     6
   697     -94.117275 ZINC000003337710       0   32     1     0
   698     -94.102916 ZINC000013961241       0   30     6     0
   699     -94.094911 ZINC000225799483       0   23     5     0
   700     -94.077676 ZINC000036616335       0   27     2     0
   701     -94.056211 ZINC000013040023       0   27     2     0
   702     -94.043819 ZINC000035615740       0   30     5     0
   703     -94.035210 ZINC000036616655       0   27     2     0
   704     -94.020639 ZINC000009670536       0   27     3     0
   705     -93.990423 ZINC000036619219       0   28     5     0
   706     -93.981010 ZINC000022052794       0   37     1     0
   707     -93.977577 ZINC000072273079       0   32     6     0
   708     -93.971058 ZINC000002753343       0   32     2     0
   709     -93.960753 ZINC000036613360       0   28     3     0
   710     -93.856251 ZINC000008940568       0   30     6     0
   711     -93.837687 ZINC000257237888       0   37     5     0
   712     -93.831661 ZINC000014235278       0   25     5     0
   713     -93.814603 ZINC000008708826       0   29     0     0
   714     -93.798018 ZINC000215869509       0   26     4     0
   715     -93.792211 ZINC000002334039       0   27     3     0
   716     -93.785847 624177239              0   24     3     0
   717     -93.781689 ZINC000036619200       0   25     6     0
   718     -93.781556 ZINC000059266233       0   24     3     0
   719     -93.778160 ZINC000007004107       0   30     0     0
   720     -93.766384 ZINC000036616642       0   29     5     0
   721     -93.759804 ZINC000036616442       0   28     4     0
   722     -93.753827 ZINC000022389309       0   28     1     0
   723     -93.717852 ZINC000003906478       0   26     0     0
   724     -93.713419 ZINC000097200161       0   24     8     0
   725     -93.687663 ZINC000095366108       0   23     9     0
   726     -93.663088 ZINC000001073564       0   29     3     0
   727     -93.659388 ZINC000528127148       0   26     6     0
   728     -93.658873 ZINC000002637436       0   27     9     0
   729     -93.650966 ZINC000072145024       0   24     3     0
   730     -93.622152 ZINC000013008325       0   26     3     0
   731     -93.606240 ZINC000020343063       0   23     7     0
   732     -93.585252 ZINC000036616344       0   29     1     0
   733     -93.514140 ZINC000095467595       0   24     5     0
   734     -93.478403 ZINC000071896743       0   25     6     0
   735     -93.412100 ZINC000222990386       0   27     4     0
   736     -93.411097 ZINC000040384499       0   29     3     0
   737     -93.408226 ZINC000072453663       0   27    11     0
   738     -93.396707 669652551              0   22     7     0
   739     -93.389616 ZINC000065436191       0   20     9     0
   740     -93.377631 ZINC000184080214       0   21     4     0
   741     -93.376646 ZINC000013961143       0   30     1     0
   742     -93.369795 ZINC000012447059       0   28     1     0
   743     -93.368306 ZINC000058916148       0   30     6     0
   744     -93.366153 ZINC000097380064       0   25     6     0
   745     -93.344915 ZINC000002770463       0   31     2     0
   746     -93.341206 ZINC000036395699       0   29     6     0
   747     -93.340015 ZINC000013148251       0   30     2     0
   748     -93.334155 2325876257             0   30     5     0
   749     -93.331423 ZINC000072463211       0   28     7     0
   750     -93.315639 ZINC000100035551       0   40     2     0
   751     -93.285619 ZINC000008583114       0   27     3     0
   752     -93.272133 ZINC000004733442       0   26     4     0
   753     -93.269608 ZINC000096456171       0   24    10     0
   754     -93.265914 ZINC000100035896       0   40     3     0
   755     -93.252378 274568161              0   19     9     0
   756     -93.245639 ZINC000013083615       0   30     9     0
   757     -93.244698 ZINC000002079778       0   32     1     0
   758     -93.243510 ZINC000012879863       0   24     3     0
   759     -93.241899 ZINC000216506524       0   23     9     0
   760     -93.227931 ZINC000000639677       0   27     1     0
   761     -93.227379 ZINC000095939694       0   31     2     0
   762     -93.206724 ZINC000027666438       0   27     3     0
   763     -93.195178 1337303424             0   22     7     0
   764     -93.181469 ZINC000036616406       0   29     4     0
   765     -93.168900 ZINC000008947877       0   29     6     0
   766     -93.161730 ZINC000071807907       0   30     1     0
   767     -93.137627 ZINC000009409774       0   31     6     0
   768     -93.136245 ZINC000063958425       0   26     5     0
   769     -93.133144 ZINC000097160080       0   25     4     0
   770     -93.116869 ZINC000067491293       0   24     4     1
   771     -93.110194 ZINC000064471923       0   29     1     0
   772     -93.100188 ZINC000009075068       0   29     3     0
   773     -93.077498 ZINC000067491291       0   24     5     0
   774     -93.055185 ZINC000012537580       0   27     3     0
   775     -93.050469 ZINC000036616815       0   27     6     0
   776     -93.049300 2325870855             0   24     3     0
   777     -93.025418 ZINC000005246641       0   26     3     0
   778     -93.007952 342542507              0   24     6     0
   779     -92.983094 ZINC000017196681       0   27     4     0
   780     -92.980438 ZINC000002729660       0   29     1     0
   781     -92.971158 ZINC000095529645       0   26     3     0
   782     -92.954598 ZINC000057366532       0   28     3     0
   783     -92.948810 ZINC000035615742       0   29     2     0
   784     -92.945503 ZINC000032907699       0   24     3     0
   785     -92.932718 ZINC000067755871       0   23     4     0
   786     -92.903032 ZINC000036616597       0   26     5     0
   787     -92.858851 1781                   0   26     2     0
   788     -92.848115 ZINC000177616730       0   26     4     0
   789     -92.812673 ZINC000009116956       0   31     2     0
   790     -92.811728 ZINC000022735944       0   32     5     0
   791     -92.800680 ZINC000036616853       0   32     7     0
   792     -92.774223 ZINC000005453710       0   29     0     0
   793     -92.770970 ZINC000007987307       0   28     4     0
   794     -92.768141 ZINC000001056841       0   27     4     0
   795     -92.764877 ZINC000408758039       0   22     3     0
   796     -92.752680 ZINC000061721776       0   22     7     0
   797     -92.748338 ZINC000017026453       0   26     2     0
   798     -92.746366 ZINC000013040024       0   27     2     0
   799     -92.730487 ZINC000193387810       0   24     4     0
   800     -92.689344 ZINC000027666421       0   27     2     0
   801     -92.686869 1857667473             0   23     6     0
   802     -92.642838 ZINC001506403497       0   21    10     0
   803     -92.616677 771710412              0   28     6     0
   804     -92.610730 ZINC000012604410       0   34     2     0
   805     -92.601016 ZINC000027666436       0   28     3     0
   806     -92.589627 ZINC000096011132       0   33     5     0
   807     -92.568543 ZINC000013731973       0   27     3     0
   808     -92.550037 ZINC000027977100       0   27     3     0
   809     -92.540488 ZINC000004733480       0   31     6     0
   810     -92.530247 ZINC000002806427       0   32     7     6
   811     -92.492318 ZINC000009074976       0   25     6     0
   812     -92.491208 ZINC000017093953       0   32     0     0
   813     -92.456842 301606445              0   24     3     0
   814     -92.451672 154186123              0   28     2     0
   815     -92.434101 ZINC000011723502       0   26     3     0
   816     -92.427969 ZINC000013130267       0   30     1     0
   817     -92.423231 ZINC000009666355       0   30     4     0
   818     -92.419839 ZINC000013691769       0   25     3     0
   819     -92.404168 153817010              0   28     3     0
   820     -92.377601 ZINC000030587662       0   21     8     0
   821     -92.374317 ZINC000002266749       0   26     1     0
   822     -92.308472 ZINC000002081549       0   29     0     0
   823     -92.304098 21826123               0   28     2     0
   824     -92.294236 579729807              0   22     5     0
   825     -92.291261 ZINC000012507701       0   26     5     0
   826     -92.286012 ZINC000017729716       0   28     0     0
   827     -92.272584 ZINC000014241575       0   27     6     0
   828     -92.262601 ZINC000089885490       0   22     6     0
   829     -92.246882 ZINC000095374079       0   25     4     0
   830     -92.225218 ZINC000002081258       0   31     1     0
   831     -92.212954 ZINC000228921309       0   24     3     0
   832     -92.196638 ZINC000004141725       0   28     1     0
   833     -92.176210 ZINC000065490113       0   23     5     0
   834     -92.172954 ZINC000003221435       0   28     6     0
   835     -92.172584 13230342               0   28     2     0
   836     -92.165654 1888908387             0   24     1     0
   837     -92.161238 ZINC000952976400       0   24     3     0
   838     -92.110463 ZINC000036619322       0   28     1     0
   839     -92.101893 331567802              0   25     6     0
   840     -92.089544 ZINC000190415087       0   25     4     0
   841     -92.085107 ZINC000252510744       0   26     5     0
   842     -92.083694 ZINC000170598758       0   21    12     0
   843     -92.083010 ZINC000065435878       0   22     8     0
   844     -92.069819 ZINC000193370352       0   20     5     0
   845     -92.069031 ZINC000000320590       0   26     4     0
   846     -92.049092 ZINC000002738338       0   29     1     0
   847     -92.045393 ZINC000014207962       0   24     4     0
   848     -92.041525 ZINC000057355562       0   25     2     0
   849     -92.034424 ZINC000072163054       0   24     4     0
   850     -92.018311 ZINC000027666464       0   27     4     0
   851     -91.994011 ZINC000012540867       0   27     1     0
   852     -91.989882 ZINC000036615880       0   31     7     0
   853     -91.939852 ZINC000005240560       0   24     2     0
   854     -91.922107 180880735              0   29     2     0
   855     -91.905802 ZINC000036613206       0   30     2     0
   856     -91.885235 1875334796             0   32     3     0
   857     -91.869766 ZINC000032650105       0   26     4     0
   858     -91.865821 90092964               0   25     5     0
   859     -91.856278 ZINC000011469890       0   29     2     0
   860     -91.830111 ZINC000002770288       0   30     3     0
   861     -91.811620 630541638              0   24     6     0
   862     -91.776599 95347324               0   27     3     0
   863     -91.764454 ZINC000009142856       0   27     6     0
   864     -91.708933 ZINC001529113011       0   22     3     0
   865     -91.707839 ZINC000002770098       0   32     2     0
   866     -91.621646 ZINC000072288256       0   24     3     0
   867     -91.598092 1190                   0   26     1     0
   868     -91.593414 ZINC000575619195       0   31     2     0
   869     -91.587347 ZINC000032550953       0   20     4     0
   870     -91.582635 ZINC000057477636       0   24     3     0
   871     -91.569889 ZINC000015840941       0   27     2     0
   872     -91.567141 ZINC000195545112       0   22     6     0
   873     -91.536615 ZINC000036616152       0   30     3     0
   874     -91.535704 ZINC000003604829       0   22     4     0
   875     -91.535634 328615120              0   25     6     0
   876     -91.531827 ZINC000025285431       0   27     3     0
   877     -91.522864 ZINC000064658320       0   27     1     0
   878     -91.515964 ZINC000054418187       0   24     3     0
   879     -91.489033 ZINC000004983231       0   26     1     0
   880     -91.467898 ZINC000003235486       0   32     1     0
   881     -91.452516 176205125              0   26     3     0
   882     -91.451482 1875334797             0   32     5     0
   883     -91.447402 ZINC000072161156       0   26     5     0
   884     -91.434050 ZINC000408972359       0   22     8     0
   885     -91.425797 ZINC000005345853       0   25     3     0
   886     -91.421052 ZINC000021826644       0   30     2     0
   887     -91.419227 ZINC000072171309       0   26     3     0
   888     -91.395653 ZINC000055182591       0   23     2     0
   889     -91.384405 ZINC000952992407       0   24     4     0
   890     -91.378227 ZINC000072310998       0   26     6     0
   891     -91.358167 ZINC000228937059       0   24     3     0
   892     -91.355433 ZINC000100035672       0   37     4     0
   893     -91.340180 ZINC000041121145       0   20     6     0
   894     -91.323968 ZINC000032803852       0   23    12     4
   895     -91.303409 ZINC000097733049       0   27     5     0
   896     -91.278576 ZINC000252492144       0   23     5     0
   897     -91.277003 528132703              0   24     5     0
   898     -91.274197 ZINC000026692224       0   26     6     0
   899     -91.246617 61056455               0   27     2     0
   900     -91.240156 ZINC000072426866       0   25     4     0
   901     -91.225390 574859244              0   24     4     0
   902     -91.221496 ZINC000095957006       0   25     4     0
   903     -91.218141 ZINC000225539163       0   26     2     0
   904     -91.184528 ZINC000017077058       0   28     1     0
   905     -91.151678 ZINC000012438507       0   27     2     0
   906     -91.125942 2356156500             0   26     6     0
   907     -91.112245 ZINC000003896546       0   28     2     0
   908     -91.093601 ZINC000036616907       0   27     4     0
   909     -91.089920 ZINC000097083827       0   23    12     4
   910     -91.066402 ZINC000088755237       0   25     3     0
   911     -91.064745 ZINC000019643576       0   33     1     0
   912     -91.064087 ZINC000095390614       0   23     6     0
   913     -91.039290 ZINC000004735147       0   27     6     0
   914     -91.037446 ZINC000020182021       0   29     2     0
   915     -91.011319 ZINC000952995681       0   24     6     0
   916     -90.990979 ZINC000036615924       0   30     5     0
   917     -90.964940 ZINC000002794069       0   33     3     0
   918     -90.957010 ZINC000097200382       0   22     7     0
   919     -90.956366 ZINC000089547634       0   28     0     0
   920     -90.954675 ZINC000036614299       0   30     3     0
   921     -90.937293 ZINC000000787947       0   24     6     0
   922     -90.917242 ZINC000035622633       0   26     4     0
   923     -90.910977 ZINC000027666450       0   25     1     0
   924     -90.903359 ZINC000072150224       0   25     9     0
   925     -90.901332 ZINC000072453662       0   27     6     0
   926     -90.883668 ZINC000089960289       0   23     5     0
   927     -90.850853 ZINC000072430861       0   27     3     0
   928     -90.842494 ZINC000004968522       0   26     5     0
   929     -90.820612 ZINC000000815364       0   29     2     0
   930     -90.781189 ZINC000359841069       0   24     2     0
   931     -90.773726 ZINC000009074905       0   27     2     0
   932     -90.757513 ZINC000013961343       0   34     3     0
   933     -90.727718 624284667              0   24     6     0
   934     -90.727194 ZINC000067489769       0   22     6     0
   935     -90.716208 281225689              0   25     5     0
   936     -90.700639 2356135070             0   27     5     0
   937     -90.671713 ZINC000084310593       0   28     6     0
   938     -90.665066 ZINC000002341883       0   30     3     0
   939     -90.651573 ZINC000022292300       0   22     4     0
   940     -90.640602 ZINC000095961073       0   27     4     0
   941     -90.633051 ZINC000041121193       0   18     5     0
   942     -90.622265 ZINC000032853579       0   23     3     0
   943     -90.586385 ZINC000024991580       0   26     1     0
   944     -90.585705 ZINC000007337626       0   24     2     0
   945     -90.571354 ZINC000036616505       0   27     5     0
   946     -90.559151 ZINC000027299063       0   30     1     0
   947     -90.558684 ZINC000036619385       0   28     3     0
   948     -90.558010 331567825              0   25     3     0
   949     -90.550464 ZINC000012499064       0   26     3     0
   950     -90.544568 1772811673             0   20     5     0
   951     -90.544561 ZINC000006732876       0   28     2     0
   952     -90.544456 ZINC000027666449       0   28     2     0
   953     -90.539454 ZINC000041121181       0   18     5     0
   954     -90.531975 ZINC000139415087       0   22    10     0
   955     -90.531610 ZINC000095403306       0   28     6     0
   956     -90.525293 ZINC000299762496       0   23     6     0
   957     -90.523095 ZINC000095961070       0   27     4     0
   958     -90.518611 ZINC000090200840       0   23     4     0
   959     -90.508128 ZINC000036616211       0   26     3     0
   960     -90.500731 ZINC000072312223       0   23     8     0
   961     -90.484646 ZINC000297640932       0   25     5     0
   962     -90.475904 1438                   0   27     4     0
   963     -90.464675 ZINC000060277669       0   24     6     0
   964     -90.451812 ZINC000009074932       0   27     6     0
   965     -90.443655 ZINC000010660589       0   30     3     0
   966     -90.427576 175023581              0   27     4     0
   967     -90.416597 ZINC000013644362       0   26     1     0
   968     -90.368811 ZINC000057148976       0   26     6     0
   969     -90.328388 630332898              0   24     4     0
   970     -90.322675 ZINC000189898739       0   28     9     0
   971     -90.307730 ZINC000055326120       0   27     6     0
   972     -90.298454 ZINC000021673992       0   25     5     0
   973     -90.289276 ZINC000027666461       0   27     4     0
   974     -90.280396 ZINC000013686899       0   24     4     0
   975     -90.273909 ZINC000006660523       0   24     5     0
   976     -90.272949 ZINC000013644467       0   26     1     0
   977     -90.272654 668825398              0   26     8     0
   978     -90.271150 ZINC000656472859       0   22     3     0
   979     -90.260972 1342613144             0   22     5     0
   980     -90.250920 ZINC000057279232       0   22     5     0
   981     -90.247336 ZINC000015922165       0   20     7     0
   982     -90.231293 1875321053             0   22     4     0
   983     -90.209977 ZINC000072479292       0   27     4     0
   984     -90.202902 ZINC000013011015       0   25     5     0
   985     -90.193566 ZINC000189898755       0   28     3     0
   986     -90.144458 ZINC000036619415       0   31     3     0
   987     -90.132273 1875339735             0   28     2     0
   988     -90.119044 ZINC000095385235       0   25     3     0
   989     -90.092215 ZINC000000997744       0   28     3     0
   990     -90.055621 ZINC000002115031       0   33     0     0
   991     -90.037764 ZINC000044999609       0   29     3     0
   992     -90.007744 ZINC000153580361       0   26     4     0
   993     -89.978643 1733                   0   25     1     0
   994     -89.977689 2100480689             0   27     4     0
   995     -89.952967 ZINC000049005087       0   30     3     0
   996     -89.920760 ZINC000000083743       0   25     2     0
   997     -89.900785 ZINC000009074903       0   26     3     0
   998     -89.881618 ZINC000000554442       0   21     3     0
   999     -89.873231 ZINC000036613819       0   33     4     0
  1000     -89.863776 665754685              0   25     2     0
  1001     -89.852793 1875323714             0   25     1     0
  1002     -89.837047 ZINC000130377425       0   26     6     0
  1003     -89.829468 179933663              0   29     5     0
  1004     -89.826181 ZINC000003896532       0   23     2     0
  1005     -89.803740 ZINC000952962786       0   23     9     0
  1006     -89.785401 ZINC000095360602       0   23     4     0
  1007     -89.782609 78650994               0   25     4     0
  1008     -89.779673 ZINC000041529337       0   25     3     0
  1009     -89.778695 ZINC001529099824       0   27     3     0
  1010     -89.756912 ZINC000025043241       0   28     3     0
  1011     -89.725760 ZINC000095497101       0   25     5     0
  1012     -89.707573 ZINC000095358761       0   22     6     0
  1013     -89.653042 ZINC000032105174       0   27     0     0
  1014     -89.651659 ZINC000004982921       0   23     8     0
  1015     -89.599651 ZINC000058393356       0   21    10     0
  1016     -89.575636 ZINC000022405559       0   27     3     0
  1017     -89.558148 1120625661             0   25     7     0
  1018     -89.543716 ZINC000072138705       0   26     1     0
  1019     -89.542525 ZINC000027666459       0   27     3     0
  1020     -89.515855 ZINC000058392145       0   23     2     0
  1021     -89.485060 ZINC000055412957       0   23     3     0
  1022     -89.458177 ZINC000013148443       0   28     2     0
  1023     -89.438345 ZINC000069814332       0   24     4     0
  1024     -89.434718 ZINC000426399178       0   23     4     0
  1025     -89.431848 ZINC000007337621       0   23     2     0
  1026     -89.412625 ZINC000002081506       0   30     0     0
  1027     -89.409630 ZINC000003283821       0   22     2     0
  1028     -89.390336 1615611253             0   25     1     0
  1029     -89.369460 ZINC000036614124       0   22     7     0
  1030     -89.359711 ZINC000027666463       0   27     3     0
  1031     -89.354520 ZINC000027666406       0   28     1     0
  1032     -89.343235 ZINC000017121577       0   27     2     0
  1033     -89.339173 1775971237             0   27     1     0
  1034     -89.334450 ZINC001529112579       0   28     3     0
  1035     -89.315196 ZINC000027666411       0   26     2     0
  1036     -89.312387 ZINC000000200584       0   25     0     0
  1037     -89.303031 ZINC000007060152       0   30     2     0
  1038     -89.302739 ZINC000023043302       0   26     5     0
  1039     -89.300642 ZINC001506420062       0   24     7     0
  1040     -89.285490 ZINC000052359877       0   25     4     0
  1041     -89.259789 2100534587             0   25     7     0
  1042     -89.224837 ZINC000002081697       0   29     1     0
  1043     -89.190825 ZINC000040139264       0   28     3     0
  1044     -89.153430 ZINC000036614228       0   22     5     0
  1045     -89.135376 ZINC000021841861       0   30     3     0
  1046     -89.124464 ZINC000888092679       0   23     5     0
  1047     -89.117747 ZINC000057148977       0   26     5     0
  1048     -89.082513 ZINC000010513142       0   30     2     0
  1049     -89.080781 930781992              0   28     4     0
  1050     -89.077104 872455131              0   25     3     0
  1051     -89.073879 ZINC000000195122       0   25     2     0
  1052     -89.016250 ZINC000225386983       0   22     8     0
  1053     -88.993211 1875389351             0   34     5     0
  1054     -88.937251 ZINC000072431350       0   18     8     0
  1055     -88.932574 ZINC000952987320       0   25     5     0
  1056     -88.921798 ZINC000007337594       0   25     4     0
  1057     -88.909559 ZINC000585084995       0   27     3     0
  1058     -88.892025 ZINC000528134822       0   24    10     0
  1059     -88.846278 ZINC000585114312       0   29     3     0
  1060     -88.836894 ZINC000003896547       0   27     2     0
  1061     -88.829652 ZINC000019078030       0   33     1     0
  1062     -88.823550 ZINC000253401000       0   26     5     0
  1063     -88.821865 ZINC000032853577       0   23     2     0
  1064     -88.799578 ZINC000024040871       0   28     2     0
  1065     -88.758516 ZINC000002081757       0   29     2     0
  1066     -88.745522 ZINC000027666456       0   25     1     0
  1067     -88.735083 ZINC000001576943       0   28     1     0
  1068     -88.724436 ZINC000017287552       0   26     2     0
  1069     -88.712977 ZINC000047457877       0   25     2     0
  1070     -88.691144 ZINC000009075003       0   25     4     0
  1071     -88.678262 ZINC000055414312       0   26     6     0
  1072     -88.646841 1875282056             0   23     6     0
  1073     -88.632715 1875403736             0   26     5     0
  1074     -88.626082 930236002              0   23     5     0
  1075     -88.576754 1875283398             0   23     5     0
  1076     -88.552569 ZINC000032523781       0   20     3     0
  1077     -88.551494 ZINC000032911807       0   24     6     0
  1078     -88.550322 ZINC000064471611       0   28     0     0
  1079     -88.517372 ZINC000065403427       0   25     6     0
  1080     -88.507250 ZINC000055343081       0   25     1     0
  1081     -88.483290 665705827              0   22     4     0
  1082     -88.480871 ZINC000072463212       0   28     5     0
  1083     -88.480641 ZINC000071920842       0   25     9     0
  1084     -88.480581 192784709              0   26     3     0
  1085     -88.466496 ZINC000017179938       0   26     2     0
  1086     -88.449854 ZINC000002270123       0   27     2     0
  1087     -88.426320 ZINC000027666428       0   26     2     0
  1088     -88.416108 ZINC000426497109       0   23     4     0
  1089     -88.395175 ZINC000095355707       0   23     7     0
  1090     -88.387832 ZINC000341476828       0   25     9     0
  1091     -88.359080 ZINC000036613941       0   21     9     0
  1092     -88.338802 ZINC000027666414       0   24     3     0
  1093     -88.336093 ZINC000017121529       0   26     0     0
  1094     -88.319011 ZINC000010961212       0   27     4     0
  1095     -88.305347 1857692157             0   24     5     0
  1096     -88.304983 ZINC000012525357       0   27     1     0
  1097     -88.292849 ZINC000001468185       0   25     4     0
  1098     -88.253370 ZINC000170598537       0   21     4     0
  1099     -88.251454 ZINC000061997296       0   27     5     0
  1100     -88.213349 2356153831             0   25     3     0
  1101     -88.210855 ZINC000002792603       0   32     2     0
  1102     -88.192899 ZINC001506405813       0   23     4     0
  1103     -88.182901 2356149515             0   27     1     0
  1104     -88.175273 ZINC000057355981       0   24     4     0
  1105     -88.151424 328615121              0   25     6     0
  1106     -88.150787 ZINC000009074957       0   23     6     0
  1107     -88.147665 2325860377             0   23     2     0
  1108     -88.140939 ZINC000001386800       0   23     3     0
  1109     -88.134996 ZINC000002267140       0   27     3     0
  1110     -88.125434 ZINC001529174234       0   25     3     0
  1111     -88.106234 ZINC000072172513       0   25     3     0
  1112     -88.076391 1875333279             0   22     5     0
  1113     -88.062380 ZINC000090485237       0   25     3     0
  1114     -88.049762 ZINC000048299040       0   28     5     0
  1115     -88.049515 ZINC001529191844       0   26     7     0
  1116     -88.042156 ZINC000067690763       0   26     5     0
  1117     -88.038948 ZINC000079063667       0   29     2     0
  1118     -88.031778 142796852              0   23     6     0
  1119     -88.029262 ZINC000097011739       0   20     7     0
  1120     -88.027321 ZINC000223478190       0   24     3     0
  1121     -88.019240 ZINC000072479025       0   23     6     0
  1122     -88.003996 ZINC000096003515       0   24     6     0
  1123     -87.990061 1888908386             0   24     1     0
  1124     -87.951128 2325841329             0   26     4     0
  1125     -87.949049 ZINC000004733473       0   26     4     0
  1126     -87.940832 ZINC000095370908       0   25     5     0
  1127     -87.927795 2356147972             0   24     3     0
  1128     -87.924609 ZINC000000411487       0   24     1     0
  1129     -87.901684 ZINC000095359994       0   25     5     0
  1130     -87.864244 1889186675             0   21     6     0
  1131     -87.861795 ZINC000004734117       0   26     3     0
  1132     -87.814896 ZINC000015154022       0   25     2     0
  1133     -87.800639 ZINC000015593800       0   22     6     0
  1134     -87.778634 ZINC000095961068       0   26     8     0
  1135     -87.775551 ZINC000000787996       0   27     2     0
  1136     -87.766507 ZINC000072479293       0   27     3     0
  1137     -87.755722 ZINC000004733461       0   26     3     0
  1138     -87.742470 1611872747             0   26     2     0
  1139     -87.734161 ZINC000012784540       0   24     4     0
  1140     -87.719605 ZINC000036616914       0   27     1     0
  1141     -87.709048 ZINC000266138816       0   21     5     0
  1142     -87.691357 1776002391             0   27     0     0
  1143     -87.676867 ZINC000003896551       0   25     3     0
  1144     -87.668290 ZINC000065381892       0   24     3     0
  1145     -87.667838 ZINC000003896548       0   26     3     0
  1146     -87.663524 ZINC000067880961       0   24     6     3
  1147     -87.650626 ZINC000095465985       0   27     6     0
  1148     -87.628045 ZINC000299785140       0   23     8     0
  1149     -87.590107 ZINC000022838233       0   26     5     0
  1150     -87.585996 ZINC000078333441       0   22     7     0
  1151     -87.578167 ZINC000012793511       0   27     4     0
  1152     -87.516665 ZINC000036616272       0   29     4     0
  1153     -87.505228 ZINC000072138871       0   23     4     0
  1154     -87.496224 ZINC000069698260       0   23     6     0
  1155     -87.481391 ZINC000040155579       0   26     2     0
  1156     -87.424404 2356152769             0   25     4     0
  1157     -87.423399 ZINC000072478872       0   24     4     0
  1158     -87.422027 ZINC000055568797       0   23     5     0
  1159     -87.372114 ZINC000003896528       0   27     2     0
  1160     -87.357007 1857700351             0   23     4     0
  1161     -87.342547 ZINC000036613643       0   21     7     0
  1162     -87.334206 ZINC000000183193       0   25     2     0
  1163     -87.323492 ZINC000009056709       0   29     1     0
  1164     -87.315004 ZINC000048333276       0   25    10     0
  1165     -87.311081 63248158               0   24     4     0
  1166     -87.309519 ZINC000095961702       0   21     5     0
  1167     -87.290051 ZINC000001387062       0   20     2     0
  1168     -87.268537 ZINC000003896540       0   25     3     0
  1169     -87.265112 ZINC000017121591       0   28     5     0
  1170     -87.261160 ZINC000055543966       0   25     1     0
  1171     -87.245123 ZINC000025748465       0   28     1     0
  1172     -87.210477 1857692158             0   24     2     0
  1173     -87.201974 ZINC00001304002        0   25     4     0
  1174     -87.198393 ZINC000952968123       0   26     4     0
  1175     -87.194957 ZINC001529196696       0   24     4     0
  1176     -87.191659 ZINC000072161314       0   25     3     0
  1177     -87.188277 ZINC000027666404       0   28     1     0
  1178     -87.179781 2325786897             0   25     1     0
  1179     -87.179316 2356170311             0   23     6     0
  1180     -87.177968 ZINC000004733464       0   26     4     0
  1181     -87.166044 346327266              0   21     4     0
  1182     -87.142418 ZINC000022023048       0   33     0     0
  1183     -87.081989 568475436              0   22     8     0
  1184     -87.068111 ZINC000057312551       0   23     3     0
  1185     -87.063774 ZINC000095502155       0   24     3     0
  1186     -87.046740 ZINC000095467566       0   23     6     0
  1187     -87.046503 ZINC000041122919       0   21     3     0
  1188     -86.987225 ZINC000012785336       0   26     3     0
  1189     -86.968181 ZINC000012559676       0   25     6     0
  1190     -86.943614 ZINC000013602715       0   24     1     0
  1191     -86.940833 ZINC000055343076       0   25     4     0
  1192     -86.922409 ZINC001529199180       0   25     5     0
  1193     -86.856231 ZINC000072475145       0   25     2     0
  1194     -86.841206 ZINC000065410160       0   21     7     0
  1195     -86.818570 ZINC000097163549       0   21     5     0
  1196     -86.792981 1875267050             0   24     7     0
  1197     -86.736830 ZINC000005511117       0   23     2     0
  1198     -86.720861 190415177              0   25     3     0
  1199     -86.710218 2087045485             0   24     2     0
  1200     -86.694015 ZINC000007498955       0   25     4     0
  1201     -86.692264 ZINC000253396221       0   25     7     0
  1202     -86.691519 ZINC000095434841       0   20     5     0
  1203     -86.690899 ZINC000057662947       0   26     3     0
  1204     -86.681922 34007762               0   25     3     0
  1205     -86.668727 ZINC000012876622       0   26     3     0
  1206     -86.644127 ZINC000025748635       0   29     0     0
  1207     -86.639559 ZINC000027666426       0   27     4     0
  1208     -86.582040 ZINC000002084508       0   29     1     0
  1209     -86.581532 ZINC000063447270       0   22     5     0
  1210     -86.567937 ZINC000091289011       0   22     6     0
  1211     -86.563250 ZINC000067673876       0   26     5     0
  1212     -86.557640 771710410              0   28     8     0
  1213     -86.555793 ZINC000095381912       0   25     7     0
  1214     -86.541313 ZINC000002086044       0   29     2     0
  1215     -86.531830 ZINC000002766008       0   33     1     0
  1216     -86.507944 ZINC000004733472       0   26     4     0
  1217     -86.501479 641655354              0   24     3     0
  1218     -86.499145 ZINC000222975826       0   28     4     0
  1219     -86.462558 ZINC000002794176       0   33     2     0
  1220     -86.457248 ZINC000019079753       0   22     4     0
  1221     -86.450194 ZINC000170612098       0   24     3     0
  1222     -86.434935 1888986378             0   27     1     0
  1223     -86.430411 ZINC000012929854       0   28     3     0
  1224     -86.408071 ZINC000252490666       0   26     4     0
  1225     -86.406674 ZINC000077212787       0   24     4     0
  1226     -86.390522 ZINC000012769772       0   25     1     0
  1227     -86.382707 ZINC000095359023       0   21     4     0
  1228     -86.351486 ZINC000001831844       0   25     3     0
  1229     -86.344301 2325732850             0   20     5     0
  1230     -86.312196 74463386               0   26     2     0
  1231     -86.306001 ZINC000023007737       0   20     5     0
  1232     -86.297692 ZINC000036616593       0   26    10     0
  1233     -86.296291 ZINC000089547637       0   28     1     0
  1234     -86.294066 ZINC000001112169       0   27     1     0
  1235     -86.261398 ZINC000071903559       0   24     7     0
  1236     -86.261012 ZINC000000521923       0   25     3     0
  1237     -86.254172 ZINC000027666447       0   31     1     0
  1238     -86.246191 ZINC000040139261       0   24     3     0
  1239     -86.229665 ZINC000019078653       0   23     8     0
  1240     -86.229065 ZINC000005579640       0   25     3     0
  1241     -86.219422 ZINC000000806640       0   22     5     0
  1242     -86.208607 ZINC000005250586       0   20     6     0
  1243     -86.185424 ZINC000089700459       0   23     4     0
  1244     -86.183608 1186757257             0   21     4     0
  1245     -86.160027 ZINC000002653597       0   24     1     0
  1246     -86.151979 ZINC000038486581       0   24     2     0
  1247     -86.146795 ZINC000072423041       0   28     7     0
  1248     -86.127300 ZINC000057279189       0   23     2     0
  1249     -86.124140 ZINC000005264394       0   27     1     0
  1250     -86.106821 ZINC000095377849       0   25     3     0
  1251     -86.090503 ZINC000888095167       0   20     7     0
  1252     -86.058866 505727902              0   22     4     0
  1253     -86.014788 1888913245             0   22     3     0
  1254     -86.005037 97084569               0   21     5     0
  1255     -85.972255 ZINC000215869465       0   26     3     0
  1256     -85.965015 ZINC000032853423       0   21     3     0
  1257     -85.924984 ZINC000002268205       0   26     1     0
  1258     -85.922792 ZINC000015163627       0   27     3     0
  1259     -85.895096 ZINC000195578600       0   21     5     0
  1260     -85.885162 ZINC000040139284       0   25     4     0
  1261     -85.869159 ZINC000095997569       0   27     2     0
  1262     -85.859822 ZINC000057364291       0   23     2     0
  1263     -85.846682 ZINC000003896552       0   26     2     0
  1264     -85.846156 ZINC000022861569       0   24     5     0
  1265     -85.843273 ZINC000226688077       0   21     4     0
  1266     -85.799911 892894825              0   19     4     0
  1267     -85.758830 1857680662             0   22     3     0
  1268     -85.722455 ZINC000118198914       0   24     4     0
  1269     -85.721500 ZINC000009074928       0   25     6     0
  1270     -85.719165 ZINC000017121534       0   26     1     0
  1271     -85.669776 ZINC000002922066       0   27     1     0
  1272     -85.641650 ZINC000023881741       0   28     1     0
  1273     -85.612028 747621969              0   24     4     0
  1274     -85.605546 1331956343             0   25     5     0
  1275     -85.596285 ZINC000409390568       0   26     2     0
  1276     -85.584018 1772812748             0   20     2     0
  1277     -85.573958 ZINC000003896533       0   26     1     0
  1278     -85.560918 ZINC000048571360       0   20     3     0
  1279     -85.557430 ZINC000000144049       0   21     2     0
  1280     -85.517113 ZINC000072468589       0   25     4     0
  1281     -85.500734 ZINC000096008850       0   23     3     0
  1282     -85.492487 ZINC000072427089       0   24     3     0
  1283     -85.488419 ZINC000008594601       0   25     2     0
  1284     -85.484570 ZINC000032649981       0   22     6     0
  1285     -85.478337 ZINC000585132636       0   22     5     0
  1286     -85.473446 ZINC000228929794       0   24     4     0
  1287     -85.460923 ZINC000001718487       0   25     2     0
  1288     -85.453880 ZINC000059258114       0   20     5     0
  1289     -85.429227 ZINC000095698519       0   26     3     0
  1290     -85.395475 ZINC000007983234       0   21     4     0
  1291     -85.378440 ZINC000015414267       0   34     2     0
  1292     -85.375603 ZINC000019103733       0   25     7     0
  1293     -85.369754 ZINC000010961309       0   25     4     0
  1294     -85.357823 ZINC000019116553       0   22     5     0
  1295     -85.317884 ZINC000005938726       0   23     3     0
  1296     -85.316838 ZINC000097166061       0   24     3     0
  1297     -85.298486 ZINC000095395458       0   26     4     0
  1298     -85.270435 ZINC000097160216       0   21     6     0
  1299     -85.268719 ZINC000095373293       0   22     6     0
  1300     -85.265910 ZINC000228935367       0   24     2     0
  1301     -85.254530 952889807              0   23     9     0
  1302     -85.252378 ZINC000055387239       0   23     6     0
  1303     -85.239881 ZINC000195578601       0   21     4     0
  1304     -85.214074 ZINC000004985343       0   22     4     0
  1305     -85.187537 ZINC000012981102       0   27     1     0
  1306     -85.158446 ZINC000052487456       0   22     4     0
  1307     -85.135978 ZINC000014077714       0   23     1     0
  1308     -85.132344 ZINC000072154152       0   25     6     0
  1309     -85.083451 ZINC000001576944       0   27     0     0
  1310     -85.054166 ZINC000014212072       0   22     2     0
  1311     -85.046874 2325774156             0   22     4     0
  1312     -85.040940 ZINC000012551240       0   25     3     0
  1313     -85.024775 ZINC000027666418       0   24     2     0
  1314     -84.986399 ZINC000072946923       0   21     4     0
  1315     -84.976339 ZINC000030526632       0   30     3     0
  1316     -84.968551 ZINC000001368931       0   21     4     0
  1317     -84.959863 1857679496             0   23     4     0
  1318     -84.959811 ZINC000026779870       0   26     2     0
  1319     -84.955241 ZINC000057356037       0   23     6     0
  1320     -84.922467 ZINC000097200381       0   21     7     0
  1321     -84.919438 ZINC000008860289       0   20    10     0
  1322     -84.907789 ZINC000041121030       0   20     7     0
  1323     -84.852851 ZINC000299760082       0   25     8     0
  1324     -84.822507 ZINC000065536643       0   24     5     0
  1325     -84.816221 ZINC000011663472       0   30     3     0
  1326     -84.812620 ZINC001506415406       0   23     5     0
  1327     -84.795362 ZINC000228940094       0   24     2     0
  1328     -84.783288 ZINC000092962439       0   23     4     0
  1329     -84.746267 ZINC000072148184       0   22     4     0
  1330     -84.718525 ZINC000013719236       0   23     2     0
  1331     -84.707927 ZINC000018173147       0   27     2     0
  1332     -84.706271 ZINC000091518955       0   20     4     0
  1333     -84.681312 ZINC000348773641       0   24     5     0
  1334     -84.671671 ZINC000521394051       0   23     4     0
  1335     -84.643621 647138906              0   24     4     0
  1336     -84.633692 ZINC000077354566       0   26     4     0
  1337     -84.605633 ZINC000032508880       0   21     4     0
  1338     -84.586096 ZINC000013083639       0   31     3     0
  1339     -84.581077 ZINC000057279175       0   22     8     0
  1340     -84.548408 ZINC000026779863       0   29     1     0
  1341     -84.508094 ZINC000095353438       0   21     4     0
  1342     -84.504502 ZINC000072337431       0   28     2     0
  1343     -84.502715 ZINC000027795902       0   24     1     0
  1344     -84.497656 ZINC000001672337       0   24     2     0
  1345     -84.481806 272474011              0   24     6     0
  1346     -84.470100 ZINC000002776835       0   27     2     0
  1347     -84.467913 340713872              0   20     6     0
  1348     -84.463013 ZINC000052487400       0   24     3     0
  1349     -84.448374 ZINC000003304466       0   23     2     0
  1350     -84.446692 191957044              0   24     3     0
  1351     -84.437657 ZINC000095375668       0   27     5     0
  1352     -84.403403 ZINC000072251408       0   27     6     0
  1353     -84.391978 ZINC000000245257       0   18     4     0
  1354     -84.341284 1775972811             0   23     3     0
  1355     -84.332818 ZINC000072435972       0   23     7     0
  1356     -84.325653 ZINC000027666457       0   26     2     0
  1357     -84.287085 ZINC000057280205       0   22     3     0
  1358     -84.272176 ZINC000058407142       0   21     3     0
  1359     -84.264145 ZINC000035311010       0   21     8     0
  1360     -84.243585 ZINC000027666470       0   24     2     0
  1361     -84.243520 1775988444             0   27     1     0
  1362     -84.192347 ZINC000004834924       0   25     5     0
  1363     -84.187547 ZINC000012780830       0   23     4     0
  1364     -84.182615 ZINC000072476103       0   21     5     0
  1365     -84.173742 ZINC000225600740       0   24     2     0
  1366     -84.163399 ZINC000095372021       0   24     6     0
  1367     -84.157611 ZINC000055342502       0   27     3     0
  1368     -84.155615 ZINC000052487413       0   22     5     0
  1369     -84.150286 ZINC000055342504       0   27     3     0
  1370     -84.143992 ZINC000089656108       0   28     7     0
  1371     -84.141043 ZINC000057312392       0   20     5     0
  1372     -84.120474 ZINC000025051220       0   25     0     0
  1373     -84.080053 ZINC000017306894       0   24     3     0
  1374     -84.079319 899174537              0   26     2     0
  1375     -84.073246 ZINC000055133235       0   22     6     0
  1376     -84.067979 275410872              0   25     4     0
  1377     -84.063129 ZINC000072161313       0   25     3     0
  1378     -84.059074 ZINC000005264388       0   26     1     0
  1379     -84.057578 ZINC000017026455       0   25     3     0
  1380     -84.022025 647138905              0   24     3     0
  1381     -83.995813 ZINC000038011998       0   19     3     0
  1382     -83.966250 ZINC000228923403       0   24     4     0
  1383     -83.955871 ZINC000014814541       0   23     3     0
  1384     -83.928881 ZINC000069192816       0   26    10     0
  1385     -83.925929 ZINC000426519160       0   24     8     0
  1386     -83.925895 ZINC000005345177       0   24     2     0
  1387     -83.921636 ZINC000095387513       0   22     8     0
  1388     -83.910971 ZINC000002835344       0   26     3     0
  1389     -83.895384 ZINC000067772641       0   21     6     0
  1390     -83.885575 ZINC000072457088       0   24     4     0
  1391     -83.855318 ZINC000040139263       0   28     1     0
  1392     -83.841664 ZINC000095966390       0   21     7     0
  1393     -83.834957 ZINC000095392928       0   23     3     0
  1394     -83.824172 ZINC000010959022       0   26     2     0
  1395     -83.818357 ZINC001529095677       0   26     4     0
  1396     -83.807675 528225338              0   22     3     0
  1397     -83.799184 ZINC000072447720       0   21    10     0
  1398     -83.788349 ZINC000015786665       0   20     6     0
  1399     -83.769457 ZINC000041122911       0   21     3     0
  1400     -83.753709 ZINC000004354749       0   21     2     0
  1401     -83.753465 ZINC000190571312       0   25     4     0
  1402     -83.751226 ZINC000027666410       0   23     2     0
  1403     -83.746676 ZINC000075105529       0   24     6     0
  1404     -83.739765 ZINC000057568179       0   21     3     0
  1405     -83.733368 ZINC001529100441       0   22     4     0
  1406     -83.709906 ZINC000095360410       0   24     4     0
  1407     -83.672799 ZINC000027666466       0   27     3     0
  1408     -83.667348 ZINC000055072714       0   22     6     0
  1409     -83.660740 ZINC000057355983       0   25     4     0
  1410     -83.652646 ZINC000000645447       0   26     3     0
  1411     -83.650210 ZINC000009074886       0   24     3     0
  1412     -83.633614 1772812746             0   20     4     0
  1413     -83.584540 ZINC000095354200       0   22     4     0
  1414     -83.569663 1775997280             0   24     5     0
  1415     -83.551353 664681553              0   23     6     0
  1416     -83.550241 ZINC000226096287       0   25     2     0
  1417     -83.544153 ZINC000001718464       0   19     4     0
  1418     -83.531189 ZINC000072419228       0   22     6     0
  1419     -83.526557 ZINC000027666454       0   24     3     0
  1420     -83.524362 ZINC000020661997       0   24     4     0
  1421     -83.515729 ZINC000096008861       0   22     5     0
  1422     -83.511338 ZINC000030587613       0   22     6     0
  1423     -83.509496 ZINC001529119239       0   24     3     0
  1424     -83.467606 ZINC000025567266       0   22     4     0
  1425     -83.452161 2087045484             0   24     2     0
  1426     -83.432352 ZINC000027666416       0   23     4     0
  1427     -83.429395 ZINC000095452082       0   24     6     0
  1428     -83.426871 ZINC000017026451       0   26     2     0
  1429     -83.399549 ZINC000033533813       0   23     3     0
  1430     -83.389320 ZINC000003175382       0   24     4     0
  1431     -83.359042 ZINC001529172888       0   25     6     0
  1432     -83.355803 ZINC000005024746       0   23     2     0
  1433     -83.332116 ZINC000027666408       0   23     2     0
  1434     -83.317493 ZINC000670461622       0   22     3     0
  1435     -83.282771 92606055               0   19     3     0
  1436     -83.281894 956944796              0   23     4     0
  1437     -83.258191 1516027740             0   22     5     0
  1438     -83.241634 ZINC000097198000       0   22     4     0
  1439     -83.229262 ZINC000191319836       0   24     4     0
  1440     -83.213062 ZINC000585132706       0   23     6     0
  1441     -83.189461 ZINC000585128389       0   22     4     0
  1442     -83.183695 ZINC000095947024       0   25     1     0
  1443     -83.174833 ZINC000097160215       0   19     5     0
  1444     -83.170703 ZINC000009074933       0   27     2     0
  1445     -83.157367 2037838333             0   22     2     0
  1446     -83.153921 ZINC000097160189       0   23     5     0
  1447     -83.144277 1888913294             0   24     4     0
  1448     -83.141804 ZINC000252510743       0   26     4     0
  1449     -83.133083 678392968              0   19     4     0
  1450     -83.099243 653474690              0   22     4     0
  1451     -83.022862 ZINC000000320594       0   25     3     0
  1452     -82.995802 ZINC000036395266       0   23     4     0
  1453     -82.953468 ZINC000016994171       0   26     0     0
  1454     -82.945815 ZINC000072474961       0   26     6     0
  1455     -82.903755 ZINC000095377990       0   20     4     0
  1456     -82.902197 ZINC000006829151       0   25     2     0
  1457     -82.891228 ZINC000023380915       0   25     2     0
  1458     -82.824331 ZINC000077287002       0   24     6     0
  1459     -82.819007 ZINC000004385772       0   23     4     0
  1460     -82.802969 1875309263             0   25     3     0
  1461     -82.800677 ZINC000226096255       0   23     3     0
  1462     -82.771382 ZINC000040139285       0   25     3     0
  1463     -82.741285 ZINC000004322993       0   25     1     0
  1464     -82.715000 ZINC000084459698       0   22     5     0
  1465     -82.698167 ZINC000012799321       0   25     1     0
  1466     -82.680467 ZINC000095409776       0   27     6     0
  1467     -82.639808 ZINC000000459730       0   22     2     0
  1468     -82.614517 ZINC000055404593       0   26     4     0
  1469     -82.583813 ZINC000036616292       0   27     3     0
  1470     -82.576577 ZINC000095378544       0   24     3     0
  1471     -82.558898 ZINC000057312556       0   23     5     0
  1472     -82.556607 ZINC000585129265       0   21     8     0
  1473     -82.527621 ZINC000067935183       0   27     3     0
  1474     -82.525922 ZINC001529113322       0   23     5     0
  1475     -82.522060 ZINC000041121003       0   19     6     0
  1476     -82.513895 ZINC000952982768       0   21     4     0
  1477     -82.496893 ZINC000067460315       0   21     7     0
  1478     -82.471675 ZINC000091650605       0   23     5     0
  1479     -82.470313 ZINC000004331358       0   20     2     0
  1480     -82.468852 ZINC000027666419       0   26     3     0
  1481     -82.464246 ZINC000095373294       0   22     3     0
  1482     -82.431473 ZINC000824935545       0   28     2     0
  1483     -82.388297 ZINC000091518956       0   20     4     0
  1484     -82.387150 ZINC000072237833       0   25     2     0
  1485     -82.370179 664587938              0   24     3     0
  1486     -82.332058 ZINC000252497718       0   21     9     0
  1487     -82.323780 ZINC000057355818       0   24     3     0
  1488     -82.319521 2325875955             0   27     0     0
  1489     -82.308862 ZINC000008508590       0   19     4     0
  1490     -82.306119 ZINC000095521764       0   23     3     0
  1491     -82.284759 ZINC000028222217       0   25     1     0
  1492     -82.247030 ZINC000002870392       0   20     3     0
  1493     -82.222424 ZINC000005269948       0   25     2     0
  1494     -82.166283 ZINC000063736288       0   23     0     0
  1495     -82.124422 ZINC000065410161       0   21     7     0
  1496     -82.115139 ZINC000072474956       0   22     2     0
  1497     -82.107663 1889186325             0   21     4     0
  1498     -82.105406 ZINC000170673563       0   24     3     0
  1499     -82.073753 ZINC000077216471       0   23     5     0
  1500     -82.065981 ZINC000012906698       0   28     3     0
  1501     -82.045554 ZINC000012506997       0   21     3     0
  1502     -82.044457 ZINC000004354764       0   23     2     0
  1503     -82.000559 2325818776             0   23     1     0
  1504     -81.996933 ZINC000253416445       0   22     3     0
  1505     -81.994626 ZINC000000426382       0   25     1     0
  1506     -81.961007 2325870856             0   24     8     0
  1507     -81.958257 ZINC000072410723       0   24     7     0
  1508     -81.939950 1776002396             0   27     1     0
  1509     -81.931912 ZINC000426519161       0   24     6     0
  1510     -81.912443 ZINC000170619616       0   24     2     0
  1511     -81.910706 ZINC000032649987       0   21     3     0
  1512     -81.894028 ZINC000000200574       0   25     1     0
  1513     -81.886270 ZINC000057355560       0   24     4     0
  1514     -81.880192 ZINC000027041022       0   21     3     0
  1515     -81.876198 ZINC000012895942       0   21     7     0
  1516     -81.872146 ZINC000057312559       0   24     3     0
  1517     -81.868110 ZINC000032508881       0   20     4     0
  1518     -81.861283 ZINC001506429846       0   22     2     0
  1519     -81.822973 ZINC000007813586       0   24     3     0
  1520     -81.815917 ZINC000006616386       0   21     3     0
  1521     -81.805255 ZINC000000320592       0   24     2     0
  1522     -81.797977 ZINC000008583015       0   25     1     0
  1523     -81.740459 ZINC000008594705       0   24     3     0
  1524     -81.716714 ZINC000012227171       0   23     2     0
  1525     -81.673617 ZINC000003896549       0   26     4     0
  1526     -81.666040 ZINC000065535595       0   24     3     0
  1527     -81.665118 1875334815             0   24     4     0
  1528     -81.662128 ZINC000041127700       0   23     1     0
  1529     -81.660583 665709163              0   20     4     0
  1530     -81.601191 ZINC000426582730       0   22     6     0
  1531     -81.592091 ZINC000014092689       0   25     2     0
  1532     -81.583353 ZINC000075163986       0   22     8     0
  1533     -81.537436 ZINC000002365648       0   19     4     0
  1534     -81.512266 ZINC000046087799       0   19     3     0
  1535     -81.494145 932138740              0   24     8     0
  1536     -81.447883 ZINC000057312376       0   21     4     0
  1537     -81.415210 1857667472             0   23     5     0
  1538     -81.393917 1857708016             0   23     8     0
  1539     -81.385482 ZINC000001386794       0   23     2     0
  1540     -81.381812 ZINC000052487394       0   22     2     0
  1541     -81.352119 1875286782             0   21    11     0
  1542     -81.273681 ZINC000009740970       0   23     2     0
  1543     -81.263135 ZINC000003896529       0   24     2     0
  1544     -81.211084 ZINC000019077185       0   22     6     0
  1545     -81.196075 ZINC000006566264       0   24     2     0
  1546     -81.184493 ZINC000109070490       0   26     2     0
  1547     -81.137287 ZINC000072475157       0   27     6     0
  1548     -81.129924 276427411              0   22     3     0
  1549     -81.113054 ZINC000095506274       0   24     4     0
  1550     -81.109726 ZINC000035311695       0   19     7     0
  1551     -81.092016 ZINC000020661985       0   25     3     0
  1552     -81.079757 ZINC000019714883       0   30     4     0
  1553     -81.062574 ZINC000001061866       0   21     6     0
  1554     -81.046190 2356150303             0   22     5     0
  1555     -81.042928 298341246              0   23     4     0
  1556     -81.039181 ZINC000004898011       0   19     4     0
  1557     -81.015001 ZINC000017137695       0   19     5     0
  1558     -80.987953 ZINC000072418529       0   21     1     0
  1559     -80.912541 ZINC000040139262       0   26     3     0
  1560     -80.874967 ZINC000084271746       0   19     5     0
  1561     -80.872071 9501716                0   24     5     0
  1562     -80.865950 ZINC000000104097       0   22     3     0
  1563     -80.865181 ZINC000036616169       0   22     4     0
  1564     -80.836032 ZINC000009532120       0   19     4     0
  1565     -80.828067 ZINC000072428890       0   22     5     0
  1566     -80.821458 ZINC000028224647       0   22     7     0
  1567     -80.814874 ZINC000090090418       0   23     3     0
  1568     -80.802002 1501                   0   20     3     0
  1569     -80.797566 191958133              0   24     1     0
  1570     -80.775622 ZINC000071459187       0   23     3     0
  1571     -80.764366 ZINC000007337618       0   23     1     0
  1572     -80.739465 ZINC000012227509       0   23     1     0
  1573     -80.735530 ZINC000004733454       0   24     1     0
  1574     -80.733489 ZINC000036614221       0   21     6     0
  1575     -80.656290 ZINC000026694925       0   23     4     0
  1576     -80.650882 ZINC000072475158       0   27     5     0
  1577     -80.646885 ZINC000072163055       0   24     2     0
  1578     -80.636264 ZINC000006530316       0   24     2     0
  1579     -80.620642 ZINC000040227528       0   21     3     0
  1580     -80.604397 ZINC000004753318       0   19     7     0
  1581     -80.593519 ZINC000004923146       0   19     5     0
  1582     -80.479034 ZINC000095375926       0   22     4     0
  1583     -80.460186 ZINC001529196880       0   25     2     0
  1584     -80.365830 ZINC000076556595       0   21     3     0
  1585     -80.358370 ZINC000065372067       0   23     3     0
  1586     -80.340619 ZINC000003304465       0   23     2     0
  1587     -80.323451 ZINC000019948516       0   19     2     0
  1588     -80.293149 ZINC000097081448       0   21     1     0
  1589     -80.258515 1338083830             0   21     2     0
  1590     -80.158005 ZINC000096419416       0   23     4     0
  1591     -80.131477 775707993              0   26     2     0
  1592     -80.113609 ZINC000004354744       0   21     3     0
  1593     -80.033056 ZINC000052473318       0   21     3     0
  1594     -79.984616 80443341               0   20     2     0
  1595     -79.981267 ZINC000014210784       0   22     3     0
  1596     -79.972381 ZINC000065386753       0   21     5     0
  1597     -79.955902 2086865341             0   21     2     0
  1598     -79.955598 ZINC000057355563       0   22     6     0
  1599     -79.936061 ZINC000061174625       0   26     1     0
  1600     -79.928040 ZINC000028223907       0   22     5     0
  1601     -79.916702 413438134              0   24     3     0
  1602     -79.891279 ZINC000095941847       0   23     4     0
  1603     -79.884382 ZINC000008149271       0   20     3     0
  1604     -79.835776 ZINC000072142125       0   24     3     0
  1605     -79.781959 ZINC000095520170       0   24     5     0
  1606     -79.762149 ZINC000009074949       0   21     3     0
  1607     -79.756616 ZINC000390823033       0   25     3     0
  1608     -79.755813 ZINC000041122917       0   19     6     0
  1609     -79.744956 ZINC000005687637       0   18     2     0
  1610     -79.692715 ZINC000052487395       0   20     3     0
  1611     -79.676506 432928489              0   22     4     0
  1612     -79.589109 ZINC000096429502       0   23     1     0
  1613     -79.537065 ZINC000095349383       0   26     2     0
  1614     -79.471662 ZINC000095387700       0   24     4     0
  1615     -79.455910 ZINC000004487022       0   19     6     0
  1616     -79.431252 1888913295             0   24     2     0
  1617     -79.422138 ZINC000041160105       0   19     5     0
  1618     -79.345111 827603701              0   28     3     0
  1619     -79.315598 ZINC000072240708       0   23     1     0
  1620     -79.313052 301812130              0   25     3     0
  1621     -79.288979 1614692408             0   24     4     0
  1622     -79.219766 ZINC000057312393       0   19     8     0
  1623     -79.217245 ZINC000012875073       0   23     2     0
  1624     -79.172349 ZINC000432124517       0   20     2     0
  1625     -79.159872 ZINC000003235925       0   20     1     0
  1626     -79.121882 80443347               0   23     4     0
  1627     -79.088013 ZINC000021661438       0   22     3     0
  1628     -79.083325 1337555577             0   20     4     0
  1629     -79.078318 956944795              0   23     3     0
  1630     -79.037985 ZINC000009009473       0   21     2     0
  1631     -79.021846 ZINC000035781451       0   19     5     0
  1632     -79.004162 ZINC000065473710       0   20    10     0
  1633     -78.990068 2325810563             0   23     2     0
  1634     -78.988239 ZINC000084271667       0   23     5     0
  1635     -78.986882 ZINC000072296137       0   24     9     0
  1636     -78.978368 ZINC000192516561       0   22     6     0
  1637     -78.914728 ZINC000004475702       0   19     5     0
  1638     -78.884046 ZINC000046087793       0   20     4     0
  1639     -78.765944 ZINC000026871703       0   22     3     0
  1640     -78.765902 ZINC000053583066       0   22     2     0
  1641     -78.753701 ZINC000003266941       0   22     0     0
  1642     -78.652035 ZINC000001718465       0   19     4     0
  1643     -78.640716 ZINC000071899472       0   18     0     0
  1644     -78.639123 ZINC000072473873       0   22     3     0
  1645     -78.636631 ZINC000072476568       0   23     5     0
  1646     -78.607245 ZINC000002719599       0   18     5     0
  1647     -78.586679 ZINC000035781654       0   18     6     0
  1648     -78.522512 ZINC000071282031       0   26     4     0
  1649     -78.510711 ZINC000003418600       0   22     2     0
  1650     -78.500657 ZINC000035314189       0   23     3     0
  1651     -78.460181 ZINC000069349496       0   23     4     0
  1652     -78.444566 ZINC000015113565       0   24     1     0
  1653     -78.400677 1472785679             0   23     2     0
  1654     -78.391377 ZINC000012113825       0   21     3     0
  1655     -78.305004 ZINC000072408528       0   22     3     0
  1656     -78.289183 ZINC000253416488       0   23     2     0
  1657     -78.247515 ZINC000089594192       0   25     1     0
  1658     -78.224871 ZINC000268027403       0   22     3     0
  1659     -78.210244 ZINC000072240721       0   23     2     0
  1660     -78.177799 133187963              0   19     4     0
  1661     -78.160879 ZINC000017075265       0   27     5     0
  1662     -78.122476 ZINC001529134185       0   22     2     0
  1663     -78.097192 ZINC000170596750       0   23     1     0
  1664     -78.040752 28                     0   19     3     0
  1665     -78.001882 ZINC000001326755       0   21     2     0
  1666     -77.953810 1342613141             0   22     3     0
  1667     -77.944117 ZINC000065465428       0   21     4     0
  1668     -77.893310 ZINC000072474739       0   22     3     0
  1669     -77.882082 ZINC000057355982       0   24     4     0
  1670     -77.842651 ZINC000072281908       0   23     6     0
  1671     -77.837646 ZINC000071280426       0   24     1     0
  1672     -77.815616 ZINC000095531016       0   26     2     0
  1673     -77.781978 ZINC000057355823       0   23     3     0
  1674     -77.771569 ZINC000025523030       0   19     5     0
  1675     -77.715201 ZINC000057312381       0   22     5     0
  1676     -77.667275 ZINC000223148546       0   24     1     0
  1677     -77.666364 1888906720             0   21     3     0
  1678     -77.645768 ZINC001529161637       0   22     4     0
  1679     -77.643158 ZINC000000256336       0   20     1     0
  1680     -77.637339 303                    0   39     0     0
  1681     -77.622467 ZINC000091650608       0   23     3     0
  1682     -77.588561 ZINC000027983162       0   23     2     0
  1683     -77.534071 ZINC000071914132       0   20     3     0
  1684     -77.530747 792                    0   19     4     0
  1685     -77.513287 ZINC000001387071       0   20     3     0
  1686     -77.484872 ZINC000025567267       0   22     2     0
  1687     -77.481410 1262209363             0   22     4     0
  1688     -77.466361 ZINC000004959730       0   20     1     0
  1689     -77.299315 ZINC000031949082       0   22     2     0
  1690     -77.246962 ZINC000072342055       0   23     3     0
  1691     -77.234041 ZINC000023618955       0   21     3     0
  1692     -77.221061 ZINC000004354773       0   23     3     0
  1693     -77.190376 ZINC000095726824       0   23     0     0
  1694     -77.119357 ZINC000069433064       0   21     4     0
  1695     -76.987293 ZINC000057355555       0   23     3     0
  1696     -76.952815 ZINC000057279833       0   19     7     0
  1697     -76.914929 ZINC000072238319       0   22     8     0
  1698     -76.816078 ZINC000008315873       0   18     3     0
  1699     -76.806030 ZINC000005937555       0   21     2     0
  1700     -76.786582 ZINC000072476567       0   23     2     0
  1701     -76.716390 ZINC000226096271       0   24     0     0
  1702     -76.707772 ZINC000072478812       0   26     3     0
  1703     -76.667891 ZINC000057355984       0   22     2     0
  1704     -76.644823 ZINC000071459315       0   22     1     0
  1705     -76.603305 ZINC000057280190       0   21     4     0
  1706     -76.597329 ZINC000057355977       0   23     2     0
  1707     -76.584872 ZINC000002634582       0   25     1     0
  1708     -76.479669 ZINC000003953646       0   21     2     0
  1709     -76.469129 ZINC000001576938       0   22     4     0
  1710     -76.440144 ZINC000223148460       0   24     1     0
  1711     -76.395725 ZINC000004354768       0   22     3     0
  1712     -76.390263 ZINC000003288819       0   24     0     0
  1713     -76.385658 1306985536             0   20     3     0
  1714     -76.363752 ZINC000076063692       0   21     0     0
  1715     -76.262694 ZINC000000348947       0   23     1     0
  1716     -76.234245 ZINC000076063689       0   21     4     0
  1717     -76.227326 ZINC000001845560       0   20     2     0
  1718     -76.016552 ZINC000005345595       0   18     4     0
  1719     -76.004209 ZINC000095353437       0   21     7     0
  1720     -75.878782 ZINC000001406300       0   21     1     0
  1721     -75.771465 ZINC000008344415       0   22     1     0
  1722     -75.714223 ZINC000048252221       0   21     2     0
  1723     -75.668880 ZINC000072425657       0   23     3     0
  1724     -75.658323 ZINC000017071253       0   25     3     0
  1725     -75.626637 ZINC000007814651       0   18     3     0
  1726     -75.553406 ZINC000057312389       0   23     4     0
  1727     -75.483539 ZINC000057312561       0   21     3     0
  1728     -75.419816 1888906812             0   21     1     0
  1729     -75.282319 ZINC001506407050       0   21     3     0
  1730     -75.269986 ZINC000041123815       0   25     1     0
  1731     -75.226046 ZINC000095407156       0   26     0     0
  1732     -75.181834 ZINC000071816912       0   24     3     0
  1733     -75.063272 ZINC000097037685       0   18     5     0
  1734     -74.840666 ZINC000003418766       0   18     3     0
  1735     -74.747439 ZINC000053583067       0   22     1     0
  1736     -74.664348 ZINC000095358991       0   22     3     0
  1737     -74.561872 ZINC000089700464       0   23     6     0
  1738     -74.559111 1888906599             0   21     3     0
  1739     -74.520751 ZINC001529172054       0   22     3     0
  1740     -74.278516 ZINC000065372066       0   23     2     0
  1741     -74.222168 ZINC000012906703       0   27     1     0
  1742     -74.076540 ZINC000080443364       0   21     1     0
  1743     -74.072963 78452518               0   19     3     0
  1744     -74.043838 ZINC000072238314       0   24     2     0
  1745     -74.029183 ZINC000004894788       0   21     2     0
  1746     -74.025509 1174885768             0   20     2     0
  1747     -74.007997 ZINC000005687641       0   19     0     0
  1748     -73.943523 ZINC000005579639       0   20     2     0
  1749     -73.930951 ZINC000072479942       0   22     8     0
  1750     -73.724728 ZINC000072479941       0   22     3     0
  1751     -73.612840 ZINC000001562381       0   20     3     0
  1752     -73.609783 ZINC000094124647       0   21     8     0
  1753     -73.402581 ZINC000001581350       0   20     3     0
  1754     -73.213380 ZINC000072238317       0   25     4     0
  1755     -73.049280 898726031              0   21     2     0
  1756     -72.698680 ZINC000032508885       0   21     4     0
  1757     -72.634858 ZINC000072477591       0   22     7     0
  1758     -72.611491 ZINC000095392927       0   23     2     0
  1759     -72.433125 ZINC000003235923       0   22     2     0
  1760     -71.606481 ZINC000071459216       0   22     2     0
  1761     -71.502621 663701736              0   23     2     0
  1762     -71.359610 ZINC000095829776       0   22     1     0
  1763     -71.255924 932436643              0   23     2     0
  1764     -71.162195 ZINC000003284171       0   18     2     0
  1765     -70.738284 ZINC000083820567       0   22     2     0
  1766     -70.639197 ZINC000072138870       0   23     3     0
  1767     -70.294216 ZINC000072237835       0   22     5     0
  1768     -69.964412 ZINC000075093190       0   22     4     0
  1769     -69.953896 ZINC000057313528       0   22     2     0
  1770     -69.267448 ZINC000072411269       0   21     5     0
  1771     -69.235830 ZINC000008728068       0   18     4     0
  1772     -69.235651 ZINC000072946926       0   21     3     0
  1773     -69.229602 ZINC000071459241       0   23     1     0
  1774     -68.686215 ZINC000071459209       0   22     1     0
  1775     -68.245703 ZINC000072432975       0   21     1     0
  1776     -67.807873 1175164193             0   20     2     0
  1777     -67.649472 ZINC000075140977       0   24     1     0
  1778     -67.381767 ZINC000095364660       0   22     3     0
  1779     299.332002 66                     0    0     0     0
