#C:/Users/KIMED 1/Documents/Junaidin/Docking/SrcHum-nofilter/extracted_cav/cav1m17_AQ4.pdb with C:/Users/KIMED 1/Documents/Junaidin/Docking/EGFRfarma/egfrnofilter/gemdock_out/docking.lst
#Ligand	TotalEnergy	VDW	HBond	Elec	AverConPair	
cav1m17_AQ4-28-0.pdb	-77.9318	-69.9826	-7.94922	0	23.7895
cav1m17_AQ4-303-0.pdb	-70.3566	-62.2463	-8.1103	0	16.8889
cav1m17_AQ4-524-0.pdb	-90.3519	-71.1152	-19.2366	0	27.9412
cav1m17_AQ4-578-0.pdb	-106.957	-99.1894	-7.7677	0	16.7368
cav1m17_AQ4-792-0.pdb	-77.4309	-64.7688	-12.662	0	27.2632
cav1m17_AQ4-1159-0.pdb	-97.5408	-86.6794	-10.8613	0	22.2222
cav1m17_AQ4-1190-0.pdb	-91.6277	-89.1642	-2.46342	0	22.1538
cav1m17_AQ4-1438-0.pdb	-90.3891	-78.2942	-12.0949	0	21.2593
cav1m17_AQ4-1501-0.pdb	-80.6828	-73.1116	-7.57125	0	26.25
cav1m17_AQ4-1733-0.pdb	-89.897	-86.4103	-3.48676	0	20.72
cav1m17_AQ4-1781-0.pdb	-92.794	-86.1852	-6.60873	0	20.3077
cav1m17_AQ4-9501716-0.pdb	-80.7607	-68.9345	-11.8262	0	19.9167
cav1m17_AQ4-13230341-0.pdb	-98.9372	-85.2411	-13.6962	0	20.3929
cav1m17_AQ4-13230342-0.pdb	-92.0977	-85.1358	-6.96182	0	19.1786
cav1m17_AQ4-21826123-0.pdb	-81.5039	-74.5788	-6.92508	0	19.04
cav1m17_AQ4-33236591-0.pdb	-90.3098	-73.257	-17.0527	0	18.4615
cav1m17_AQ4-34007762-0.pdb	-86.577	-77.4549	-9.12211	0	20.32
cav1m17_AQ4-38449852-0.pdb	-98.0678	-86.14	-11.9277	0	18.2188
cav1m17_AQ4-48271614-0.pdb	-96.8183	-75.2782	-21.5401	0	20.9615
cav1m17_AQ4-48299079-0.pdb	-98.1618	-77.1662	-20.9956	0	22.6538
cav1m17_AQ4-61056455-0.pdb	-91.0882	-84.9503	-6.13795	0	19.8889
cav1m17_AQ4-63248158-0.pdb	-87.2112	-74.39	-12.8212	0	20.375
cav1m17_AQ4-66066361-0.pdb	-116.689	-94.6767	-22.0119	0	16.425
cav1m17_AQ4-72315533-0.pdb	-97.6483	-88.0215	-9.62677	0	16.8235
cav1m17_AQ4-74423080-0.pdb	-100.523	-94.5234	-6	0	23
cav1m17_AQ4-74463386-0.pdb	-86.1884	-79.1884	-7	0	20.1538
cav1m17_AQ4-78452518-0.pdb	-74.0016	-65.0634	-8.93813	0	22.7895
cav1m17_AQ4-78650994-0.pdb	-81.2724	-67.927	-13.3454	0	19.8182
cav1m17_AQ4-80443341-0.pdb	-80.0377	-74.0377	-6	0	24.15
cav1m17_AQ4-80443347-0.pdb	-79.125	-68.4207	-10.7043	0	17.6522
cav1m17_AQ4-90092964-0.pdb	-83.118	-68.618	-14.5	0	25.1304
cav1m17_AQ4-92606055-0.pdb	-80.7331	-70.6145	-10.1186	0	25.5263
cav1m17_AQ4-95347324-0.pdb	-88.3074	-76.9353	-11.3721	0	17.2963
cav1m17_AQ4-97084569-0.pdb	-85.9455	-69.5627	-16.3828	0	24.4762
cav1m17_AQ4-110577998-0.pdb	-96.8713	-78.6533	-18.2179	0	17.7188
cav1m17_AQ4-121819829-0.pdb	-98.2694	-86.7579	-11.5115	0	26.3182
cav1m17_AQ4-133187963-0.pdb	-78.1118	-64.9028	-13.209	0	23.6842
cav1m17_AQ4-142796852-0.pdb	-87.9268	-69.0109	-18.9159	0	19.7391
cav1m17_AQ4-153817010-0.pdb	-86.7385	-77.3528	-9.38571	0	19.44
cav1m17_AQ4-154186123-0.pdb	-84.0482	-74.5275	-9.5207	0	20.7917
cav1m17_AQ4-175023581-0.pdb	-83.4887	-71.6966	-11.7921	0	22.24
cav1m17_AQ4-176205125-0.pdb	-91.4064	-81.7952	-9.61119	0	21.1538
cav1m17_AQ4-179933663-0.pdb	-87.9297	-70.9339	-16.9958	0	16.7931
cav1m17_AQ4-180880735-0.pdb	-84.1568	-77.1568	-7	0	18.4615
cav1m17_AQ4-185015159-0.pdb	-98.0864	-84.8612	-13.2252	0	20.7692
cav1m17_AQ4-190415177-0.pdb	-86.5392	-80.1556	-6.38359	0	20.72
cav1m17_AQ4-191957044-0.pdb	-84.5039	-76.0935	-8.41043	0	21.2917
cav1m17_AQ4-191958133-0.pdb	-80.787	-77.3694	-3.41763	0	22.7917
cav1m17_AQ4-192784709-0.pdb	-88.365	-78.6846	-9.68036	0	23.1154
cav1m17_AQ4-272474011-0.pdb	-76.3218	-57.0241	-19.2977	0	18.3636
cav1m17_AQ4-274568161-0.pdb	-93.2465	-69.1624	-24.084	0	29.6316
cav1m17_AQ4-275410872-0.pdb	-84.1634	-70.2657	-13.8977	0	19.16
cav1m17_AQ4-275521428-0.pdb	-97.045	-80.4986	-16.5464	0	19.2963
cav1m17_AQ4-276427411-0.pdb	-81.0957	-70.6821	-10.4136	0	20.8636
cav1m17_AQ4-281225689-0.pdb	-90.6605	-73.7912	-16.8693	0	22.84
cav1m17_AQ4-298341246-0.pdb	-80.8615	-67.2117	-13.6497	0	21.0435
cav1m17_AQ4-301241317-0.pdb	-95.039	-86.8481	-8.19089	0	23.56
cav1m17_AQ4-301606445-0.pdb	-83.527	-73.1927	-10.3343	0	22.3636
cav1m17_AQ4-301812130-0.pdb	-74.8966	-66.7451	-8.15149	0	20.2174
cav1m17_AQ4-301821417-0.pdb	-100.66	-77.6552	-23.0051	0	20.931
cav1m17_AQ4-301821418-0.pdb	-107.977	-88.242	-19.7346	0	20.069
cav1m17_AQ4-302587653-0.pdb	-94.1303	-75.1522	-18.9781	0	21.8462
cav1m17_AQ4-302865957-0.pdb	-97.5918	-88.0145	-9.57737	0	20.4074
cav1m17_AQ4-328610867-0.pdb	-107.738	-77.2145	-30.524	0	25.56
cav1m17_AQ4-328615120-0.pdb	-91.4452	-75.5895	-15.8556	0	19.32
cav1m17_AQ4-328615121-0.pdb	-88.1165	-70.6401	-17.4765	0	18.72
cav1m17_AQ4-331567802-0.pdb	-92.0183	-74.2665	-17.7518	0	21.56
cav1m17_AQ4-331567825-0.pdb	-90.5861	-80.7642	-9.82189	0	21.12
cav1m17_AQ4-340713872-0.pdb	-84.4019	-65.4648	-18.9371	0	23.95
cav1m17_AQ4-342542507-0.pdb	-93.0586	-75.7677	-17.2909	0	19.9583
cav1m17_AQ4-346327266-0.pdb	-83.0455	-70.1422	-12.9032	0	22.6842
cav1m17_AQ4-413438134-0.pdb	-80.0604	-71.322	-8.73842	0	18.2083
cav1m17_AQ4-432928489-0.pdb	-72.075	-61.2061	-10.869	0	22.0526
cav1m17_AQ4-434198808-0.pdb	-102.418	-83.201	-19.2173	0	21.2857
cav1m17_AQ4-448539215-0.pdb	-96.5302	-73.536	-22.9942	0	20.3846
cav1m17_AQ4-465458184-0.pdb	-111.666	-97.6885	-13.9778	0	21.1765
cav1m17_AQ4-480424186-0.pdb	-100.478	-89.1008	-11.3768	0	20.8966
cav1m17_AQ4-486493070-0.pdb	-113.39	-99.7641	-13.6263	0	22.3929
cav1m17_AQ4-486630701-0.pdb	-105.024	-89.439	-15.5855	0	22.3448
cav1m17_AQ4-497645391-0.pdb	-92.9533	-70.5902	-22.3632	0	20.3333
cav1m17_AQ4-503630885-0.pdb	-94.7836	-77.2401	-17.5435	0	17.9643
cav1m17_AQ4-505727902-0.pdb	-76.6988	-64.8167	-11.882	0	25.2105
cav1m17_AQ4-513154648-0.pdb	-101.597	-83.2706	-18.3264	0	18.5152
cav1m17_AQ4-522734250-0.pdb	-127.226	-100.222	-27.0038	0	23.125
cav1m17_AQ4-528132703-0.pdb	-91.1076	-74.9678	-16.1397	0	22.875
cav1m17_AQ4-528225338-0.pdb	-83.7611	-74.6182	-9.14289	0	21.9091
cav1m17_AQ4-568475436-0.pdb	-87.1882	-62.1038	-25.0844	0	21.2273
cav1m17_AQ4-574859244-0.pdb	-91.3194	-80.5564	-10.763	0	20.4167
cav1m17_AQ4-578223565-0.pdb	-95.6618	-75.9975	-19.6643	0	28.7
cav1m17_AQ4-579729807-0.pdb	-92.1263	-74.6696	-17.4567	0	22.9091
cav1m17_AQ4-583242790-0.pdb	-99.942	-81.1275	-18.8144	0	20.1034
cav1m17_AQ4-590839569-0.pdb	-111.335	-106.273	-5.0626	0	19.7429
cav1m17_AQ4-614216777-0.pdb	-96.4515	-77.7841	-18.6675	0	21.5385
cav1m17_AQ4-624177239-0.pdb	-93.7161	-84.7148	-9.00124	0	23
cav1m17_AQ4-624284667-0.pdb	-90.6231	-78.4726	-12.1505	0	23.7083
cav1m17_AQ4-630332898-0.pdb	-89.858	-77.5858	-12.2723	0	23.875
cav1m17_AQ4-630541635-0.pdb	-104.024	-81.8342	-22.1896	0	23.5417
cav1m17_AQ4-630541638-0.pdb	-95.1534	-75.3521	-19.8013	0	24.375
cav1m17_AQ4-641655354-0.pdb	-89.8758	-80.1065	-9.76927	0	22.4167
cav1m17_AQ4-647138905-0.pdb	-87.4654	-76.8975	-10.5679	0	20.4167
cav1m17_AQ4-647138906-0.pdb	-88.1629	-74.3977	-13.7652	0	20.5417
cav1m17_AQ4-653474690-0.pdb	-86.5143	-72.9661	-13.5482	0	23.6818
cav1m17_AQ4-663701736-0.pdb	-74.8757	-69.0321	-5.8436	0	19.3913
cav1m17_AQ4-664587938-0.pdb	-73.367	-64.8998	-8.46717	0	20.45
cav1m17_AQ4-664681553-0.pdb	-86.9499	-71.262	-15.688	0	20.4348
cav1m17_AQ4-665705827-0.pdb	-91.9839	-78.1102	-13.8737	0	26.4545
cav1m17_AQ4-665709163-0.pdb	-77.4414	-65.5685	-11.8729	0	24.6111
cav1m17_AQ4-665754685-0.pdb	-87.7909	-80.7909	-7	0	19.6
cav1m17_AQ4-668825398-0.pdb	-93.6565	-66.2865	-27.37	0	18.6538
cav1m17_AQ4-669652551-0.pdb	-90.4445	-66.7266	-23.7179	0	23.8
cav1m17_AQ4-669652552-0.pdb	-95.7489	-72.543	-23.2059	0	25.3
cav1m17_AQ4-678392968-0.pdb	-79.819	-65.9525	-13.8665	0	23.2941
cav1m17_AQ4-747621969-0.pdb	-89.2223	-77.212	-12.0103	0	23.25
cav1m17_AQ4-771710410-0.pdb	-81.8222	-61.9609	-19.8613	0	17.32
cav1m17_AQ4-771710412-0.pdb	-86.3698	-71.3755	-14.9943	0	20.52
cav1m17_AQ4-775707993-0.pdb	-73.9276	-70.4488	-3.47888	0	18.5
cav1m17_AQ4-790283204-0.pdb	-98.3906	-75.9575	-22.4331	0	18.7
cav1m17_AQ4-790945010-0.pdb	-97.7885	-83.2733	-14.5152	0	22.0417
cav1m17_AQ4-827603701-0.pdb	-82.7583	-74.0751	-8.68325	0	17.4286
cav1m17_AQ4-872455131-0.pdb	-87.5399	-77.2887	-10.2511	0	21.7391
cav1m17_AQ4-892894825-0.pdb	-89.213	-77.6574	-11.5556	0	27.3158
cav1m17_AQ4-893461255-0.pdb	-98.8744	-86.2651	-12.6093	0	24.2273
cav1m17_AQ4-895742824-0.pdb	-105.317	-78.9116	-26.4057	0	27.2381
cav1m17_AQ4-898726031-0.pdb	-76.6201	-71.88	-4.74007	0	22.9048
cav1m17_AQ4-899174537-0.pdb	-87.9287	-80.9287	-7	0	20.0385
cav1m17_AQ4-930236002-0.pdb	-84.6025	-68.6078	-15.9947	0	20.3333
cav1m17_AQ4-930781992-0.pdb	-92.6156	-78.6156	-14	0	19.3571
cav1m17_AQ4-932138740-0.pdb	-84.8495	-59.8153	-25.0342	0	18.625
cav1m17_AQ4-932436643-0.pdb	-74.6041	-67.6041	-7	0	19.7826
cav1m17_AQ4-952889807-0.pdb	-88.6624	-57.3616	-31.3009	0	20.8696
cav1m17_AQ4-956944795-0.pdb	-82.4365	-71.9847	-10.4517	0	20.4348
cav1m17_AQ4-956944796-0.pdb	-86.866	-73.0623	-13.8037	0	23
cav1m17_AQ4-1120625661-0.pdb	-87.6595	-68.2448	-19.4147	0	22.3913
cav1m17_AQ4-1174885768-0.pdb	-74.3587	-67.3587	-7	0	20.7
cav1m17_AQ4-1175164193-0.pdb	-71.2043	-64.5679	-6.63642	0	20.6
cav1m17_AQ4-1186757257-0.pdb	-68.6912	-57.2914	-11.3998	0	22.9375
cav1m17_AQ4-1262209363-0.pdb	-81.0013	-69.1138	-11.8875	0	20.9091
cav1m17_AQ4-1306985536-0.pdb	-74.0133	-64.7292	-9.28417	0	20.2
cav1m17_AQ4-1331956343-0.pdb	-88.9572	-71.4572	-17.5	0	18.36
cav1m17_AQ4-1337303424-0.pdb	-96.7114	-77.8945	-18.8168	0	24.4545
cav1m17_AQ4-1337555577-0.pdb	-82.4834	-68.6028	-13.8806	0	23.95
cav1m17_AQ4-1338083830-0.pdb	-83.6664	-76.6664	-7	0	22
cav1m17_AQ4-1339808042-0.pdb	-108.611	-78.6864	-29.9247	0	29.9
cav1m17_AQ4-1342613141-0.pdb	-81.3851	-70.3721	-11.013	0	21.3182
cav1m17_AQ4-1342613144-0.pdb	-94.2176	-75.9147	-18.3028	0	24.5455
cav1m17_AQ4-1472785679-0.pdb	-77.7575	-70.7868	-6.97068	0	22.9048
cav1m17_AQ4-1516027740-0.pdb	-86.6862	-71.2517	-15.4346	0	22.1818
cav1m17_AQ4-1604316247-0.pdb	-101.582	-84.3529	-19.7488	2.51924	22.5
cav1m17_AQ4-1604316248-0.pdb	-92.3393	-76.5768	-15.7625	0	23.875
cav1m17_AQ4-1611872747-0.pdb	-87.9918	-82.2501	-5.74174	0	21
cav1m17_AQ4-1614692408-0.pdb	-79.2437	-65.359	-13.8847	0	17.4167
cav1m17_AQ4-1615611253-0.pdb	-86.3064	-82.8064	-3.5	0	22.3913
cav1m17_AQ4-1772572789-0.pdb	-109.504	-88.5645	-20.939	0	19.7576
cav1m17_AQ4-1772811673-0.pdb	-90.6304	-73.2923	-17.3382	0	28.1
cav1m17_AQ4-1772812746-0.pdb	-83.6413	-69.6413	-14	0	24
cav1m17_AQ4-1772812748-0.pdb	-85.5164	-78.5164	-7	0	24.5
cav1m17_AQ4-1775971237-0.pdb	-89.2964	-86.7964	-2.5	0	20.5556
cav1m17_AQ4-1775972811-0.pdb	-84.3383	-72.6388	-11.6995	0	22
cav1m17_AQ4-1775988444-0.pdb	-72.376	-68.876	-3.5	0	22.4091
cav1m17_AQ4-1775997280-0.pdb	-83.6754	-70.7051	-12.9702	0	19.6667
cav1m17_AQ4-1776002391-0.pdb	-74.6601	-74.6601	0	0	22.2273
cav1m17_AQ4-1776002396-0.pdb	-73.2686	-69.8985	-3.37011	0	20.3043
cav1m17_AQ4-1776003201-0.pdb	-106.369	-95.8783	-10.4907	0	21.8571
cav1m17_AQ4-1776003255-0.pdb	-100.349	-78.0708	-22.278	0	23.0769
cav1m17_AQ4-1776111702-0.pdb	-115.687	-100.916	-14.771	0	20.1111
cav1m17_AQ4-1857667472-0.pdb	-81.3499	-66.8772	-14.4727	0	24.9565
cav1m17_AQ4-1857667473-0.pdb	-92.5979	-77.5331	-15.0648	0	22.3043
cav1m17_AQ4-1857679496-0.pdb	-84.9209	-74.4642	-10.4568	0	22.1304
cav1m17_AQ4-1857680662-0.pdb	-85.6956	-77.2875	-8.40804	0	22.7727
cav1m17_AQ4-1857692157-0.pdb	-88.2569	-73.0725	-15.1845	0	19.1667
cav1m17_AQ4-1857692158-0.pdb	-87.1408	-78.9913	-8.14944	0	23.7083
cav1m17_AQ4-1857700351-0.pdb	-87.3735	-74.3303	-13.0431	0	21
cav1m17_AQ4-1857708016-0.pdb	-81.3356	-56.2239	-25.1117	0	19.5217
cav1m17_AQ4-1857711226-0.pdb	-98.6803	-66.7985	-31.8818	0	23.3043
cav1m17_AQ4-1875259509-0.pdb	-106.329	-102.829	-3.5	0	19.7059
cav1m17_AQ4-1875267050-0.pdb	-86.976	-64.8551	-22.1208	0	20.5833
cav1m17_AQ4-1875270332-0.pdb	-98.6326	-69.5462	-29.0864	0	23.3043
cav1m17_AQ4-1875270333-0.pdb	-92.0037	-68.8556	-23.1481	0	21.3182
cav1m17_AQ4-1875282056-0.pdb	-84.0768	-65.5854	-18.4914	0	20.2381
cav1m17_AQ4-1875283398-0.pdb	-88.6	-69.9317	-18.6683	0	22.9565
cav1m17_AQ4-1875286782-0.pdb	-81.2841	-47.8375	-33.4465	0	19.381
cav1m17_AQ4-1875288042-0.pdb	-94.3532	-77.6526	-16.7006	0	22.2174
cav1m17_AQ4-1875300030-0.pdb	-98.8045	-91.4189	-7.38556	0	22.7667
cav1m17_AQ4-1875309263-0.pdb	-82.7104	-72.4028	-10.3076	0	21.08
cav1m17_AQ4-1875318097-0.pdb	-106.087	-94.0475	-12.0399	0	21.6333
cav1m17_AQ4-1875321053-0.pdb	-70.8516	-56.9612	-13.8904	0	20.9412
cav1m17_AQ4-1875323713-0.pdb	-81.8198	-74.8198	-7	0	25.7
cav1m17_AQ4-1875323714-0.pdb	-71.7003	-68.2003	-3.5	0	21.95
cav1m17_AQ4-1875333279-0.pdb	-78.1057	-66.3666	-11.7391	0	24.6
cav1m17_AQ4-1875334796-0.pdb	-91.5221	-84.9861	-6.53596	0	19.1875
cav1m17_AQ4-1875334797-0.pdb	-91.2866	-75.7422	-15.5444	0	16.8125
cav1m17_AQ4-1875334815-0.pdb	-81.2384	-67.3308	-13.9076	0	18.5833
cav1m17_AQ4-1875334947-0.pdb	-92.3477	-75.0505	-17.2972	0	21.8261
cav1m17_AQ4-1875339735-0.pdb	-84.2765	-77.3436	-6.93285	0	20.4
cav1m17_AQ4-1875342395-0.pdb	-99.0532	-80.5234	-18.5298	0	25.4348
cav1m17_AQ4-1875352049-0.pdb	-93.9162	-81.8291	-12.0871	0	20.5714
cav1m17_AQ4-1875352229-0.pdb	-114.943	-88.6912	-26.2517	0	21.6552
cav1m17_AQ4-1875358993-0.pdb	-105.511	-91.5479	-13.9633	0	19.8
cav1m17_AQ4-1875387293-0.pdb	-104.596	-81.397	-23.199	0	22.0909
cav1m17_AQ4-1875389351-0.pdb	-83.0274	-71.8785	-11.149	0	15.375
cav1m17_AQ4-1875403736-0.pdb	-88.2487	-73.6822	-14.5665	0	20.8846
cav1m17_AQ4-1888906599-0.pdb	-63.5521	-53.8375	-9.71465	0	19.8333
cav1m17_AQ4-1888906720-0.pdb	-65.8902	-58.8902	-7	0	21.1579
cav1m17_AQ4-1888906812-0.pdb	-75.0644	-71.5674	-3.49698	0	22.2381
cav1m17_AQ4-1888908386-0.pdb	-77.2998	-77.2998	0	0	22.7727
cav1m17_AQ4-1888908387-0.pdb	-82.9671	-79.4671	-3.5	0	23.6818
cav1m17_AQ4-1888913245-0.pdb	-81.4016	-70.9016	-10.5	0	21.2727
cav1m17_AQ4-1888913294-0.pdb	-82.798	-69.045	-13.753	0	21.1667
cav1m17_AQ4-1888913295-0.pdb	-79.3178	-72.6553	-6.66253	0	23.0833
cav1m17_AQ4-1888986378-0.pdb	-78.5086	-75.0086	-3.5	0	17.96
cav1m17_AQ4-1889040386-0.pdb	-105.507	-96.8454	-8.66131	0	21.9394
cav1m17_AQ4-1889186325-0.pdb	-81.7401	-69.6787	-12.0614	0	23.5714
cav1m17_AQ4-1889186675-0.pdb	-87.4589	-67.7471	-19.7118	0	20.8095
cav1m17_AQ4-2037838333-0.pdb	-82.7767	-75.921	-6.8557	0	21.3182
cav1m17_AQ4-2037880194-0.pdb	-98.2839	-75.9007	-22.3832	0	17.3226
cav1m17_AQ4-2086865341-0.pdb	-79.6428	-73.3266	-6.31618	0	25.3333
cav1m17_AQ4-2087045484-0.pdb	-83.1894	-77.6356	-5.55379	0	22.125
cav1m17_AQ4-2087045485-0.pdb	-86.3252	-79.3252	-7	0	24.3333
cav1m17_AQ4-2100480689-0.pdb	-89.5064	-74.6395	-14.8668	0	21.1852
cav1m17_AQ4-2100534587-0.pdb	-89.0673	-70.2968	-18.7705	0	20.12
cav1m17_AQ4-2100539649-0.pdb	-119.099	-68.0014	-51.0971	0	21.875
cav1m17_AQ4-2325700251-0.pdb	-126.572	-95.9006	-30.6715	0	24.7586
cav1m17_AQ4-2325704401-0.pdb	-110.123	-75.4778	-34.6448	0	17.303
cav1m17_AQ4-2325732850-0.pdb	-85.9644	-68.5219	-17.4425	0	21.6
cav1m17_AQ4-2325739807-0.pdb	-107.868	-82.9718	-24.8957	0	23.8519
cav1m17_AQ4-2325774156-0.pdb	-84.5977	-75.2549	-9.3428	0	27.0909
cav1m17_AQ4-2325786897-0.pdb	-68.0866	-63.5322	-4.55438	0	21.75
cav1m17_AQ4-2325810563-0.pdb	-78.677	-72.6317	-6.04534	0	21.7826
cav1m17_AQ4-2325818776-0.pdb	-73.8115	-70.3115	-3.5	0	21.6667
cav1m17_AQ4-2325824596-0.pdb	-110.548	-96.7744	-13.7736	0	21.3667
cav1m17_AQ4-2325825025-0.pdb	-102.501	-75.9104	-26.5905	0	22.6
cav1m17_AQ4-2325825321-0.pdb	-98.4734	-94.9734	-3.5	0	21.6333
cav1m17_AQ4-2325825322-0.pdb	-114.454	-102.652	-11.8016	0	22.6333
cav1m17_AQ4-2325827712-0.pdb	-100.446	-87.1381	-13.3077	0	20.3548
cav1m17_AQ4-2325830885-0.pdb	-112.598	-96.2992	-16.2989	0	20.5135
cav1m17_AQ4-2325831987-0.pdb	-120.094	-100.247	-19.8467	0	14.1373
cav1m17_AQ4-2325841329-0.pdb	-85.5183	-75.3889	-10.1294	0	19.2308
cav1m17_AQ4-2325843629-0.pdb	-107.388	-101.769	-5.6192	0	18.3095
cav1m17_AQ4-2325844257-0.pdb	-128.894	-113.667	-15.227	0	16.0417
cav1m17_AQ4-2325860377-0.pdb	-87.7592	-82.0942	-5.66503	0	22.8696
cav1m17_AQ4-2325862250-0.pdb	-95.2731	-81.9252	-13.3479	0	20.6786
cav1m17_AQ4-2325870620-0.pdb	-90.9246	-76.1911	-14.7335	0	22.3043
cav1m17_AQ4-2325870855-0.pdb	-92.6503	-82.8541	-9.79619	0	21.875
cav1m17_AQ4-2325870856-0.pdb	-81.5772	-56.5143	-25.0629	0	20.4167
cav1m17_AQ4-2325875954-0.pdb	-91.36	-82.3092	-10.462	1.41128	23.36
cav1m17_AQ4-2325875955-0.pdb	-73.1774	-73.1774	0	0	19.52
cav1m17_AQ4-2325876257-0.pdb	-93.9522	-78.226	-15.7262	0	19.2667
cav1m17_AQ4-2356135070-0.pdb	-91.3083	-75.4351	-15.8733	0	20.5556
cav1m17_AQ4-2356147972-0.pdb	-88.5994	-80.9253	-7.67402	0	24.7083
cav1m17_AQ4-2356149515-0.pdb	-89.2209	-85.7209	-3.5	0	20.037
cav1m17_AQ4-2356150303-0.pdb	-82.0947	-65.7	-16.3946	0	22.0909
cav1m17_AQ4-2356152769-0.pdb	-88.0677	-73.2196	-14.8481	0	21.36
cav1m17_AQ4-2356153831-0.pdb	-89.4695	-80.2942	-9.17532	0	24.4
cav1m17_AQ4-2356156500-0.pdb	-92.1429	-74.6069	-17.536	0	19.6154
cav1m17_AQ4-2356169402-0.pdb	-98.7675	-68.0292	-30.7383	0	23.75
cav1m17_AQ4-2356170311-0.pdb	-87.8321	-67.3318	-20.5003	0	20.8696
cav1m17_AQ4-ZINC000000083743-0.pdb	-90.6559	-83.9318	-6.72412	0	20.64
cav1m17_AQ4-ZINC000000104097-0.pdb	-81.8478	-71.5572	-10.2906	0	22.3182
cav1m17_AQ4-ZINC000000144049-0.pdb	-86.198	-79.8856	-6.31237	0	25.5714
cav1m17_AQ4-ZINC000000183193-0.pdb	-87.9687	-81.1502	-6.81851	0	20.6
cav1m17_AQ4-ZINC000000195122-0.pdb	-89.693	-82.7728	-6.92028	0	19.8
cav1m17_AQ4-ZINC000000200574-0.pdb	-83.0184	-79.5184	-3.5	0	21.44
cav1m17_AQ4-ZINC000000200584-0.pdb	-89.959	-89.959	0	0	22.44
cav1m17_AQ4-ZINC000000245257-0.pdb	-85.0968	-74.2668	-10.8301	0	28.7778
cav1m17_AQ4-ZINC000000256336-0.pdb	-78.309	-76.7582	-1.55082	0	23.05
cav1m17_AQ4-ZINC000000320590-0.pdb	-92.9903	-80.334	-12.6563	0	20.2308
cav1m17_AQ4-ZINC000000320592-0.pdb	-82.4847	-74.5192	-7.96546	0	19.7083
cav1m17_AQ4-ZINC000000320594-0.pdb	-83.7209	-73.3912	-10.3297	0	23.68
cav1m17_AQ4-ZINC000000348947-0.pdb	-76.9162	-73.4162	-3.5	0	19.3043
cav1m17_AQ4-ZINC000000411487-0.pdb	-88.7446	-86.6424	-2.10222	0	22.0833
cav1m17_AQ4-ZINC000000426382-0.pdb	-82.6519	-79.1519	-3.5	0	19.12
cav1m17_AQ4-ZINC000000459730-0.pdb	-83.2862	-77.6434	-5.64274	0	28.8636
cav1m17_AQ4-ZINC000000521923-0.pdb	-86.8729	-77.1366	-9.73632	0	20.12
cav1m17_AQ4-ZINC000000554442-0.pdb	-90.5286	-80.1332	-10.3954	0	23.9048
cav1m17_AQ4-ZINC000000639677-0.pdb	-94.1257	-90.6257	-3.5	0	20.2593
cav1m17_AQ4-ZINC000000645447-0.pdb	-84.1816	-76.1746	-8.00698	0	19.6923
cav1m17_AQ4-ZINC000000648840-0.pdb	-94.1872	-86.7088	-7.47846	0	18.5313
cav1m17_AQ4-ZINC000000648974-0.pdb	-109.332	-107.399	-1.9333	0	20.7273
cav1m17_AQ4-ZINC000000648977-0.pdb	-100.462	-96.9624	-3.5	0	18.7273
cav1m17_AQ4-ZINC000000649085-0.pdb	-99.664	-93.0972	-6.56678	0	18.5429
cav1m17_AQ4-ZINC000000649086-0.pdb	-109.413	-96.4852	-12.9275	0	19.8235
cav1m17_AQ4-ZINC000000649089-0.pdb	-97.8604	-90.4662	-7.39426	0	17.5429
cav1m17_AQ4-ZINC000000649101-0.pdb	-98.9615	-89.7251	-9.23636	0	18.8056
cav1m17_AQ4-ZINC000000649116-0.pdb	-100.155	-85.8671	-14.2881	0	17.7353
cav1m17_AQ4-ZINC000000649122-0.pdb	-94.9347	-79.0335	-15.9012	0	14.3143
cav1m17_AQ4-ZINC000000649296-0.pdb	-113.128	-107.128	-6	0	17.359
cav1m17_AQ4-ZINC000000649527-0.pdb	-99.7729	-89.5797	-10.1932	0	18.9394
cav1m17_AQ4-ZINC000000649540-0.pdb	-98.3312	-91.0819	-7.24928	0	17.1176
cav1m17_AQ4-ZINC000000649564-0.pdb	-99.4428	-95.9428	-3.5	0	18.0286
cav1m17_AQ4-ZINC000000649569-0.pdb	-110.284	-96.394	-13.8903	0	20.6364
cav1m17_AQ4-ZINC000000787947-0.pdb	-91.5614	-72.5135	-19.0479	0	20.3333
cav1m17_AQ4-ZINC000000787996-0.pdb	-88.4152	-81.4152	-7	0	19.7037
cav1m17_AQ4-ZINC000000799069-0.pdb	-85.9086	-68.8368	-17.0717	0	21.88
cav1m17_AQ4-ZINC000000806640-0.pdb	-80.4263	-65.0618	-15.3645	0	26
cav1m17_AQ4-ZINC000000815293-0.pdb	-90.5108	-80.3499	-10.1608	0	19.8929
cav1m17_AQ4-ZINC000000815310-0.pdb	-84.6139	-76.3437	-8.27021	0	20.5
cav1m17_AQ4-ZINC000000815364-0.pdb	-77.1918	-73.6918	-3.5	0	19.3846
cav1m17_AQ4-ZINC000000997744-0.pdb	-90.8123	-81.8421	-8.97012	0	20.4286
cav1m17_AQ4-ZINC000001003098-0.pdb	-86.7303	-84.122	-2.60833	0	19.3462
cav1m17_AQ4-ZINC000001003166-0.pdb	-98.0713	-90.472	-7.59931	0	20.2581
cav1m17_AQ4-ZINC000001003196-0.pdb	-95.2178	-78.7178	-16.5	0	13.7714
cav1m17_AQ4-ZINC000001056841-0.pdb	-82.2489	-72.0825	-10.1664	0	20.04
cav1m17_AQ4-ZINC000001060349-0.pdb	-88.4179	-84.9179	-3.5	0	18.0968
cav1m17_AQ4-ZINC000001061866-0.pdb	-64.615	-44.4524	-20.1626	0	20.7778
cav1m17_AQ4-ZINC000001071552-0.pdb	-96.2187	-87.1888	-9.02992	0	19.1333
cav1m17_AQ4-ZINC000001073564-0.pdb	-94.387	-84.1824	-10.2045	0	19.8966
cav1m17_AQ4-ZINC000001074082-0.pdb	-100.699	-97.1991	-3.5	0	21.4828
cav1m17_AQ4-ZINC000001112169-0.pdb	-86.9544	-84.0071	-2.94734	0	20.3333
cav1m17_AQ4-ZINC00001304002-0.pdb	-85.2452	-72.5648	-12.6805	0	22.76
cav1m17_AQ4-ZINC000001326755-0.pdb	-78.6985	-73.5051	-5.19346	0	23.3333
cav1m17_AQ4-ZINC000001334841-0.pdb	-94.9019	-83.7724	-11.1295	0	20.3871
cav1m17_AQ4-ZINC000001339486-0.pdb	-115.131	-97.2544	-17.8766	0	18.1622
cav1m17_AQ4-ZINC000001368931-0.pdb	-85.8815	-72.1175	-13.764	0	24.4286
cav1m17_AQ4-ZINC000001386794-0.pdb	-76.5528	-69.911	-6.64172	0	20.9524
cav1m17_AQ4-ZINC000001386800-0.pdb	-88.7977	-79.247	-9.55068	0	22.3913
cav1m17_AQ4-ZINC000001387062-0.pdb	-77.2651	-70.2651	-7	0	25.9444
cav1m17_AQ4-ZINC000001387071-0.pdb	-78.1726	-68.8432	-9.32938	0	21.3
cav1m17_AQ4-ZINC000001406300-0.pdb	-63.4805	-59.9805	-3.5	0	20.4444
cav1m17_AQ4-ZINC000001468185-0.pdb	-89.2196	-77.4746	-11.745	0	23.44
cav1m17_AQ4-ZINC000001562381-0.pdb	-74.2769	-64.3169	-9.96002	0	21.3
cav1m17_AQ4-ZINC000001576938-0.pdb	-77.2097	-63.2439	-13.9658	0	20.2727
cav1m17_AQ4-ZINC000001576943-0.pdb	-89.5472	-86.0472	-3.5	0	19.8214
cav1m17_AQ4-ZINC000001576944-0.pdb	-85.7539	-85.7539	0	0	19.8519
cav1m17_AQ4-ZINC000001581350-0.pdb	-74.0898	-64.4117	-9.67817	0	20.55
cav1m17_AQ4-ZINC000001584923-0.pdb	-97.7516	-97.7516	0	0	21.6667
cav1m17_AQ4-ZINC000001672337-0.pdb	-85.1378	-78.169	-6.96873	0	20.625
cav1m17_AQ4-ZINC000001718464-0.pdb	-84.2243	-70.3145	-13.9098	0	25.0526
cav1m17_AQ4-ZINC000001718465-0.pdb	-79.331	-66.1557	-13.1753	0	23.7895
cav1m17_AQ4-ZINC000001718487-0.pdb	-86.2056	-80.716	-5.48966	0	21.6
cav1m17_AQ4-ZINC000001773015-0.pdb	-99.3707	-94.8257	-4.54498	0	22.4643
cav1m17_AQ4-ZINC000001831844-0.pdb	-87.1028	-77.6238	-9.47896	0	20.36
cav1m17_AQ4-ZINC000001845560-0.pdb	-76.9619	-69.9648	-6.99704	0	21.1
cav1m17_AQ4-ZINC000002079778-0.pdb	-93.8656	-92.1467	-1.71886	0	21.8438
cav1m17_AQ4-ZINC000002081258-0.pdb	-92.9656	-90.3588	-2.60675	0	17.6452
cav1m17_AQ4-ZINC000002081490-0.pdb	-101.807	-96.9127	-4.89394	0	20.9286
cav1m17_AQ4-ZINC000002081506-0.pdb	-90.032	-90.032	0	0	20.1
cav1m17_AQ4-ZINC000002081549-0.pdb	-93.049	-93.049	0	0	21.069
cav1m17_AQ4-ZINC000002081697-0.pdb	-90.0455	-87.5455	-2.5	0	19.4483
cav1m17_AQ4-ZINC000002081757-0.pdb	-89.5053	-83.8656	-5.63967	0	20.7931
cav1m17_AQ4-ZINC000002084508-0.pdb	-87.325	-84.1402	-3.18486	0	19.6897
cav1m17_AQ4-ZINC000002086044-0.pdb	-87.2901	-80.3883	-6.90186	0	18
cav1m17_AQ4-ZINC000002106201-0.pdb	-94.4731	-90.7506	-3.72249	0	17.6176
cav1m17_AQ4-ZINC000002107769-0.pdb	-96.5429	-90.2286	-6.31421	0	17.4118
cav1m17_AQ4-ZINC000002107792-0.pdb	-97.0543	-85.2396	-11.8147	0	19.3143
cav1m17_AQ4-ZINC000002107799-0.pdb	-97.4784	-95.6198	-1.85853	0	19.9429
cav1m17_AQ4-ZINC000002107802-0.pdb	-87.0234	-87.0234	0	0	21.5
cav1m17_AQ4-ZINC000002107808-0.pdb	-98.234	-94.734	-3.5	0	18.5588
cav1m17_AQ4-ZINC000002107812-0.pdb	-99.9548	-92.9888	-6.96603	0	16.9706
cav1m17_AQ4-ZINC000002107819-0.pdb	-106.542	-96.6665	-9.87532	0	17.9444
cav1m17_AQ4-ZINC000002107823-0.pdb	-100.42	-96.9197	-3.5	0	18.4706
cav1m17_AQ4-ZINC000002107831-0.pdb	-100.631	-97.1312	-3.5	0	16.85
cav1m17_AQ4-ZINC000002107845-0.pdb	-105.122	-92.6794	-12.4427	0	18.8571
cav1m17_AQ4-ZINC000002107848-0.pdb	-97.6387	-94.1387	-3.5	0	18.2059
cav1m17_AQ4-ZINC000002108009-0.pdb	-97.1298	-83.9033	-13.2265	0	17.7222
cav1m17_AQ4-ZINC000002108762-0.pdb	-104.443	-97.4426	-7	0	15.881
cav1m17_AQ4-ZINC000002108932-0.pdb	-102.417	-95.4173	-7	0	17.4
cav1m17_AQ4-ZINC000002115031-0.pdb	-90.7546	-90.7546	0	0	18.5152
cav1m17_AQ4-ZINC000002198444-0.pdb	-91.7535	-77.2095	-14.544	0	18.963
cav1m17_AQ4-ZINC000002205320-0.pdb	-95.7133	-86.8605	-8.8528	0	20.3462
cav1m17_AQ4-ZINC000002266749-0.pdb	-92.9821	-89.6332	-3.34898	0	20.8462
cav1m17_AQ4-ZINC000002267140-0.pdb	-88.7558	-78.9764	-9.77944	0	20.2593
cav1m17_AQ4-ZINC000002268205-0.pdb	-86.5441	-83.2701	-3.27398	0	20.1154
cav1m17_AQ4-ZINC000002270123-0.pdb	-89.0422	-83.0567	-5.98545	0	19.2963
cav1m17_AQ4-ZINC000002334039-0.pdb	-95.01	-82.8938	-12.1162	0	20.8889
cav1m17_AQ4-ZINC000002341883-0.pdb	-87.1042	-78.6458	-8.45845	0	18.7143
cav1m17_AQ4-ZINC000002365648-0.pdb	-82.1989	-70.3486	-11.8503	0	27.8421
cav1m17_AQ4-ZINC000002571037-0.pdb	-86.224	-65.4674	-20.7566	0	25.8235
cav1m17_AQ4-ZINC000002634582-0.pdb	-77.394	-73.894	-3.5	0	17.48
cav1m17_AQ4-ZINC000002637436-0.pdb	-84.8973	-57.7381	-27.1592	0	17.3333
cav1m17_AQ4-ZINC000002653597-0.pdb	-86.981	-83.9895	-2.99151	0	23.875
cav1m17_AQ4-ZINC000002715176-0.pdb	-100.318	-92.6976	-7.62078	0	20.0625
cav1m17_AQ4-ZINC000002719599-0.pdb	-79.2794	-61.9251	-17.3543	0	25.5
cav1m17_AQ4-ZINC000002726142-0.pdb	-105.441	-102.941	-2.5	0	19.9688
cav1m17_AQ4-ZINC000002729660-0.pdb	-93.7221	-91.4847	-2.23735	0	20.6897
cav1m17_AQ4-ZINC000002738338-0.pdb	-92.7466	-90.5766	-2.16999	0	20.5862
cav1m17_AQ4-ZINC000002741683-0.pdb	-101.653	-99.6633	-1.98992	0	20.7667
cav1m17_AQ4-ZINC000002746871-0.pdb	-88.6456	-82.6845	-5.96107	0	23.2083
cav1m17_AQ4-ZINC000002753343-0.pdb	-94.5842	-87.6222	-6.96198	0	17.125
cav1m17_AQ4-ZINC000002766008-0.pdb	-87.1718	-84.6136	-2.55815	0	17.7576
cav1m17_AQ4-ZINC000002768244-0.pdb	-83.0096	-80.4776	-2.53195	0	15.6667
cav1m17_AQ4-ZINC000002769570-0.pdb	-92.2932	-88.7932	-3.5	0	22.76
cav1m17_AQ4-ZINC000002769897-0.pdb	-94.3019	-87.3934	-6.90843	0	16.6061
cav1m17_AQ4-ZINC000002769918-0.pdb	-94.9745	-84.4745	-10.5	0	18.6364
cav1m17_AQ4-ZINC000002769946-0.pdb	-86.1209	-78.3204	-7.80043	0	20.7037
cav1m17_AQ4-ZINC000002770025-0.pdb	-94.6659	-89.55	-5.11595	0	17.3824
cav1m17_AQ4-ZINC000002770098-0.pdb	-76.3335	-68.2225	-8.11096	0	20.3103
cav1m17_AQ4-ZINC000002770171-0.pdb	-90.9196	-80.9591	-9.96041	0	21.2963
cav1m17_AQ4-ZINC000002770178-0.pdb	-101.456	-95.0751	-6.38052	0	18
cav1m17_AQ4-ZINC000002770288-0.pdb	-74.6534	-71.4837	-3.16972	0	18.5185
cav1m17_AQ4-ZINC000002770309-0.pdb	-95.2761	-89.9403	-5.33578	0	17.1818
cav1m17_AQ4-ZINC000002770361-0.pdb	-101.486	-99.9761	-1.50981	0	23.4483
cav1m17_AQ4-ZINC000002770408-0.pdb	-95.4661	-88.4661	-7	0	15.6944
cav1m17_AQ4-ZINC000002770463-0.pdb	-81.2262	-77.4426	-3.78358	0	20.6429
cav1m17_AQ4-ZINC000002770543-0.pdb	-102.506	-92.0124	-10.4937	0	19.1818
cav1m17_AQ4-ZINC000002773581-0.pdb	-97.7972	-95.3322	-2.46504	0	19.4667
cav1m17_AQ4-ZINC000002776709-0.pdb	-72.0334	-70.3747	-1.65875	0	21.0952
cav1m17_AQ4-ZINC000002776835-0.pdb	-68.606	-65.106	-3.5	0	20.5652
cav1m17_AQ4-ZINC000002777565-0.pdb	-79.7617	-76.2617	-3.5	0	22.6364
cav1m17_AQ4-ZINC000002778700-0.pdb	-98.2966	-77.4681	-20.8285	0	17.3226
cav1m17_AQ4-ZINC000002778872-0.pdb	-87.834	-84.428	-3.40603	0	22.0833
cav1m17_AQ4-ZINC000002778938-0.pdb	-95.882	-77.0648	-18.8172	0	20.8519
cav1m17_AQ4-ZINC000002779157-0.pdb	-87.9449	-84.4449	-3.5	0	22.1667
cav1m17_AQ4-ZINC000002779181-0.pdb	-86.9492	-78.8591	-8.09009	0	21.68
cav1m17_AQ4-ZINC000002779273-0.pdb	-91.8988	-74.5323	-17.3664	0	17.8276
cav1m17_AQ4-ZINC000002780272-0.pdb	-84.35	-66.4328	-17.9172	0	17.8333
cav1m17_AQ4-ZINC000002780757-0.pdb	-108.607	-96.26	-12.3465	0	19.9118
cav1m17_AQ4-ZINC000002781306-0.pdb	-101.48	-89.3738	-12.1064	0	20
cav1m17_AQ4-ZINC000002781338-0.pdb	-85.4271	-62.9931	-22.434	0	15.7407
cav1m17_AQ4-ZINC000002782484-0.pdb	-105.132	-90.0693	-15.0628	0	20.8333
cav1m17_AQ4-ZINC000002792603-0.pdb	-75.1356	-68.1356	-7	0	19.7917
cav1m17_AQ4-ZINC000002792619-0.pdb	-89.0014	-79.0894	-9.91193	0	18.963
cav1m17_AQ4-ZINC000002793518-0.pdb	-97.0913	-87.2433	-9.84803	0	15.8529
cav1m17_AQ4-ZINC000002794069-0.pdb	-85.1089	-74.6138	-10.4951	0	17.5517
cav1m17_AQ4-ZINC000002794176-0.pdb	-74.2365	-67.2365	-7	0	17.2414
cav1m17_AQ4-ZINC000002797736-0.pdb	-101.615	-78.098	-22.1509	-1.36582	19.2069
cav1m17_AQ4-ZINC000002806427-0.pdb	-79.459	-68.4803	-13.4156	2.43685	20.2857
cav1m17_AQ4-ZINC000002835344-0.pdb	-84.2319	-74.6408	-9.59112	0	18.1154
cav1m17_AQ4-ZINC000002867502-0.pdb	-99.3842	-97.97	-1.41422	0	20.5
cav1m17_AQ4-ZINC000002867752-0.pdb	-96.5684	-93.0684	-3.5	0	20.6897
cav1m17_AQ4-ZINC000002868164-0.pdb	-97.1971	-95.6701	-1.52695	0	20.5161
cav1m17_AQ4-ZINC000002870392-0.pdb	-82.5057	-73.4493	-9.05641	0	23.5
cav1m17_AQ4-ZINC000002873916-0.pdb	-91.4173	-91.4173	0	0	18.625
cav1m17_AQ4-ZINC000002875763-0.pdb	-104.495	-99.0956	-5.39962	0	20.2424
cav1m17_AQ4-ZINC000002884963-0.pdb	-93.4698	-89.1193	-4.35049	0	18.8387
cav1m17_AQ4-ZINC000002922066-0.pdb	-85.844	-83.0906	-2.75339	0	20.6296
cav1m17_AQ4-ZINC000003143152-0.pdb	-108.005	-100.46	-7.54465	0	16.5789
cav1m17_AQ4-ZINC000003175382-0.pdb	-75.7541	-63.7452	-12.0089	0	20
cav1m17_AQ4-ZINC000003207476-0.pdb	-94.9882	-92.2985	-2.68965	0	17.5
cav1m17_AQ4-ZINC000003212184-0.pdb	-94.3718	-87.7712	-6.60062	0	18.303
cav1m17_AQ4-ZINC000003221435-0.pdb	-92.2667	-72.7197	-19.5469	0	19.2143
cav1m17_AQ4-ZINC000003229865-0.pdb	-97.108	-94.7874	-2.32065	0	20.1875
cav1m17_AQ4-ZINC000003235486-0.pdb	-91.7364	-90.0489	-1.68756	0	18.5625
cav1m17_AQ4-ZINC000003235923-0.pdb	-72.6454	-65.6454	-7	0	19.7273
cav1m17_AQ4-ZINC000003235925-0.pdb	-79.4956	-76.9956	-2.5	0	23.3
cav1m17_AQ4-ZINC000003236396-0.pdb	-76.1633	-76.1633	0	0	18.9615
cav1m17_AQ4-ZINC000003266941-0.pdb	-78.975	-78.975	0	0	24.0455
cav1m17_AQ4-ZINC000003283821-0.pdb	-89.6114	-83.0682	-6.54321	0	26.6818
cav1m17_AQ4-ZINC000003284171-0.pdb	-71.3955	-63.4942	-7.9013	0	27.3333
cav1m17_AQ4-ZINC000003288819-0.pdb	-76.6207	-76.4313	-0.189454	0	21.0417
cav1m17_AQ4-ZINC000003304465-0.pdb	-72.1419	-65.1419	-7	0	21
cav1m17_AQ4-ZINC000003304466-0.pdb	-76.4168	-69.4168	-7	0	23.1905
cav1m17_AQ4-ZINC000003313078-0.pdb	-101.174	-97.7429	-3.4309	0	19.1176
cav1m17_AQ4-ZINC000003337710-0.pdb	-92.2156	-88.7156	-3.5	0	18.2333
cav1m17_AQ4-ZINC000003418600-0.pdb	-71.4529	-64.4529	-7	0	19.45
cav1m17_AQ4-ZINC000003418766-0.pdb	-71.4887	-61.9997	-9.489	0	23.9375
cav1m17_AQ4-ZINC000003604829-0.pdb	-91.8127	-78.9871	-12.8257	0	25.2273
cav1m17_AQ4-ZINC00003661909-0.pdb	-102.531	-91.345	-11.1857	0	23
cav1m17_AQ4-ZINC000003896528-0.pdb	-87.8587	-82.1112	-5.74745	0	21.4444
cav1m17_AQ4-ZINC000003896529-0.pdb	-81.5461	-74.4667	-7.07942	0	20.2083
cav1m17_AQ4-ZINC000003896532-0.pdb	-90.1349	-84.9613	-5.17362	0	23.2174
cav1m17_AQ4-ZINC000003896533-0.pdb	-85.8252	-82.3252	-3.5	0	21.5
cav1m17_AQ4-ZINC000003896540-0.pdb	-87.569	-78.4691	-9.0999	0	20.8
cav1m17_AQ4-ZINC000003896546-0.pdb	-91.6528	-84.8215	-6.83125	0	18.8571
cav1m17_AQ4-ZINC000003896547-0.pdb	-89.2383	-81.7193	-7.51901	0	20.3333
cav1m17_AQ4-ZINC000003896548-0.pdb	-88.8103	-78.4273	-10.383	0	20.5385
cav1m17_AQ4-ZINC000003896549-0.pdb	-82.4069	-70.4369	-11.97	0	20.1923
cav1m17_AQ4-ZINC000003896551-0.pdb	-88.4091	-81.8307	-6.57841	0	21.12
cav1m17_AQ4-ZINC000003896552-0.pdb	-80.4647	-74.9527	-5.51207	0	18.1154
cav1m17_AQ4-ZINC000003906478-0.pdb	-82.5982	-81.9843	-0.613907	0	20.8333
cav1m17_AQ4-ZINC000003953646-0.pdb	-76.7247	-71.0057	-5.71904	0	21.6667
cav1m17_AQ4-ZINC000004141725-0.pdb	-92.4659	-89.191	-3.27487	0	21.2857
cav1m17_AQ4-ZINC000004179533-0.pdb	-91.2717	-53.1371	-38.1346	0	23
cav1m17_AQ4-ZINC000004322993-0.pdb	-82.3972	-78.8972	-3.5	0	19.92
cav1m17_AQ4-ZINC000004331358-0.pdb	-82.1747	-75.1747	-7	0	24.35
cav1m17_AQ4-ZINC000004354744-0.pdb	-79.821	-69.321	-10.5	0	22.1905
cav1m17_AQ4-ZINC000004354749-0.pdb	-83.4215	-77.6649	-5.75662	0	25.1429
cav1m17_AQ4-ZINC000004354764-0.pdb	-81.7562	-76.2589	-5.4973	0	21.3043
cav1m17_AQ4-ZINC000004354768-0.pdb	-76.1184	-67.1374	-8.98099	0	20
cav1m17_AQ4-ZINC000004354773-0.pdb	-77.0221	-68.4146	-8.60746	0	18.8696
cav1m17_AQ4-ZINC000004385772-0.pdb	-80.8462	-67.2004	-13.6458	0	21.5217
cav1m17_AQ4-ZINC000004475702-0.pdb	-78.7343	-62.5303	-16.204	0	23.5263
cav1m17_AQ4-ZINC000004487022-0.pdb	-79.2876	-61.8128	-17.4748	0	22.8947
cav1m17_AQ4-ZINC000004597412-0.pdb	-96.9634	-96.9634	0	0	19.9333
cav1m17_AQ4-ZINC000004674086-0.pdb	-96.8473	-84.5259	-12.3213	0	20.2222
cav1m17_AQ4-ZINC000004733442-0.pdb	-93.1355	-81.1601	-11.9754	0	20.3462
cav1m17_AQ4-ZINC000004733454-0.pdb	-80.765	-77.265	-3.5	0	21.3333
cav1m17_AQ4-ZINC000004733461-0.pdb	-88.6576	-79.3036	-9.35406	0	20.4615
cav1m17_AQ4-ZINC000004733464-0.pdb	-87.6361	-76.4624	-11.1737	0	23.1923
cav1m17_AQ4-ZINC000004733469-0.pdb	-95.9161	-95.9161	0	0	22.2222
cav1m17_AQ4-ZINC000004733472-0.pdb	-86.3822	-74.3822	-12	0	18.5385
cav1m17_AQ4-ZINC000004733473-0.pdb	-87.789	-73.8964	-13.8926	0	22
cav1m17_AQ4-ZINC000004733480-0.pdb	-93.0362	-77.958	-15.0782	0	23.1935
cav1m17_AQ4-ZINC000004733486-0.pdb	-100.083	-90.2933	-9.79006	0	20.6786
cav1m17_AQ4-ZINC000004734117-0.pdb	-88.0195	-77.9251	-10.0944	0	19.3077
cav1m17_AQ4-ZINC000004734159-0.pdb	-99.099	-85.5217	-13.5773	0	23.6786
cav1m17_AQ4-ZINC000004734185-0.pdb	-104.268	-85.0565	-19.2117	0	23.1111
cav1m17_AQ4-ZINC000004735147-0.pdb	-91.1278	-74.6008	-16.5269	0	18.5556
cav1m17_AQ4-ZINC000004753318-0.pdb	-80.4292	-59.9604	-20.4689	0	24.2105
cav1m17_AQ4-ZINC000004817084-0.pdb	-100.958	-91.6361	-9.32148	0	20.1429
cav1m17_AQ4-ZINC000004834924-0.pdb	-84.0049	-69.6341	-14.3708	0	17.68
cav1m17_AQ4-ZINC000004894788-0.pdb	-73.8516	-67.3299	-6.52179	0	20.5238
cav1m17_AQ4-ZINC000004898011-0.pdb	-80.864	-67.5174	-13.3466	0	25.2105
cav1m17_AQ4-ZINC000004898929-0.pdb	-97.807	-78.5004	-19.3067	0	18.5172
cav1m17_AQ4-ZINC000004923146-0.pdb	-76.6176	-64.4064	-12.2112	0	24.2105
cav1m17_AQ4-ZINC000004953890-0.pdb	-98.6443	-86.1406	-12.5037	0	18.3
cav1m17_AQ4-ZINC000004959730-0.pdb	-77.2677	-73.7677	-3.5	0	21.5
cav1m17_AQ4-ZINC000004968522-0.pdb	-83.6149	-67.4664	-16.1486	0	20.5417
cav1m17_AQ4-ZINC000004982921-0.pdb	-81.2789	-59.0385	-22.2404	0	25.5238
cav1m17_AQ4-ZINC000004983231-0.pdb	-89.6036	-86.1036	-3.5	0	21.7692
cav1m17_AQ4-ZINC000004985343-0.pdb	-80.5815	-68.0101	-12.5714	0	21.15
cav1m17_AQ4-ZINC000004985507-0.pdb	-92.13	-81.63	-10.5	0	18
cav1m17_AQ4-ZINC000005024746-0.pdb	-83.1514	-77.2259	-5.92557	0	20.8696
cav1m17_AQ4-ZINC000005029841-0.pdb	-98.5927	-83.6785	-14.9141	0	20.1786
cav1m17_AQ4-ZINC000005054644-0.pdb	-97.5022	-87.0329	-10.4693	0	18.4828
cav1m17_AQ4-ZINC000005065854-0.pdb	-99.5209	-77.5608	-21.9601	0	18.6207
cav1m17_AQ4-ZINC000005240560-0.pdb	-91.7683	-84.9477	-6.82065	0	23.375
cav1m17_AQ4-ZINC000005246641-0.pdb	-92.7976	-82.5242	-10.2734	0	20.3846
cav1m17_AQ4-ZINC000005250586-0.pdb	-86.0075	-65.7759	-20.2316	0	21.2
cav1m17_AQ4-ZINC000005264388-0.pdb	-84.0301	-80.5301	-3.5	0	19.6538
cav1m17_AQ4-ZINC000005264394-0.pdb	-86.1349	-83.0159	-3.11901	0	20.1852
cav1m17_AQ4-ZINC000005269948-0.pdb	-82.0781	-75.0781	-7	0	19.48
cav1m17_AQ4-ZINC000005269964-0.pdb	-92.2315	-76.944	-15.2875	0	19.3462
cav1m17_AQ4-ZINC000005313843-0.pdb	-90.6181	-76.4037	-14.2144	0	20.52
cav1m17_AQ4-ZINC000005333607-0.pdb	-106.981	-101.54	-5.44116	0	21.129
cav1m17_AQ4-ZINC000005345177-0.pdb	-83.6362	-77.6689	-5.96733	0	22
cav1m17_AQ4-ZINC000005345595-0.pdb	-75.617	-61.9667	-13.6504	0	22.0556
cav1m17_AQ4-ZINC000005345853-0.pdb	-91.0389	-80.7523	-10.2867	0	20.24
cav1m17_AQ4-ZINC000005346385-0.pdb	-100.993	-80.6277	-20.3651	0	24.7917
cav1m17_AQ4-ZINC000005347491-0.pdb	-93.8205	-79.6281	-14.1924	0	22.0385
cav1m17_AQ4-ZINC000005351315-0.pdb	-110.272	-106.772	-3.5	0	19.8485
cav1m17_AQ4-ZINC000005453710-0.pdb	-92.2204	-92.2204	0	0	22.8966
cav1m17_AQ4-ZINC000005455744-0.pdb	-101.276	-79.2487	-22.0272	0	24.6154
cav1m17_AQ4-ZINC000005511117-0.pdb	-86.2826	-80.2826	-6	0	22.3913
cav1m17_AQ4-ZINC000005579639-0.pdb	-73.5543	-67.2982	-6.2561	0	23.9
cav1m17_AQ4-ZINC000005579640-0.pdb	-85.8192	-76.317	-9.50228	0	21.36
cav1m17_AQ4-ZINC000005687637-0.pdb	-79.3036	-72.3036	-7	0	26.8889
cav1m17_AQ4-ZINC000005687641-0.pdb	-73.5642	-73.5642	0	0	24.7895
cav1m17_AQ4-ZINC000005937555-0.pdb	-71.3547	-64.432	-6.92269	0	22.5263
cav1m17_AQ4-ZINC000005938726-0.pdb	-74.1046	-64.8875	-9.21708	0	19.2381
cav1m17_AQ4-ZINC000006462292-0.pdb	-106.253	-87.3214	-18.8023	-0.128734	20.1613
cav1m17_AQ4-ZINC000006462304-0.pdb	-103.539	-79.948	-22.5049	-1.08614	18.6774
cav1m17_AQ4-ZINC000006462305-0.pdb	-108.939	-82.7444	-24.9743	-1.22001	19.4839
cav1m17_AQ4-ZINC000006507554-0.pdb	-98.2856	-88.016	-10.2697	0	19.8519
cav1m17_AQ4-ZINC000006530316-0.pdb	-80.5866	-74.6233	-5.9633	0	20.625
cav1m17_AQ4-ZINC000006566264-0.pdb	-81.1655	-74.8732	-6.29226	0	20.5833
cav1m17_AQ4-ZINC000006616386-0.pdb	-76.4708	-68.0204	-8.45035	0	23.8947
cav1m17_AQ4-ZINC000006660523-0.pdb	-90.0577	-74.8181	-15.2396	0	21.2917
cav1m17_AQ4-ZINC000006732876-0.pdb	-90.8857	-84.8617	-6.02399	0	19.25
cav1m17_AQ4-ZINC000006791296-0.pdb	-103.387	-79.095	-24.292	0	21.037
cav1m17_AQ4-ZINC000006804970-0.pdb	-99.0353	-81.3191	-17.7162	0	22.9
cav1m17_AQ4-ZINC000006804975-0.pdb	-96.344	-82.8835	-13.4605	0	19.2069
cav1m17_AQ4-ZINC000006804976-0.pdb	-99.8367	-85.9415	-13.8953	0	19.1
cav1m17_AQ4-ZINC000006829151-0.pdb	-75.4195	-70.0272	-5.3923	0	22.1739
cav1m17_AQ4-ZINC000006897271-0.pdb	-96.7067	-90.3679	-6.33879	0	19.8929
cav1m17_AQ4-ZINC000007004107-0.pdb	-93.6284	-92.739	-0.889434	0	20.4667
cav1m17_AQ4-ZINC000007060152-0.pdb	-89.1941	-83.3474	-5.84674	0	19.2667
cav1m17_AQ4-ZINC000007337594-0.pdb	-82.3986	-70.3248	-12.0738	0	19
cav1m17_AQ4-ZINC000007337618-0.pdb	-80.6036	-77.1036	-3.5	0	20.5652
cav1m17_AQ4-ZINC000007337621-0.pdb	-89.2051	-82.2051	-7	0	23.3478
cav1m17_AQ4-ZINC000007337626-0.pdb	-90.4296	-82.6828	-7.74679	0	21.5
cav1m17_AQ4-ZINC000007498955-0.pdb	-86.3955	-74.4572	-11.9383	0	19.8
cav1m17_AQ4-ZINC000007738604-0.pdb	-95.6855	-86.7401	-8.94533	0	24.25
cav1m17_AQ4-ZINC000007813586-0.pdb	-81.5972	-72.3305	-9.26664	0	20
cav1m17_AQ4-ZINC000007814651-0.pdb	-75.4252	-66.5613	-8.86386	0	21.9444
cav1m17_AQ4-ZINC000007983234-0.pdb	-85.1736	-74.301	-10.8725	0	25.0952
cav1m17_AQ4-ZINC000007987307-0.pdb	-88.4699	-77.1818	-11.2881	0	19.8846
cav1m17_AQ4-ZINC000008149271-0.pdb	-79.6924	-70.6179	-9.07452	0	26.85
cav1m17_AQ4-ZINC000008231140-0.pdb	-87.8733	-77.3733	-10.5	0	18.9231
cav1m17_AQ4-ZINC000008315873-0.pdb	-74.4718	-65.2506	-9.22121	0	24
cav1m17_AQ4-ZINC000008327509-0.pdb	-95.8984	-87.634	-8.2644	0	20.4
cav1m17_AQ4-ZINC000008344415-0.pdb	-72.8303	-69.3303	-3.5	0	19.6364
cav1m17_AQ4-ZINC000008508590-0.pdb	-82.1178	-68.6166	-13.5012	0	24
cav1m17_AQ4-ZINC000008583015-0.pdb	-79.1953	-76.3647	-2.83053	0	20.08
cav1m17_AQ4-ZINC000008583114-0.pdb	-93.0399	-85.0613	-7.97866	0	22.5926
cav1m17_AQ4-ZINC000008584575-0.pdb	-97.7775	-76.1042	-21.6733	0	20.8148
cav1m17_AQ4-ZINC000008594601-0.pdb	-85.6486	-79.502	-6.14661	0	20.64
cav1m17_AQ4-ZINC000008594705-0.pdb	-81.5012	-71.2799	-10.2214	0	21.3333
cav1m17_AQ4-ZINC000008706522-0.pdb	-99.0706	-87.9209	-11.1498	0	24.4194
cav1m17_AQ4-ZINC000008706892-0.pdb	-94.4303	-85.1751	-9.2552	0	22.08
cav1m17_AQ4-ZINC000008708826-0.pdb	-93.6606	-93.6606	0	0	20.7241
cav1m17_AQ4-ZINC000008725260-0.pdb	-96.4753	-83.2922	-13.1831	0	20.3571
cav1m17_AQ4-ZINC000008728068-0.pdb	-69.1449	-54.3865	-14.7584	0	21.8889
cav1m17_AQ4-ZINC000008746409-0.pdb	-109.57	-89.8333	-19.7371	0	21.1379
cav1m17_AQ4-ZINC000008860289-0.pdb	-84.0957	-54.6783	-29.4175	0	27.15
cav1m17_AQ4-ZINC000008940568-0.pdb	-87.1019	-70.8449	-16.257	0	22
cav1m17_AQ4-ZINC000008947877-0.pdb	-82.3836	-68.5688	-13.8147	0	18.7692
cav1m17_AQ4-ZINC000009009473-0.pdb	-78.8077	-73.2335	-5.5742	0	22.9524
cav1m17_AQ4-ZINC000009056709-0.pdb	-87.0569	-83.9687	-3.08814	0	19.2414
cav1m17_AQ4-ZINC000009074830-0.pdb	-96.1273	-82.7747	-13.3526	0	21.7037
cav1m17_AQ4-ZINC000009074886-0.pdb	-83.4215	-73.1114	-10.3101	0	20.2083
cav1m17_AQ4-ZINC000009074903-0.pdb	-89.6529	-80.6829	-8.97003	0	21.4231
cav1m17_AQ4-ZINC000009074905-0.pdb	-90.5069	-84.4073	-6.09962	0	20.963
cav1m17_AQ4-ZINC000009074908-0.pdb	-100.454	-82.9379	-17.5164	0	18.4688
cav1m17_AQ4-ZINC000009074911-0.pdb	-96.5318	-83.415	-13.1168	0	17.5152
cav1m17_AQ4-ZINC000009074916-0.pdb	-106.112	-98.2474	-7.86426	0	21.5625
cav1m17_AQ4-ZINC000009074922-0.pdb	-103.773	-93.3025	-10.4703	0	20.129
cav1m17_AQ4-ZINC000009074927-0.pdb	-95.9015	-81.7478	-14.1537	0	19.8333
cav1m17_AQ4-ZINC000009074928-0.pdb	-85.4625	-70.0192	-15.4433	0	19.4
cav1m17_AQ4-ZINC000009074932-0.pdb	-90.1885	-72.3847	-17.8038	0	19.7778
cav1m17_AQ4-ZINC000009074933-0.pdb	-82.8963	-75.9569	-6.93936	0	17.5185
cav1m17_AQ4-ZINC000009074949-0.pdb	-79.545	-69.2391	-10.3059	0	21.4286
cav1m17_AQ4-ZINC000009074957-0.pdb	-87.8994	-69.8479	-18.0515	0	19.8696
cav1m17_AQ4-ZINC000009074969-0.pdb	-110.581	-101.089	-9.4918	0	22.0667
cav1m17_AQ4-ZINC000009074976-0.pdb	-92.2276	-74.73	-17.4976	0	21.12
cav1m17_AQ4-ZINC000009074981-0.pdb	-103.55	-96.8703	-6.67968	0	22.5714
cav1m17_AQ4-ZINC000009075003-0.pdb	-88.4458	-75.6362	-12.8096	0	19.12
cav1m17_AQ4-ZINC000009075005-0.pdb	-96.2676	-83.1223	-13.1453	0	20.88
cav1m17_AQ4-ZINC000009075025-0.pdb	-94.6976	-79.7955	-14.9021	0	20.2222
cav1m17_AQ4-ZINC000009075027-0.pdb	-98.564	-82.8509	-15.7132	0	21.0741
cav1m17_AQ4-ZINC000009075047-0.pdb	-103.875	-91.5031	-12.3719	0	19.9677
cav1m17_AQ4-ZINC000009075068-0.pdb	-92.8362	-84.4924	-8.34376	0	20.7586
cav1m17_AQ4-ZINC000009116924-0.pdb	-104.772	-84.5247	-20.2468	0	20.6774
cav1m17_AQ4-ZINC000009116956-0.pdb	-93.2129	-86.3776	-6.83531	0	17.6452
cav1m17_AQ4-ZINC000009119377-0.pdb	-102.769	-91.3692	-11.4003	0	16.9412
cav1m17_AQ4-ZINC000009142856-0.pdb	-91.7705	-74.5258	-17.2448	0	19.7407
cav1m17_AQ4-ZINC000009222885-0.pdb	-99.8653	-81.177	-18.6883	0	16.3636
cav1m17_AQ4-ZINC000009253330-0.pdb	-112.545	-98.5449	-14	0	18.9118
cav1m17_AQ4-ZINC000009290201-0.pdb	-96.589	-82.3352	-14.2538	0	20.3704
cav1m17_AQ4-ZINC000009332863-0.pdb	-94.0982	-88.1708	-5.92748	0	23.7778
cav1m17_AQ4-ZINC000009360482-0.pdb	-95.639	-92.458	-3.18101	0	20.0357
cav1m17_AQ4-ZINC000009366930-0.pdb	-95.2168	-88.9375	-6.27928	0	19.7742
cav1m17_AQ4-ZINC000009409774-0.pdb	-92.9747	-75.6087	-17.3659	0	19.6129
cav1m17_AQ4-ZINC000009467090-0.pdb	-98.9815	-88.5639	-10.4176	0	21.4706
cav1m17_AQ4-ZINC000009514186-0.pdb	-102.784	-88.7883	-13.9954	0	20.75
cav1m17_AQ4-ZINC000009532120-0.pdb	-76.7659	-63.7024	-13.0635	0	22.4211
cav1m17_AQ4-ZINC000009606174-0.pdb	-107.993	-98.1385	-9.85448	0	19.8125
cav1m17_AQ4-ZINC000009641754-0.pdb	-78.7163	-68.2163	-10.5	0	18.44
cav1m17_AQ4-ZINC000009666355-0.pdb	-79.7299	-65.7299	-14	0	16.5185
cav1m17_AQ4-ZINC000009669879-0.pdb	-87.1761	-78.3376	-8.83848	0	22.4231
cav1m17_AQ4-ZINC000009670536-0.pdb	-79.6359	-68.7152	-10.9207	0	20.1739
cav1m17_AQ4-ZINC000009740970-0.pdb	-68.1677	-60.293	-7.87472	0	19.2
cav1m17_AQ4-ZINC000009829958-0.pdb	-104.185	-92.7736	-11.4111	0	18.0909
cav1m17_AQ4-ZINC000009954561-0.pdb	-108.918	-91.6382	-17.2797	0	18.625
cav1m17_AQ4-ZINC000009968964-0.pdb	-99.748	-90.5675	-9.1805	0	18.5882
cav1m17_AQ4-ZINC000010513142-0.pdb	-88.9252	-81.9252	-7	0	17.6333
cav1m17_AQ4-ZINC000010517131-0.pdb	-90.5351	-80.8881	-9.64702	0	22.7037
cav1m17_AQ4-ZINC000010660589-0.pdb	-90.3838	-82.748	-7.63587	0	18.2333
cav1m17_AQ4-ZINC000010959022-0.pdb	-83.5811	-78.0579	-5.52317	0	22.8846
cav1m17_AQ4-ZINC000010961212-0.pdb	-88.2399	-74.7903	-13.4495	0	18.9259
cav1m17_AQ4-ZINC000010961309-0.pdb	-85.2259	-73.3808	-11.8451	0	20.92
cav1m17_AQ4-ZINC000011246799-0.pdb	-99.4617	-94.5127	-4.94892	0	21.6207
cav1m17_AQ4-ZINC000011469890-0.pdb	-91.6929	-84.8442	-6.84864	0	18.8966
cav1m17_AQ4-ZINC000011663472-0.pdb	-84.85	-76.1641	-8.68586	0	16.4
cav1m17_AQ4-ZINC000011663721-0.pdb	-103.401	-89.8102	-13.5908	0	23
cav1m17_AQ4-ZINC000011723502-0.pdb	-92.4813	-81.1017	-11.3797	0	19.8077
cav1m17_AQ4-ZINC000012088147-0.pdb	-97.0724	-78.6011	-18.4712	0	18.5667
cav1m17_AQ4-ZINC000012113825-0.pdb	-78.2143	-70.0293	-8.18499	0	22.1905
cav1m17_AQ4-ZINC000012227171-0.pdb	-81.486	-75.5844	-5.90163	0	20.2609
cav1m17_AQ4-ZINC000012227301-0.pdb	-95.9917	-94.5042	-1.48749	0	21.6786
cav1m17_AQ4-ZINC000012227509-0.pdb	-72.9228	-68.7815	-4.14136	0	21
cav1m17_AQ4-ZINC000012300862-0.pdb	-106.249	-100.732	-5.51767	0	21.3871
cav1m17_AQ4-ZINC000012438507-0.pdb	-91.0366	-84.0366	-7	0	20.6296
cav1m17_AQ4-ZINC000012447059-0.pdb	-93.9385	-90.4385	-3.5	0	22.6071
cav1m17_AQ4-ZINC000012499064-0.pdb	-90.4146	-81.3097	-9.10488	0	19.4231
cav1m17_AQ4-ZINC000012506997-0.pdb	-81.8395	-71.8951	-9.94438	0	23.3333
cav1m17_AQ4-ZINC000012507701-0.pdb	-83.5982	-66.4477	-17.1504	0	22.5417
cav1m17_AQ4-ZINC000012520766-0.pdb	-102.654	-77.8281	-24.8261	0	18.6897
cav1m17_AQ4-ZINC000012525357-0.pdb	-81.684	-78.184	-3.5	0	19.68
cav1m17_AQ4-ZINC000012537580-0.pdb	-92.7775	-81.5008	-11.2767	0	23.2222
cav1m17_AQ4-ZINC000012540867-0.pdb	-91.7571	-88.3689	-3.38814	0	21.4074
cav1m17_AQ4-ZINC000012551240-0.pdb	-85.068	-76.8845	-8.18353	0	20.96
cav1m17_AQ4-ZINC000012559676-0.pdb	-82.0196	-68.3604	-13.6592	0	18.0435
cav1m17_AQ4-ZINC000012604410-0.pdb	-88.3756	-81.7706	-6.60501	0	17.4375
cav1m17_AQ4-ZINC000012633294-0.pdb	-107.841	-96.9248	-10.9162	0	17.7813
cav1m17_AQ4-ZINC000012644279-0.pdb	-88.6397	-81.7888	-6.85087	0	19.4074
cav1m17_AQ4-ZINC000012736774-0.pdb	-105.898	-97.5301	-8.3676	0	21.3871
cav1m17_AQ4-ZINC000012739272-0.pdb	-109.684	-102.768	-6.91604	0	20.5938
cav1m17_AQ4-ZINC000012739284-0.pdb	-114.85	-91.8783	-22.9718	0	19.0909
cav1m17_AQ4-ZINC000012766330-0.pdb	-94.2165	-91.9304	-2.28614	0	21.7143
cav1m17_AQ4-ZINC000012766865-0.pdb	-97.3367	-84.6816	-12.655	0	20.4074
cav1m17_AQ4-ZINC000012769772-0.pdb	-86.2365	-82.7365	-3.5	0	22.28
cav1m17_AQ4-ZINC000012780830-0.pdb	-76.9189	-62.4982	-14.4207	0	23.1429
cav1m17_AQ4-ZINC000012784540-0.pdb	-87.6913	-75.6715	-12.0198	0	21.2917
cav1m17_AQ4-ZINC000012785336-0.pdb	-87.0311	-78.335	-8.69607	0	20.4231
cav1m17_AQ4-ZINC000012791393-0.pdb	-99.69	-84.3938	-15.2962	0	24.76
cav1m17_AQ4-ZINC000012793511-0.pdb	-87.4207	-76.394	-11.0267	0	19.1852
cav1m17_AQ4-ZINC000012799321-0.pdb	-82.631	-79.131	-3.5	0	23.56
cav1m17_AQ4-ZINC000012846047-0.pdb	-90.1026	-71.362	-18.7405	0	20.3077
cav1m17_AQ4-ZINC000012865006-0.pdb	-94.9783	-87.8206	-7.15771	0	20.6207
cav1m17_AQ4-ZINC000012875073-0.pdb	-69.2126	-62.7476	-6.46498	0	20.7895
cav1m17_AQ4-ZINC000012876622-0.pdb	-86.44	-75.6316	-10.8084	0	18.2308
cav1m17_AQ4-ZINC000012879863-0.pdb	-92.9943	-82.4943	-10.5	0	24.7917
cav1m17_AQ4-ZINC000012895942-0.pdb	-81.696	-60.3296	-21.3664	0	20.3333
cav1m17_AQ4-ZINC000012901595-0.pdb	-101.393	-92.6282	-8.76464	0	19.5517
cav1m17_AQ4-ZINC000012906698-0.pdb	-81.9251	-73.6128	-8.31236	0	17.5714
cav1m17_AQ4-ZINC000012906703-0.pdb	-73.9972	-72.0507	-1.9465	0	16.8519
cav1m17_AQ4-ZINC000012926767-0.pdb	-100.164	-84.6641	-15.5	0	18.5313
cav1m17_AQ4-ZINC000012929854-0.pdb	-86.2044	-74.9573	-11.2471	0	17.25
cav1m17_AQ4-ZINC000012929860-0.pdb	-95.3861	-84.9871	-10.399	0	20
cav1m17_AQ4-ZINC000012929867-0.pdb	-112.046	-94.4482	-17.5978	0	21.1379
cav1m17_AQ4-ZINC000012981102-0.pdb	-85.025	-83.7739	-1.25114	0	20.4074
cav1m17_AQ4-ZINC000013008325-0.pdb	-93.6102	-84.0307	-9.57953	0	20.3846
cav1m17_AQ4-ZINC000013010849-0.pdb	-96.581	-87.3161	-9.26497	0	20.1111
cav1m17_AQ4-ZINC000013011015-0.pdb	-84.7008	-69.1227	-15.5781	0	24.1304
cav1m17_AQ4-ZINC000013029346-0.pdb	-118.229	-105.03	-13.1993	0	19.9744
cav1m17_AQ4-ZINC000013040023-0.pdb	-88.5458	-81.5458	-7	0	20.12
cav1m17_AQ4-ZINC000013040024-0.pdb	-85.713	-78.8937	-6.81932	0	20.52
cav1m17_AQ4-ZINC000013068416-0.pdb	-90.9904	-87.4904	-3.5	0	19.6897
cav1m17_AQ4-ZINC000013083113-0.pdb	-113.539	-91.1379	-22.4008	0	17.5143
cav1m17_AQ4-ZINC000013083193-0.pdb	-96.8713	-91.5488	-5.32254	0	18.5
cav1m17_AQ4-ZINC000013083200-0.pdb	-97.2787	-88.8879	-8.39081	0	17.9118
cav1m17_AQ4-ZINC000013083615-0.pdb	-92.8602	-65.8572	-27.003	0	17.0333
cav1m17_AQ4-ZINC000013083621-0.pdb	-94.5706	-70.6306	-23.94	0	13.9118
cav1m17_AQ4-ZINC000013083639-0.pdb	-84.3088	-77.8422	-6.46658	0	18.129
cav1m17_AQ4-ZINC000013083681-0.pdb	-96.6431	-76.0684	-20.5747	0	16.8
cav1m17_AQ4-ZINC000013129117-0.pdb	-105.93	-102.43	-3.5	0	20.2727
cav1m17_AQ4-ZINC000013129382-0.pdb	-97.0009	-82.1821	-14.8189	0	18.5313
cav1m17_AQ4-ZINC000013130267-0.pdb	-92.1473	-88.6473	-3.5	0	19.9333
cav1m17_AQ4-ZINC000013148251-0.pdb	-89.5332	-83.302	-6.23117	0	17.7667
cav1m17_AQ4-ZINC000013148443-0.pdb	-89.1918	-82.6086	-6.5832	0	18.3571
cav1m17_AQ4-ZINC000013364724-0.pdb	-98.2656	-83.3155	-14.9501	0	16.7419
cav1m17_AQ4-ZINC000013573024-0.pdb	-80.2725	-69.8552	-10.4173	0	18.6522
cav1m17_AQ4-ZINC000013573026-0.pdb	-77.635	-67.135	-10.5	0	20.3913
cav1m17_AQ4-ZINC000013602715-0.pdb	-86.8373	-83.3373	-3.5	0	23.2083
cav1m17_AQ4-ZINC000013636535-0.pdb	-93.9772	-83.4772	-10.5	0	19
cav1m17_AQ4-ZINC000013640572-0.pdb	-116.904	-106.496	-10.4078	0	20.3824
cav1m17_AQ4-ZINC000013641455-0.pdb	-105.788	-87.2487	-18.5394	0	20.3793
cav1m17_AQ4-ZINC000013641517-0.pdb	-100.408	-82.4408	-17.9674	0	17.6774
cav1m17_AQ4-ZINC000013644362-0.pdb	-86.1068	-82.6068	-3.5	0	20.3462
cav1m17_AQ4-ZINC000013644467-0.pdb	-83.0302	-79.5302	-3.5	0	21.8333
cav1m17_AQ4-ZINC000013686899-0.pdb	-90.0479	-78.0152	-12.0327	0	21.8333
cav1m17_AQ4-ZINC000013691769-0.pdb	-92.1815	-84.0749	-8.10656	0	23.16
cav1m17_AQ4-ZINC000013719236-0.pdb	-84.4806	-77.1861	-7.29447	0	24.913
cav1m17_AQ4-ZINC000013724658-0.pdb	-103.217	-96.7598	-6.45753	0	22.3929
cav1m17_AQ4-ZINC000013731973-0.pdb	-92.3629	-84.0212	-8.34171	0	18.2593
cav1m17_AQ4-ZINC000013959213-0.pdb	-104.202	-94.5841	-9.61814	0	18.3125
cav1m17_AQ4-ZINC000013959910-0.pdb	-103.769	-96.8683	-6.90038	0	20.625
cav1m17_AQ4-ZINC000013960930-0.pdb	-98.2506	-85.0921	-13.1585	0	16.6111
cav1m17_AQ4-ZINC000013961143-0.pdb	-93.2418	-90.8926	-2.34922	0	19.1667
cav1m17_AQ4-ZINC000013961191-0.pdb	-116.466	-112.966	-3.5	0	20.1282
cav1m17_AQ4-ZINC000013961192-0.pdb	-117.817	-109.154	-8.66241	0	18.359
cav1m17_AQ4-ZINC000013961194-0.pdb	-106.968	-78.3305	-28.6373	0	16.6923
cav1m17_AQ4-ZINC000013961199-0.pdb	-108.361	-102.582	-5.77963	0	17.9211
cav1m17_AQ4-ZINC000013961206-0.pdb	-108.739	-103.171	-5.56867	0	17.9459
cav1m17_AQ4-ZINC000013961241-0.pdb	-88.4324	-70.0857	-18.3467	0	21.9286
cav1m17_AQ4-ZINC000013961343-0.pdb	-90.737	-80.7353	-10.0017	0	17.5294
cav1m17_AQ4-ZINC000013961374-0.pdb	-98.9786	-84.7291	-14.2494	0	19.2424
cav1m17_AQ4-ZINC000013961449-0.pdb	-110.581	-100.213	-10.3683	0	19.2857
cav1m17_AQ4-ZINC000014077714-0.pdb	-70.6596	-67.2528	-3.40675	0	21.6111
cav1m17_AQ4-ZINC000014092689-0.pdb	-66.0403	-59.0403	-7	0	17.5714
cav1m17_AQ4-ZINC000014197924-0.pdb	-115.483	-109.087	-6.39682	0	21.6857
cav1m17_AQ4-ZINC000014207962-0.pdb	-92.6425	-80.5049	-12.1376	0	24.125
cav1m17_AQ4-ZINC000014210784-0.pdb	-80.7491	-70.738	-10.011	0	20.5
cav1m17_AQ4-ZINC000014212072-0.pdb	-85.6414	-79.7159	-5.92552	0	23.7273
cav1m17_AQ4-ZINC000014235278-0.pdb	-94.5357	-81.1735	-13.3623	0	22.32
cav1m17_AQ4-ZINC000014236864-0.pdb	-104.917	-91.081	-13.8355	0	20.0667
cav1m17_AQ4-ZINC000014241267-0.pdb	-96.4674	-83.8436	-12.6238	0	22.3704
cav1m17_AQ4-ZINC000014241575-0.pdb	-92.7917	-76.7526	-16.0391	0	19.7778
cav1m17_AQ4-ZINC000014279753-0.pdb	-94.8872	-71.0094	-23.8778	0	21.64
cav1m17_AQ4-ZINC000014814541-0.pdb	-84.4671	-74.1033	-10.3638	0	22.3913
cav1m17_AQ4-ZINC000015113565-0.pdb	-78.9732	-76.348	-2.62522	0	21.75
cav1m17_AQ4-ZINC000015141080-0.pdb	-101.09	-89.2664	-11.8233	0	20.2222
cav1m17_AQ4-ZINC000015141081-0.pdb	-100.071	-79.4072	-20.664	0	18.8889
cav1m17_AQ4-ZINC000015154022-0.pdb	-88.747	-81.8828	-6.86418	0	21.64
cav1m17_AQ4-ZINC000015163627-0.pdb	-86.4834	-78.0356	-8.44776	0	18.0741
cav1m17_AQ4-ZINC000015414016-0.pdb	-101.071	-87.916	-13.1555	0	21.1429
cav1m17_AQ4-ZINC000015414019-0.pdb	-96.0605	-88.5917	-7.46886	0	21.7857
cav1m17_AQ4-ZINC000015414252-0.pdb	-99.7449	-87.7449	-12	0	18
cav1m17_AQ4-ZINC000015414267-0.pdb	-85.921	-78.921	-7	0	15.9706
cav1m17_AQ4-ZINC000015593800-0.pdb	-88.3605	-68.958	-19.4025	0	22.8636
cav1m17_AQ4-ZINC000015780355-0.pdb	-82.3868	-78.899	-3.48783	0	21.8261
cav1m17_AQ4-ZINC000015786665-0.pdb	-84.3542	-64.8737	-19.4805	0	23.8
cav1m17_AQ4-ZINC000015840941-0.pdb	-92.1349	-86.351	-5.78389	0	21.963
cav1m17_AQ4-ZINC000015922165-0.pdb	-90.8702	-69.0428	-21.8274	0	26.35
cav1m17_AQ4-ZINC000016162616-0.pdb	-101.157	-90.0406	-11.1162	0	21.4231
cav1m17_AQ4-ZINC000016291028-0.pdb	-131.271	-104.912	-26.3595	0	19.5263
cav1m17_AQ4-ZINC000016426069-0.pdb	-95.3926	-84.8926	-10.5	0	18.2813
cav1m17_AQ4-ZINC000016599785-0.pdb	-107.26	-103.991	-3.26831	0	19.75
cav1m17_AQ4-ZINC000016689840-0.pdb	-104.357	-80.5145	-23.8427	0	24.5714
cav1m17_AQ4-ZINC000016942726-0.pdb	-118.395	-102.678	-15.7162	0	22
cav1m17_AQ4-ZINC000016944482-0.pdb	-99.6732	-81.0541	-18.6191	0	18.3438
cav1m17_AQ4-ZINC000016994171-0.pdb	-83.5441	-83.5441	0	0	20.8462
cav1m17_AQ4-ZINC000017026449-0.pdb	-97.7824	-97.7824	0	0	23.6923
cav1m17_AQ4-ZINC000017026451-0.pdb	-83.9704	-79.8516	-4.11876	0	22.1538
cav1m17_AQ4-ZINC000017026453-0.pdb	-93.2861	-86.2861	-7	0	21.4615
cav1m17_AQ4-ZINC000017026455-0.pdb	-84.5842	-74.5175	-10.0666	0	21.16
cav1m17_AQ4-ZINC000017071253-0.pdb	-76.2386	-68.33	-7.9086	0	18
cav1m17_AQ4-ZINC000017075265-0.pdb	-78.7542	-61.9937	-16.7604	0	20.2963
cav1m17_AQ4-ZINC000017077058-0.pdb	-91.6429	-88.1429	-3.5	0	20.6429
cav1m17_AQ4-ZINC000017088446-0.pdb	-92.4688	-87.2402	-5.22867	0	21.0357
cav1m17_AQ4-ZINC000017093359-0.pdb	-101.255	-96.7351	-4.52012	0	22.2667
cav1m17_AQ4-ZINC000017093953-0.pdb	-92.9507	-92.9507	0	0	20.875
cav1m17_AQ4-ZINC000017094907-0.pdb	-95.5665	-89.1652	-6.4013	0	19.0625
cav1m17_AQ4-ZINC000017097074-0.pdb	-103.831	-94.55	-9.281	0	21.9688
cav1m17_AQ4-ZINC000017099436-0.pdb	-95.6277	-87.8888	-7.73888	0	19.6333
cav1m17_AQ4-ZINC000017121529-0.pdb	-88.829	-88.829	0	0	21.4615
cav1m17_AQ4-ZINC000017121534-0.pdb	-86.231	-82.7606	-3.47038	0	21.1923
cav1m17_AQ4-ZINC000017121577-0.pdb	-90.1005	-83.5541	-6.54649	0	20.5556
cav1m17_AQ4-ZINC000017121591-0.pdb	-87.8332	-71.8348	-15.9984	0	17.2143
cav1m17_AQ4-ZINC000017137695-0.pdb	-81.5655	-65.6966	-15.869	0	25.7368
cav1m17_AQ4-ZINC000017179938-0.pdb	-88.9384	-83.8205	-5.11788	0	19.5385
cav1m17_AQ4-ZINC000017196681-0.pdb	-93.4535	-81.2898	-12.1637	0	21.037
cav1m17_AQ4-ZINC000017270456-0.pdb	-95.0584	-80.507	-14.5515	0	17.4839
cav1m17_AQ4-ZINC000017287552-0.pdb	-89.3506	-82.1498	-7.20078	0	19.5385
cav1m17_AQ4-ZINC000017306894-0.pdb	-84.6471	-78.7728	-5.87428	0	24.0417
cav1m17_AQ4-ZINC000017308039-0.pdb	-94.8802	-92.7512	-2.12901	0	21.4815
cav1m17_AQ4-ZINC000017418716-0.pdb	-109.303	-102.77	-6.53252	0	19.7188
cav1m17_AQ4-ZINC000017729716-0.pdb	-92.9276	-92.9276	0	0	20.0357
cav1m17_AQ4-ZINC000018173147-0.pdb	-85.4579	-78.8091	-6.64883	0	19.1852
cav1m17_AQ4-ZINC000018222017-0.pdb	-106.023	-89.2308	-16.7918	0	23.5185
cav1m17_AQ4-ZINC000019077185-0.pdb	-81.7899	-64.694	-17.0959	0	23.1364
cav1m17_AQ4-ZINC000019078030-0.pdb	-80.829	-77.7366	-3.09238	0	16.7419
cav1m17_AQ4-ZINC000019078052-0.pdb	-100.256	-90.4703	-9.78613	0	21.7241
cav1m17_AQ4-ZINC000019078310-0.pdb	-110.231	-101.731	-8.5	0	21.9355
cav1m17_AQ4-ZINC000019078415-0.pdb	-92.7317	-73.9781	-18.7536	0	17.7742
cav1m17_AQ4-ZINC000019078653-0.pdb	-86.8782	-63.4101	-23.4681	0	25.9565
cav1m17_AQ4-ZINC000019079753-0.pdb	-79.3801	-68.6701	-10.71	0	23.65
cav1m17_AQ4-ZINC000019103733-0.pdb	-85.962	-64.9935	-20.9685	0	18.12
cav1m17_AQ4-ZINC000019109668-0.pdb	-96.2266	-85.7818	-10.4448	0	21.9259
cav1m17_AQ4-ZINC000019116553-0.pdb	-85.9385	-69.5308	-16.4077	0	21.4545
cav1m17_AQ4-ZINC000019143211-0.pdb	-116.277	-98.6771	-17.6	0	20
cav1m17_AQ4-ZINC000019143214-0.pdb	-124.942	-102.183	-22.7592	0	21.7222
cav1m17_AQ4-ZINC000019521739-0.pdb	-103.4	-79.7532	-23.6467	0	25.0952
cav1m17_AQ4-ZINC000019643576-0.pdb	-91.5407	-88.0407	-3.5	0	16
cav1m17_AQ4-ZINC000019714883-0.pdb	-74.1037	-60.2485	-13.8553	0	16.4643
cav1m17_AQ4-ZINC000019717583-0.pdb	-99.5449	-96.688	-2.85691	0	21.0625
cav1m17_AQ4-ZINC000019718456-0.pdb	-95.2211	-95.2211	0	0	21.0645
cav1m17_AQ4-ZINC000019948516-0.pdb	-80.8927	-72.971	-7.9217	0	27.4211
cav1m17_AQ4-ZINC000020182021-0.pdb	-92.0147	-84.4685	-7.54621	0	19.7931
cav1m17_AQ4-ZINC000020213446-0.pdb	-96.6568	-93.5051	-3.1517	0	18.0625
cav1m17_AQ4-ZINC000020215299-0.pdb	-105.929	-102.429	-3.5	0	18.6579
cav1m17_AQ4-ZINC000020215301-0.pdb	-111.687	-99.6866	-12	0	18.1053
cav1m17_AQ4-ZINC000020343063-0.pdb	-94.4128	-73.9354	-20.4774	0	21.3478
cav1m17_AQ4-ZINC000020355988-0.pdb	-101.033	-88.9932	-12.0399	0	17.8125
cav1m17_AQ4-ZINC000020356008-0.pdb	-113.758	-99.9471	-13.8111	0	19.6875
cav1m17_AQ4-ZINC000020606494-0.pdb	-109.024	-80.2469	-28.7773	0	18.1389
cav1m17_AQ4-ZINC000020615748-0.pdb	-94.252	-86.4729	-7.77913	0	20.0968
cav1m17_AQ4-ZINC000020661985-0.pdb	-81.6171	-72.319	-9.29813	0	19.16
cav1m17_AQ4-ZINC000020661995-0.pdb	-100.555	-97.0546	-3.5	0	20.2188
cav1m17_AQ4-ZINC000020661997-0.pdb	-84.0904	-72.8657	-11.2247	0	20.625
cav1m17_AQ4-ZINC000020669229-0.pdb	-110.406	-93.3254	-17.0809	0	21.8438
cav1m17_AQ4-ZINC000020774706-0.pdb	-111.081	-103.581	-7.5	0	23.1515
cav1m17_AQ4-ZINC000020917168-0.pdb	-101.674	-94.6737	-7	0	18.6774
cav1m17_AQ4-ZINC000021657854-0.pdb	-105.974	-92.8761	-13.0983	0	20.6667
cav1m17_AQ4-ZINC000021661438-0.pdb	-79.6171	-69.1782	-10.4389	0	18.3636
cav1m17_AQ4-ZINC000021673992-0.pdb	-90.8114	-77.2099	-13.6015	0	20.4
cav1m17_AQ4-ZINC000021826644-0.pdb	-86.5894	-81.819	-4.77045	0	18.2143
cav1m17_AQ4-ZINC000021832166-0.pdb	-96.0914	-92.5914	-3.5	0	21.8077
cav1m17_AQ4-ZINC000021841861-0.pdb	-89.7016	-80.4305	-9.27114	0	18.1667
cav1m17_AQ4-ZINC000022023048-0.pdb	-87.8377	-87.8377	0	0	19.0606
cav1m17_AQ4-ZINC000022052515-0.pdb	-99.3259	-91.3435	-7.98242	0	15.5405
cav1m17_AQ4-ZINC000022052519-0.pdb	-96.6728	-92.4153	-4.25753	0	16.7297
cav1m17_AQ4-ZINC000022052595-0.pdb	-100.357	-95.3164	-5.04069	0	18.0526
cav1m17_AQ4-ZINC000022052600-0.pdb	-113.568	-106.178	-7.38998	0	18.6579
cav1m17_AQ4-ZINC000022052790-0.pdb	-112.901	-109.401	-3.5	0	19.8378
cav1m17_AQ4-ZINC000022052794-0.pdb	-94.4812	-91.9812	-2.5	0	16.5946
cav1m17_AQ4-ZINC000022052924-0.pdb	-98.8501	-93.1099	-5.74017	0	16.7368
cav1m17_AQ4-ZINC000022052929-0.pdb	-100.025	-92.2379	-7.78678	0	18.5789
cav1m17_AQ4-ZINC000022139860-0.pdb	-103.975	-88.8996	-15.0752	0	18.9375
cav1m17_AQ4-ZINC000022292300-0.pdb	-91.2028	-78.8662	-12.3366	0	25.7273
cav1m17_AQ4-ZINC000022389307-0.pdb	-103.694	-78.8002	-24.8938	0	20
cav1m17_AQ4-ZINC000022389309-0.pdb	-94.3405	-90.8935	-3.44699	0	21.5357
cav1m17_AQ4-ZINC000022405559-0.pdb	-90.1013	-79.6013	-10.5	0	20.2963
cav1m17_AQ4-ZINC000022475775-0.pdb	-90.3054	-79.988	-10.3174	0	21.4
cav1m17_AQ4-ZINC000022565059-0.pdb	-100.276	-89.751	-10.5251	0	18.8235
cav1m17_AQ4-ZINC000022735944-0.pdb	-93.2845	-81.0669	-12.2176	0	17.8125
cav1m17_AQ4-ZINC000022735948-0.pdb	-97.8424	-81.0745	-16.768	0	18.4286
cav1m17_AQ4-ZINC000022832761-0.pdb	-111.069	-76.4958	-34.5734	0	21.4444
cav1m17_AQ4-ZINC000022834913-0.pdb	-106.087	-95.0784	-11.0083	0	19.5556
cav1m17_AQ4-ZINC000022834916-0.pdb	-91.3819	-89.4996	-1.88229	0	17.3056
cav1m17_AQ4-ZINC000022837590-0.pdb	-101.258	-93.778	-7.48019	0	22.6364
cav1m17_AQ4-ZINC000022838233-0.pdb	-88.186	-74.2334	-13.9526	0	19.9615
cav1m17_AQ4-ZINC000022838343-0.pdb	-107.917	-85.8719	-22.0451	0	20.6071
cav1m17_AQ4-ZINC000022861569-0.pdb	-76.2993	-62.9045	-13.3947	0	18.0952
cav1m17_AQ4-ZINC000023007737-0.pdb	-86.9384	-70.786	-16.1524	0	24.1
cav1m17_AQ4-ZINC000023043302-0.pdb	-89.8697	-75.6362	-14.2336	0	19.1538
cav1m17_AQ4-ZINC000023380915-0.pdb	-83.4245	-78.1914	-5.23308	0	21.56
cav1m17_AQ4-ZINC000023618955-0.pdb	-77.8178	-67.0016	-10.8162	0	22.3333
cav1m17_AQ4-ZINC000023692860-0.pdb	-106.727	-88.2763	-18.4509	0	21.7778
cav1m17_AQ4-ZINC000023881741-0.pdb	-86.3007	-82.8007	-3.5	0	20.0357
cav1m17_AQ4-ZINC000024040871-0.pdb	-89.2795	-82.0501	-7.22946	0	19.5
cav1m17_AQ4-ZINC000024466255-0.pdb	-99.7821	-84.7144	-15.0678	0	24.1786
cav1m17_AQ4-ZINC000024748893-0.pdb	-106.099	-95.6399	-10.4587	0	24.6538
cav1m17_AQ4-ZINC000024841625-0.pdb	-100.333	-93.3334	-7	0	19.1875
cav1m17_AQ4-ZINC000024904626-0.pdb	-103.026	-85.5264	-17.4994	0	21.4643
cav1m17_AQ4-ZINC000024991580-0.pdb	-91.3835	-87.8835	-3.5	0	21.1538
cav1m17_AQ4-ZINC000025043241-0.pdb	-90.6032	-79.6726	-10.9306	0	20.9286
cav1m17_AQ4-ZINC000025051220-0.pdb	-84.7726	-83.7886	-0.984047	0	20.68
cav1m17_AQ4-ZINC000025171187-0.pdb	-102.476	-92.1936	-10.2823	0	21.129
cav1m17_AQ4-ZINC000025285431-0.pdb	-92.0632	-82.0098	-10.0534	0	21.963
cav1m17_AQ4-ZINC000025523030-0.pdb	-78.3247	-63.8838	-14.4409	0	23.7368
cav1m17_AQ4-ZINC000025567266-0.pdb	-84.0221	-72.4467	-11.5755	0	21.1364
cav1m17_AQ4-ZINC000025567267-0.pdb	-78.4731	-73.0255	-5.44759	0	21.6818
cav1m17_AQ4-ZINC000025748465-0.pdb	-82.6982	-78.4351	-4.2631	0	18.9643
cav1m17_AQ4-ZINC000025748635-0.pdb	-87.2444	-87.2444	0	0	20.3793
cav1m17_AQ4-ZINC000026235604-0.pdb	-111.691	-98.1417	-13.5489	0	21.5161
cav1m17_AQ4-ZINC000026692224-0.pdb	-86.5376	-70.9775	-15.5602	0	19.4348
cav1m17_AQ4-ZINC000026694925-0.pdb	-75.1389	-62.2404	-12.8985	0	21
cav1m17_AQ4-ZINC000026703492-0.pdb	-88.6968	-73.8357	-14.861	0	23.5455
cav1m17_AQ4-ZINC000026779863-0.pdb	-85.0357	-81.5357	-3.5	0	17.8276
cav1m17_AQ4-ZINC000026779870-0.pdb	-85.5947	-79.5947	-6	0	19.3462
cav1m17_AQ4-ZINC000026871703-0.pdb	-79.2709	-68.909	-10.3619	0	19.2727
cav1m17_AQ4-ZINC000027041022-0.pdb	-82.5416	-71.5461	-10.9955	0	23.2857
cav1m17_AQ4-ZINC000027299063-0.pdb	-87.8165	-85.3165	-2.5	0	19.1
cav1m17_AQ4-ZINC000027666404-0.pdb	-87.7904	-84.2904	-3.5	0	18.5357
cav1m17_AQ4-ZINC000027666406-0.pdb	-89.8805	-86.3805	-3.5	0	19.9286
cav1m17_AQ4-ZINC000027666408-0.pdb	-83.8887	-77.1649	-6.7238	0	20.3478
cav1m17_AQ4-ZINC000027666410-0.pdb	-84.2991	-78.267	-6.03216	0	21.3913
cav1m17_AQ4-ZINC000027666411-0.pdb	-89.8535	-82.8535	-7	0	21.1154
cav1m17_AQ4-ZINC000027666413-0.pdb	-94.9447	-77.9793	-16.9654	0	20.0417
cav1m17_AQ4-ZINC000027666414-0.pdb	-88.8265	-79.9544	-8.8721	0	20.7083
cav1m17_AQ4-ZINC000027666416-0.pdb	-83.9568	-70.7398	-13.217	0	20.5652
cav1m17_AQ4-ZINC000027666418-0.pdb	-85.5715	-78.5715	-7	0	22.0833
cav1m17_AQ4-ZINC000027666419-0.pdb	-82.9863	-74.2507	-8.73563	0	18.8462
cav1m17_AQ4-ZINC000027666421-0.pdb	-88.0075	-82.0075	-6	0	18.6667
cav1m17_AQ4-ZINC000027666423-0.pdb	-95.503	-87.8558	-7.64715	0	21
cav1m17_AQ4-ZINC000027666425-0.pdb	-94.7364	-81.3829	-13.3534	0	18.8889
cav1m17_AQ4-ZINC000027666426-0.pdb	-87.1514	-74.3168	-12.8346	0	17.7778
cav1m17_AQ4-ZINC000027666428-0.pdb	-88.9561	-83.6674	-5.28874	0	20.4615
cav1m17_AQ4-ZINC000027666429-0.pdb	-99.6798	-93.7612	-5.91859	0	20.7
cav1m17_AQ4-ZINC000027666431-0.pdb	-97.11	-91.3038	-5.80612	0	22.7407
cav1m17_AQ4-ZINC000027666433-0.pdb	-96.0635	-84.763	-11.3005	0	19.9643
cav1m17_AQ4-ZINC000027666435-0.pdb	-99.169	-88.8196	-10.3494	0	20.6429
cav1m17_AQ4-ZINC000027666436-0.pdb	-93.1138	-83.4261	-9.68773	0	19.1071
cav1m17_AQ4-ZINC000027666438-0.pdb	-93.7135	-84.628	-9.08556	0	20.6296
cav1m17_AQ4-ZINC000027666440-0.pdb	-95.2767	-83.4929	-11.7838	0	18.6429
cav1m17_AQ4-ZINC000027666441-0.pdb	-102.775	-94.1997	-8.57516	0	19
cav1m17_AQ4-ZINC000027666443-0.pdb	-94.0254	-85.8152	-8.21016	0	19.0938
cav1m17_AQ4-ZINC000027666445-0.pdb	-95.4691	-86.6376	-8.83159	0	17.7188
cav1m17_AQ4-ZINC000027666447-0.pdb	-86.745	-83.245	-3.5	0	20.5806
cav1m17_AQ4-ZINC000027666449-0.pdb	-91.0547	-84.6597	-6.39506	0	21.4643
cav1m17_AQ4-ZINC000027666450-0.pdb	-91.4264	-88.9431	-2.48336	0	23.16
cav1m17_AQ4-ZINC000027666452-0.pdb	-99.3039	-92.3053	-6.99864	0	18.25
cav1m17_AQ4-ZINC000027666454-0.pdb	-84.0683	-71.9816	-12.0867	0	20.5
cav1m17_AQ4-ZINC000027666456-0.pdb	-89.2705	-84.8124	-4.45802	0	21.24
cav1m17_AQ4-ZINC000027666457-0.pdb	-84.84	-76.7968	-8.04321	0	19.9615
cav1m17_AQ4-ZINC000027666459-0.pdb	-90.0477	-80.7845	-9.26326	0	19.8148
cav1m17_AQ4-ZINC000027666461-0.pdb	-90.8045	-78.902	-11.9025	0	20
cav1m17_AQ4-ZINC000027666463-0.pdb	-89.8616	-79.4712	-10.3904	0	19.8148
cav1m17_AQ4-ZINC000027666464-0.pdb	-92.5344	-78.6991	-13.8353	0	19.4815
cav1m17_AQ4-ZINC000027666466-0.pdb	-84.1685	-75.3489	-8.81958	0	19.7778
cav1m17_AQ4-ZINC000027666468-0.pdb	-96.3439	-89.4297	-6.91413	0	21.4444
cav1m17_AQ4-ZINC000027666470-0.pdb	-84.763	-77.763	-7	0	21.2917
cav1m17_AQ4-ZINC000027795902-0.pdb	-85.038	-81.9861	-3.05189	0	24.5
cav1m17_AQ4-ZINC000027977100-0.pdb	-93.2761	-85.0048	-8.27131	0	23.2222
cav1m17_AQ4-ZINC000027983162-0.pdb	-78.2551	-71.2551	-7	0	20.6522
cav1m17_AQ4-ZINC000028222217-0.pdb	-76.1644	-72.6644	-3.5	0	20.6522
cav1m17_AQ4-ZINC000028223907-0.pdb	-80.6932	-69.7964	-10.8968	0	21.2727
cav1m17_AQ4-ZINC000028224647-0.pdb	-81.3781	-61.987	-19.3911	0	22.4091
cav1m17_AQ4-ZINC000028251774-0.pdb	-101.251	-88.251	-13	0	21.5862
cav1m17_AQ4-ZINC000028296489-0.pdb	-91.5619	-80.7703	-10.7917	0	19.8929
cav1m17_AQ4-ZINC000029121957-0.pdb	-110.79	-91.1534	-19.6365	0	19.0323
cav1m17_AQ4-ZINC000030526632-0.pdb	-85.6147	-75.486	-10.1287	0	17.2667
cav1m17_AQ4-ZINC000030587613-0.pdb	-75.8811	-58.0475	-17.8336	0	21.05
cav1m17_AQ4-ZINC000030587615-0.pdb	-95.9535	-74.6776	-21.2759	0	21.2083
cav1m17_AQ4-ZINC000030587662-0.pdb	-93.002	-66.938	-26.0639	0	23.5238
cav1m17_AQ4-ZINC000030691817-0.pdb	-96.765	-83.3284	-13.4366	0	23
cav1m17_AQ4-ZINC000031784818-0.pdb	-99.0617	-87.3919	-11.6698	0	19.75
cav1m17_AQ4-ZINC000031785225-0.pdb	-97.534	-93.5234	-4.01062	0	22.6786
cav1m17_AQ4-ZINC000031886264-0.pdb	-96.7532	-93.2532	-3.5	0	17.9688
cav1m17_AQ4-ZINC000031949082-0.pdb	-78.0024	-71.0024	-7	0	19.7727
cav1m17_AQ4-ZINC000032105174-0.pdb	-90.1468	-90.1468	0	0	20.5926
cav1m17_AQ4-ZINC000032508880-0.pdb	-85.2194	-75.8255	-9.39393	0	24.3333
cav1m17_AQ4-ZINC000032508881-0.pdb	-82.4345	-70.9596	-11.475	0	23.4
cav1m17_AQ4-ZINC000032508885-0.pdb	-73.3254	-60.2978	-13.0276	0	19.9048
cav1m17_AQ4-ZINC000032523781-0.pdb	-89.1584	-78.9102	-10.2482	0	25.4
cav1m17_AQ4-ZINC000032550953-0.pdb	-92.5506	-78.613	-13.9376	0	27.1
cav1m17_AQ4-ZINC000032578507-0.pdb	-96.0183	-71.2821	-24.7362	0	24.4762
cav1m17_AQ4-ZINC000032580857-0.pdb	-93.4715	-74.343	-19.1285	0	26.1667
cav1m17_AQ4-ZINC000032610679-0.pdb	-94.0896	-73.0399	-21.0497	0	16.7667
cav1m17_AQ4-ZINC000032648569-0.pdb	-101.776	-93.0584	-8.71737	0	20.1667
cav1m17_AQ4-ZINC000032649981-0.pdb	-86.0838	-65.3447	-20.7392	0	22.0909
cav1m17_AQ4-ZINC000032649987-0.pdb	-82.5514	-72.0514	-10.5	0	21.7619
cav1m17_AQ4-ZINC000032650105-0.pdb	-92.4038	-80.2804	-12.1234	0	22.3077
cav1m17_AQ4-ZINC000032650585-0.pdb	-96.9955	-79.4991	-17.4963	0	25
cav1m17_AQ4-ZINC000032721492-0.pdb	-98.7999	-90.2102	-8.58964	0	21.2222
cav1m17_AQ4-ZINC000032753009-0.pdb	-103.492	-86.0941	-17.3975	0	25.24
cav1m17_AQ4-ZINC000032768213-0.pdb	-100.503	-91.4864	-9.01626	0	19.2353
cav1m17_AQ4-ZINC000032803852-0.pdb	-91.1526	-59.6018	-29.9904	-1.56043	18.6522
cav1m17_AQ4-ZINC000032810684-0.pdb	-95.6422	-86.8453	-8.79686	0	19.4688
cav1m17_AQ4-ZINC000032853423-0.pdb	-85.233	-75.1125	-10.1205	0	23.5714
cav1m17_AQ4-ZINC000032853577-0.pdb	-88.1711	-81.2756	-6.89541	0	22.2174
cav1m17_AQ4-ZINC000032853579-0.pdb	-89.9416	-79.9123	-10.0293	0	23.4783
cav1m17_AQ4-ZINC000032858214-0.pdb	-104.953	-81.2658	-23.6867	0	19.3438
cav1m17_AQ4-ZINC000032869565-0.pdb	-113.592	-94.389	-19.2033	0	19.0625
cav1m17_AQ4-ZINC000032870565-0.pdb	-96.4543	-82.4222	-14.0321	0	21.0714
cav1m17_AQ4-ZINC000032885628-0.pdb	-105.977	-83.6745	-22.302	0	20.0741
cav1m17_AQ4-ZINC000032907699-0.pdb	-92.2362	-81.9636	-10.2726	0	21.9167
cav1m17_AQ4-ZINC000032910901-0.pdb	-99.7442	-96.2442	-3.5	0	21.2333
cav1m17_AQ4-ZINC000032911807-0.pdb	-87.9971	-68.5834	-19.4137	0	20.7917
cav1m17_AQ4-ZINC000032934483-0.pdb	-102.684	-80.7902	-21.8934	0	19.1
cav1m17_AQ4-ZINC000032934485-0.pdb	-108.594	-89.3778	-19.2167	0	23.5
cav1m17_AQ4-ZINC000032983195-0.pdb	-107.114	-102.106	-5.00855	0	18.2973
cav1m17_AQ4-ZINC000032983197-0.pdb	-110.549	-98.5199	-12.0293	0	18.3514
cav1m17_AQ4-ZINC000033067691-0.pdb	-98.0497	-87.7518	-10.2979	0	24.3
cav1m17_AQ4-ZINC000033533813-0.pdb	-82.6755	-72.1755	-10.5	0	21.0435
cav1m17_AQ4-ZINC000034014624-0.pdb	-95.8087	-85.2155	-10.5933	0	20.3548
cav1m17_AQ4-ZINC000035311010-0.pdb	-83.6074	-59.5892	-24.0182	0	19.8095
cav1m17_AQ4-ZINC000035311695-0.pdb	-80.4421	-61.1419	-19.3002	0	23.6316
cav1m17_AQ4-ZINC000035314189-0.pdb	-77.8288	-67.3288	-10.5	0	19.3478
cav1m17_AQ4-ZINC000035606570-0.pdb	-93.7339	-79.9862	-13.7478	0	18.6333
cav1m17_AQ4-ZINC000035615740-0.pdb	-93.7208	-77.2208	-16.5	0	18.6667
cav1m17_AQ4-ZINC000035615742-0.pdb	-93.2786	-87.4884	-5.79024	0	19.6207
cav1m17_AQ4-ZINC000035615745-0.pdb	-99.0908	-82.8044	-16.2864	0	17.875
cav1m17_AQ4-ZINC000035622633-0.pdb	-90.0812	-79.2979	-10.7833	0	21.9231
cav1m17_AQ4-ZINC000035681893-0.pdb	-103.965	-92.8227	-11.1422	0	19
cav1m17_AQ4-ZINC000035681973-0.pdb	-101.455	-87.5225	-13.9321	0	18.2333
cav1m17_AQ4-ZINC000035681975-0.pdb	-103.621	-88.3994	-15.2215	0	18.375
cav1m17_AQ4-ZINC000035681978-0.pdb	-115.873	-102.656	-13.2167	0	21.8571
cav1m17_AQ4-ZINC000035681980-0.pdb	-95.8968	-85.9781	-9.9187	0	18.8889
cav1m17_AQ4-ZINC000035781451-0.pdb	-78.3558	-62.3204	-16.0355	0	23.6842
cav1m17_AQ4-ZINC000035781654-0.pdb	-77.8986	-55.4792	-22.4193	0	24.9444
cav1m17_AQ4-ZINC000036092610-0.pdb	-98.0651	-77.1658	-20.8993	0	20.4231
cav1m17_AQ4-ZINC000036392978-0.pdb	-95.144	-85.0962	-10.0477	0	19.9667
cav1m17_AQ4-ZINC000036395266-0.pdb	-82.6198	-70.2603	-12.3595	0	20.7391
cav1m17_AQ4-ZINC000036395462-0.pdb	-94.901	-88.5508	-6.35027	0	17.7273
cav1m17_AQ4-ZINC000036395699-0.pdb	-92.5476	-78.7877	-13.7599	0	18.6897
cav1m17_AQ4-ZINC000036396655-0.pdb	-99.6088	-92.0213	-7.58749	0	17.7647
cav1m17_AQ4-ZINC000036396656-0.pdb	-108.709	-91.652	-17.057	0	19.7059
cav1m17_AQ4-ZINC000036611941-0.pdb	-93.9132	-87.1227	-6.79059	0	19.3333
cav1m17_AQ4-ZINC000036613206-0.pdb	-91.213	-86.1042	-5.1088	0	18.8
cav1m17_AQ4-ZINC000036613304-0.pdb	-102.908	-90.0319	-12.8763	0	21.3667
cav1m17_AQ4-ZINC000036613360-0.pdb	-93.28	-85.0157	-8.26434	0	21.2857
cav1m17_AQ4-ZINC000036613436-0.pdb	-106.66	-96.901	-9.75911	0	23.0333
cav1m17_AQ4-ZINC000036613551-0.pdb	-105.468	-95.7585	-9.70974	0	21.5667
cav1m17_AQ4-ZINC000036613554-0.pdb	-102.133	-90.9467	-11.1859	0	19.8065
cav1m17_AQ4-ZINC000036613642-0.pdb	-100.223	-82.0083	-18.2148	0	20.8214
cav1m17_AQ4-ZINC000036613643-0.pdb	-86.6892	-64.9399	-21.7494	0	20.5238
cav1m17_AQ4-ZINC000036613673-0.pdb	-107.342	-90.5214	-16.8203	0	18.9091
cav1m17_AQ4-ZINC000036613734-0.pdb	-89.5308	-82.5308	-7	0	20.5185
cav1m17_AQ4-ZINC000036613784-0.pdb	-98.3533	-77.1758	-21.1775	0	18.7931
cav1m17_AQ4-ZINC000036613819-0.pdb	-89.0245	-75.4569	-13.5676	0	18.6667
cav1m17_AQ4-ZINC000036613853-0.pdb	-101.104	-83.8451	-17.2588	0	19.6296
cav1m17_AQ4-ZINC000036613941-0.pdb	-87.7167	-61.9455	-25.7711	0	20.3333
cav1m17_AQ4-ZINC000036614059-0.pdb	-96.4694	-89.1201	-7.34932	0	20.4643
cav1m17_AQ4-ZINC000036614124-0.pdb	-88.7782	-67.128	-21.6503	0	23.5455
cav1m17_AQ4-ZINC000036614221-0.pdb	-80.065	-62.6124	-17.4527	0	19.7143
cav1m17_AQ4-ZINC000036614228-0.pdb	-88.5664	-72.0664	-16.5	0	22.6364
cav1m17_AQ4-ZINC000036614264-0.pdb	-104.053	-93.2515	-10.8013	0	17.1429
cav1m17_AQ4-ZINC000036614299-0.pdb	-90.3316	-82.7464	-7.58526	0	17.6
cav1m17_AQ4-ZINC000036615783-0.pdb	-101.927	-84.7978	-17.1291	0	23.1154
cav1m17_AQ4-ZINC000036615812-0.pdb	-102.399	-86.5091	-15.8895	0	22.9286
cav1m17_AQ4-ZINC000036615860-0.pdb	-99.2195	-85.4695	-13.75	0	20.2
cav1m17_AQ4-ZINC000036615880-0.pdb	-91.1896	-73.0925	-18.097	0	16.3548
cav1m17_AQ4-ZINC000036615892-0.pdb	-96.8265	-91.6501	-5.1764	0	22.9615
cav1m17_AQ4-ZINC000036615924-0.pdb	-90.2937	-74.9107	-15.383	0	18.8667
cav1m17_AQ4-ZINC000036616019-0.pdb	-100.052	-88.0687	-11.9832	0	20.5517
cav1m17_AQ4-ZINC000036616048-0.pdb	-101.57	-85.5993	-15.9706	0	22.1852
cav1m17_AQ4-ZINC000036616135-0.pdb	-107.777	-102.234	-5.54365	0	21.303
cav1m17_AQ4-ZINC000036616152-0.pdb	-90.755	-82.1382	-8.61676	0	18.4333
cav1m17_AQ4-ZINC000036616153-0.pdb	-101.014	-79.8471	-21.1674	0	19.8667
cav1m17_AQ4-ZINC000036616169-0.pdb	-80.2337	-68.5178	-11.7158	0	21.8636
cav1m17_AQ4-ZINC000036616211-0.pdb	-89.8612	-82.4965	-7.36477	0	21.5769
cav1m17_AQ4-ZINC000036616272-0.pdb	-79.5395	-69.0849	-10.4546	0	17.7778
cav1m17_AQ4-ZINC000036616288-0.pdb	-100.113	-93.3114	-6.8019	0	20.625
cav1m17_AQ4-ZINC000036616292-0.pdb	-81.9477	-73.6693	-8.27841	0	17.5556
cav1m17_AQ4-ZINC000036616335-0.pdb	-93.3073	-86.3581	-6.94918	0	22.5556
cav1m17_AQ4-ZINC000036616344-0.pdb	-88.5122	-84.5373	-3.97488	0	20.6296
cav1m17_AQ4-ZINC000036616358-0.pdb	-104.004	-90.4327	-13.5715	0	21.3333
cav1m17_AQ4-ZINC000036616366-0.pdb	-103.275	-86.8444	-16.431	0	20.2759
cav1m17_AQ4-ZINC000036616406-0.pdb	-92.5473	-79.5473	-13	0	18.0345
cav1m17_AQ4-ZINC000036616430-0.pdb	-97.0074	-82.2501	-14.7573	0	19.1379
cav1m17_AQ4-ZINC000036616442-0.pdb	-93.2838	-80.603	-12.6808	0	18.1786
cav1m17_AQ4-ZINC000036616484-0.pdb	-96.8878	-83.8878	-13	0	18.2667
cav1m17_AQ4-ZINC000036616505-0.pdb	-89.9314	-72.5745	-17.3569	0	18.1481
cav1m17_AQ4-ZINC000036616593-0.pdb	-85.5431	-55.3665	-30.1766	0	18.8462
cav1m17_AQ4-ZINC000036616597-0.pdb	-92.1472	-78.202	-13.9452	0	20.0385
cav1m17_AQ4-ZINC000036616642-0.pdb	-93.0796	-78.9995	-14.0801	0	18.5517
cav1m17_AQ4-ZINC000036616655-0.pdb	-93.3727	-86.3727	-7	0	19.037
cav1m17_AQ4-ZINC000036616699-0.pdb	-105.302	-95.9347	-9.36773	0	19.7188
cav1m17_AQ4-ZINC000036616749-0.pdb	-97.1128	-88.055	-9.05782	0	19.8667
cav1m17_AQ4-ZINC000036616815-0.pdb	-92.2845	-75.9648	-16.3197	0	19.7407
cav1m17_AQ4-ZINC000036616853-0.pdb	-91.9776	-73.625	-18.3526	0	16.9375
cav1m17_AQ4-ZINC000036616904-0.pdb	-91.2255	-72.2674	-18.958	0	18.3333
cav1m17_AQ4-ZINC000036616907-0.pdb	-90.303	-78.0943	-12.2088	0	18.6667
cav1m17_AQ4-ZINC000036616914-0.pdb	-86.9728	-84.8772	-2.09562	0	19.8889
cav1m17_AQ4-ZINC000036617375-0.pdb	-82.3161	-76.3669	-5.94921	0	20.7692
cav1m17_AQ4-ZINC000036617410-0.pdb	-94.6485	-79.8813	-14.7672	0	21.9583
cav1m17_AQ4-ZINC000036617465-0.pdb	-95.9226	-77.7404	-18.1821	0	21.4667
cav1m17_AQ4-ZINC000036618372-0.pdb	-104.604	-85.6842	-18.9202	0	19.4138
cav1m17_AQ4-ZINC000036618421-0.pdb	-105.086	-88.2482	-16.8375	0	18.7
cav1m17_AQ4-ZINC000036618530-0.pdb	-112.288	-81.1771	-29.7444	-1.36672	21.8929
cav1m17_AQ4-ZINC000036618533-0.pdb	-108.586	-97.2756	-11.3102	0	21.5484
cav1m17_AQ4-ZINC000036618913-0.pdb	-109.919	-101.021	-8.8975	0	24.2143
cav1m17_AQ4-ZINC000036618930-0.pdb	-101.494	-91.5428	-9.95157	0	20.7419
cav1m17_AQ4-ZINC000036618961-0.pdb	-128.259	-109.614	-18.6451	0	21.75
cav1m17_AQ4-ZINC000036618984-0.pdb	-105.102	-88.6794	-16.4223	0	17.7429
cav1m17_AQ4-ZINC000036619008-0.pdb	-120.251	-93.187	-25.1896	-1.87492	20.3235
cav1m17_AQ4-ZINC000036619044-0.pdb	-113.805	-90.2691	-23.5364	0	21.0588
cav1m17_AQ4-ZINC000036619050-0.pdb	-100.185	-88.6714	-11.514	0	22.5
cav1m17_AQ4-ZINC000036619089-0.pdb	-105.267	-94.5689	-10.6977	0	18.7353
cav1m17_AQ4-ZINC000036619132-0.pdb	-95.0089	-79.1641	-15.8448	0	18.3438
cav1m17_AQ4-ZINC000036619143-0.pdb	-108.203	-94.7856	-13.4176	0	20
cav1m17_AQ4-ZINC000036619160-0.pdb	-108.069	-93.2931	-14.7759	0	17.7568
cav1m17_AQ4-ZINC000036619200-0.pdb	-93.0118	-75.9739	-17.0379	0	21.4
cav1m17_AQ4-ZINC000036619219-0.pdb	-93.2122	-76.2288	-16.9834	0	20.6071
cav1m17_AQ4-ZINC000036619235-0.pdb	-101.386	-83.943	-17.4431	0	15.8824
cav1m17_AQ4-ZINC000036619244-0.pdb	-94.7269	-82.2136	-12.5132	0	20.8333
cav1m17_AQ4-ZINC000036619260-0.pdb	-108.091	-91.9822	-16.1086	0	22.25
cav1m17_AQ4-ZINC000036619267-0.pdb	-82.9192	-77.6836	-5.23555	0	20.6154
cav1m17_AQ4-ZINC000036619283-0.pdb	-122.298	-105.256	-16.1413	-0.900362	21.3143
cav1m17_AQ4-ZINC000036619288-0.pdb	-96.6809	-75.7379	-20.9429	0	21.4643
cav1m17_AQ4-ZINC000036619322-0.pdb	-86.298	-82.798	-3.5	0	19.3571
cav1m17_AQ4-ZINC000036619333-0.pdb	-100.437	-90.9373	-9.5	0	15.7027
cav1m17_AQ4-ZINC000036619347-0.pdb	-87.9833	-67.9952	-19.988	0	21.2692
cav1m17_AQ4-ZINC000036619360-0.pdb	-105.979	-92.1668	-13.6714	-0.141281	20.2059
cav1m17_AQ4-ZINC000036619376-0.pdb	-104.388	-81.6675	-22.7207	0	20.8
cav1m17_AQ4-ZINC000036619385-0.pdb	-91.172	-80.6893	-10.4827	0	18.8214
cav1m17_AQ4-ZINC000036619415-0.pdb	-91.2611	-80.7611	-10.5	0	17.9355
cav1m17_AQ4-ZINC000036619421-0.pdb	-102.521	-84.1194	-18.4011	0	18.7667
cav1m17_AQ4-ZINC000036619447-0.pdb	-96.3823	-83.2988	-13.0835	0	20.8
cav1m17_AQ4-ZINC000036619482-0.pdb	-96.9968	-77.2907	-19.7061	0	22.8077
cav1m17_AQ4-ZINC000036619487-0.pdb	-98.2157	-82.7157	-15.5	0	20
cav1m17_AQ4-ZINC000036619491-0.pdb	-131.704	-97.2892	-32.9845	-1.43014	20.1111
cav1m17_AQ4-ZINC000036619494-0.pdb	-95.7999	-88.8179	-6.98202	0	16.9412
cav1m17_AQ4-ZINC000036619499-0.pdb	-100	-87.3443	-12.6561	0	20.6296
cav1m17_AQ4-ZINC000036619503-0.pdb	-111.12	-100.836	-10.2843	0	18.1111
cav1m17_AQ4-ZINC000036619527-0.pdb	-100.153	-89.1091	-11.0442	0	16.0833
cav1m17_AQ4-ZINC000036619532-0.pdb	-109.916	-90.0251	-19.8909	0	17.5278
cav1m17_AQ4-ZINC000036688997-0.pdb	-96.5591	-89.5657	-6.99342	0	23.3462
cav1m17_AQ4-ZINC000038011998-0.pdb	-84.0313	-74.3013	-9.73001	0	26.2632
cav1m17_AQ4-ZINC000038449853-0.pdb	-107.981	-85.8103	-22.1708	0	18.375
cav1m17_AQ4-ZINC000038486581-0.pdb	-86.0945	-80.2713	-5.82317	0	20.7917
cav1m17_AQ4-ZINC000038653220-0.pdb	-97.807	-78.8244	-18.9826	0	20.3929
cav1m17_AQ4-ZINC000039300628-0.pdb	-111.08	-91.117	-19.9631	0	17.7143
cav1m17_AQ4-ZINC000040040259-0.pdb	-105.673	-96.5278	-9.14474	0	20.0333
cav1m17_AQ4-ZINC000040087707-0.pdb	-88.2788	-79.643	-8.63578	0	21.92
cav1m17_AQ4-ZINC000040128162-0.pdb	-100.617	-80.1617	-20.455	0	19.3333
cav1m17_AQ4-ZINC000040130727-0.pdb	-100.165	-81.2282	-18.9366	0	20.4667
cav1m17_AQ4-ZINC000040135245-0.pdb	-103.579	-97.1705	-6.40854	0	20.7333
cav1m17_AQ4-ZINC000040139261-0.pdb	-86.2669	-76.3847	-9.88221	0	19.2083
cav1m17_AQ4-ZINC000040139262-0.pdb	-80.9296	-72.639	-8.29066	0	18.5385
cav1m17_AQ4-ZINC000040139263-0.pdb	-83.8865	-81.8017	-2.08474	0	18.7857
cav1m17_AQ4-ZINC000040139264-0.pdb	-89.166	-77.9748	-11.1912	0	20.8929
cav1m17_AQ4-ZINC000040139277-0.pdb	-96.8205	-85.8511	-10.9694	0	19.7576
cav1m17_AQ4-ZINC000040139278-0.pdb	-105.338	-93.7464	-11.5921	0	18.5152
cav1m17_AQ4-ZINC000040139284-0.pdb	-85.8949	-73.4971	-12.3979	0	17.76
cav1m17_AQ4-ZINC000040139285-0.pdb	-82.7367	-74.5062	-8.2305	0	19.8
cav1m17_AQ4-ZINC000040144909-0.pdb	-101.101	-92.0508	-9.05005	0	20.0645
cav1m17_AQ4-ZINC000040155574-0.pdb	-98.8367	-88.3932	-10.4435	0	15.9714
cav1m17_AQ4-ZINC000040155579-0.pdb	-87.6445	-80.6445	-7	0	19.3462
cav1m17_AQ4-ZINC000040227528-0.pdb	-80.6027	-69.0711	-11.5316	0	25.3333
cav1m17_AQ4-ZINC000040384499-0.pdb	-93.4878	-83.6279	-9.85986	0	18.1379
cav1m17_AQ4-ZINC000041121003-0.pdb	-82.5246	-64.9462	-17.5784	0	26.5263
cav1m17_AQ4-ZINC000041121030-0.pdb	-84.9483	-61.3667	-23.5816	0	21.2
cav1m17_AQ4-ZINC000041121145-0.pdb	-91.3272	-69.4348	-21.8924	0	24.1
cav1m17_AQ4-ZINC000041121181-0.pdb	-86.4502	-69.0376	-17.4126	0	23.5
cav1m17_AQ4-ZINC000041121193-0.pdb	-84.6034	-67.1334	-17.47	0	25.8125
cav1m17_AQ4-ZINC000041122911-0.pdb	-83.789	-73.3641	-10.4249	0	23.3333
cav1m17_AQ4-ZINC000041122917-0.pdb	-79.7307	-63.6515	-16.0792	0	20.9474
cav1m17_AQ4-ZINC000041122919-0.pdb	-87.0255	-76.8411	-10.1844	0	23.1905
cav1m17_AQ4-ZINC000041123815-0.pdb	-75.1863	-71.6863	-3.5	0	17.92
cav1m17_AQ4-ZINC000041123940-0.pdb	-94.8028	-76.7993	-18.0035	0	20.25
cav1m17_AQ4-ZINC000041127700-0.pdb	-81.6065	-78.1065	-3.5	0	20.1304
cav1m17_AQ4-ZINC000041160105-0.pdb	-79.461	-63.4256	-16.0355	0	24.5263
cav1m17_AQ4-ZINC000041195118-0.pdb	-106.522	-93.0445	-13.4772	0	22.0345
cav1m17_AQ4-ZINC000041195121-0.pdb	-99.9743	-84.5423	-15.432	0	19.0323
cav1m17_AQ4-ZINC000041529337-0.pdb	-89.8686	-80.7368	-9.13178	0	21.72
cav1m17_AQ4-ZINC000041529368-0.pdb	-95.1156	-84.752	-10.3637	0	21.8077
cav1m17_AQ4-ZINC000043203317-0.pdb	-105.681	-83.1765	-22.5041	0	16.2059
cav1m17_AQ4-ZINC000044500808-0.pdb	-115.49	-78.5682	-36.9216	0	20.8889
cav1m17_AQ4-ZINC000044999609-0.pdb	-78.0555	-72.3668	-5.68873	0	17.4231
cav1m17_AQ4-ZINC000046087787-0.pdb	-100.729	-93.7288	-7	0	25.36
cav1m17_AQ4-ZINC000046087793-0.pdb	-78.8731	-66.0444	-12.8287	0	23.4
cav1m17_AQ4-ZINC000046087799-0.pdb	-76.5852	-66.2202	-10.365	0	26
cav1m17_AQ4-ZINC000047457877-0.pdb	-88.6785	-81.6785	-7	0	22.36
cav1m17_AQ4-ZINC000048231334-0.pdb	-99.0598	-80.1907	-18.8691	0	20.4815
cav1m17_AQ4-ZINC000048252221-0.pdb	-75.7189	-68.777	-6.94187	0	22.3333
cav1m17_AQ4-ZINC000048286479-0.pdb	-99.7272	-82.48	-17.2473	0	22.913
cav1m17_AQ4-ZINC000048286695-0.pdb	-95.0365	-81.2653	-13.7712	0	19.2414
cav1m17_AQ4-ZINC000048287225-0.pdb	-100.491	-83.7891	-16.702	0	18.7419
cav1m17_AQ4-ZINC000048299040-0.pdb	-88.0525	-71.0914	-16.9611	0	19.3929
cav1m17_AQ4-ZINC000048332252-0.pdb	-108.686	-87.2885	-21.3972	0	21.2593
cav1m17_AQ4-ZINC000048333276-0.pdb	-87.5796	-55.6099	-31.9697	0	18.64
cav1m17_AQ4-ZINC000048356471-0.pdb	-97.9579	-81.6375	-16.3204	0	19.875
cav1m17_AQ4-ZINC000048571360-0.pdb	-85.5793	-76.3346	-9.24467	0	24.85
cav1m17_AQ4-ZINC000049004766-0.pdb	-104.52	-92.2839	-12.2361	0	21.5806
cav1m17_AQ4-ZINC000049005037-0.pdb	-97.1524	-85.7614	-11.391	0	16.8387
cav1m17_AQ4-ZINC000049005087-0.pdb	-82.6457	-75.3774	-7.26831	0	17.0357
cav1m17_AQ4-ZINC000050931224-0.pdb	-102.262	-82.3483	-19.9135	0	22.7917
cav1m17_AQ4-ZINC000052359877-0.pdb	-89.2517	-77.5066	-11.7451	0	22.04
cav1m17_AQ4-ZINC000052473318-0.pdb	-80.0497	-70.4258	-9.62389	0	21.1905
cav1m17_AQ4-ZINC000052487394-0.pdb	-81.4648	-73.4902	-7.97454	0	20.9091
cav1m17_AQ4-ZINC000052487395-0.pdb	-79.7173	-70.9796	-8.73761	0	24.25
cav1m17_AQ4-ZINC000052487400-0.pdb	-84.4318	-73.9318	-10.5	0	20.5833
cav1m17_AQ4-ZINC000052487413-0.pdb	-84.1934	-67.1342	-17.0592	0	20.1364
cav1m17_AQ4-ZINC000052487456-0.pdb	-85.1801	-71.9846	-13.1955	0	21.7727
cav1m17_AQ4-ZINC000053583066-0.pdb	-67.9075	-60.933	-6.97452	0	19.25
cav1m17_AQ4-ZINC000053583067-0.pdb	-69.0222	-64.2798	-4.74233	0	20.85
cav1m17_AQ4-ZINC000054418187-0.pdb	-91.452	-82.5231	-8.92894	0	25.7083
cav1m17_AQ4-ZINC000055072714-0.pdb	-83.7345	-65.7664	-17.9681	0	24.7273
cav1m17_AQ4-ZINC000055133235-0.pdb	-84.1528	-67.7771	-16.3757	0	20.9091
cav1m17_AQ4-ZINC000055182591-0.pdb	-91.4134	-84.6228	-6.79065	0	22.6957
cav1m17_AQ4-ZINC000055325365-0.pdb	-94.7416	-64.6353	-29.1794	-0.926795	21.0952
cav1m17_AQ4-ZINC000055326120-0.pdb	-90.5136	-71.59	-18.9235	0	22.7407
cav1m17_AQ4-ZINC000055342502-0.pdb	-83.9496	-75.2309	-8.71866	0	23.8148
cav1m17_AQ4-ZINC000055342504-0.pdb	-83.9163	-76.2623	-7.65392	0	18.8519
cav1m17_AQ4-ZINC000055343076-0.pdb	-87.1062	-73.2002	-13.906	0	20.4
cav1m17_AQ4-ZINC000055343081-0.pdb	-88.4501	-86.2648	-2.18533	0	24.08
cav1m17_AQ4-ZINC000055387239-0.pdb	-85.1813	-68.5404	-16.6409	0	20.1739
cav1m17_AQ4-ZINC000055404593-0.pdb	-82.5661	-72.5482	-10.0179	0	20.5769
cav1m17_AQ4-ZINC000055412957-0.pdb	-82.1541	-71.6541	-10.5	0	26
cav1m17_AQ4-ZINC000055414312-0.pdb	-84.4334	-67.8041	-16.6293	0	19.5
cav1m17_AQ4-ZINC000055543966-0.pdb	-75.3317	-72.8317	-2.5	0	20.6087
cav1m17_AQ4-ZINC000055568797-0.pdb	-87.363	-72.8772	-14.4858	0	21.5217
cav1m17_AQ4-ZINC000057148962-0.pdb	-98.5312	-81.1147	-17.4166	0	23.4167
cav1m17_AQ4-ZINC000057148976-0.pdb	-90.2783	-73.2475	-17.0308	0	20.4231
cav1m17_AQ4-ZINC000057148977-0.pdb	-88.948	-77.3008	-11.6472	0	18.5769
cav1m17_AQ4-ZINC000057279175-0.pdb	-84.4496	-59.0444	-25.4052	0	24.1364
cav1m17_AQ4-ZINC000057279189-0.pdb	-85.9715	-78.665	-7.30651	0	24.087
cav1m17_AQ4-ZINC000057279232-0.pdb	-90.1158	-79.7839	-10.3319	0	27.9091
cav1m17_AQ4-ZINC000057279833-0.pdb	-76.8198	-55.0706	-21.7492	0	25.6842
cav1m17_AQ4-ZINC000057280190-0.pdb	-76.5535	-64.3161	-12.2374	0	22.2857
cav1m17_AQ4-ZINC000057280205-0.pdb	-84.2203	-73.8109	-10.4094	0	21.5
cav1m17_AQ4-ZINC000057312376-0.pdb	-81.5155	-69.292	-12.2235	0	25.7619
cav1m17_AQ4-ZINC000057312381-0.pdb	-77.5891	-62.2368	-15.3523	0	18.2727
cav1m17_AQ4-ZINC000057312389-0.pdb	-75.3906	-63.8542	-11.5364	0	22.2174
cav1m17_AQ4-ZINC000057312392-0.pdb	-84.0625	-69.2131	-14.8494	0	25.1
cav1m17_AQ4-ZINC000057312393-0.pdb	-79.099	-54.0926	-25.0064	0	24.7895
cav1m17_AQ4-ZINC000057312551-0.pdb	-87.1359	-78.6045	-8.5314	0	21.3043
cav1m17_AQ4-ZINC000057312556-0.pdb	-82.4377	-67.3127	-15.125	0	18.9565
cav1m17_AQ4-ZINC000057312559-0.pdb	-81.7753	-73.4727	-8.30264	0	20.3333
cav1m17_AQ4-ZINC000057312561-0.pdb	-75.3702	-66.3545	-9.01576	0	19.7143
cav1m17_AQ4-ZINC000057313528-0.pdb	-69.8454	-65.0512	-4.79422	0	18.5909
cav1m17_AQ4-ZINC000057355555-0.pdb	-76.8599	-68.4043	-8.4556	0	20.3478
cav1m17_AQ4-ZINC000057355560-0.pdb	-81.8037	-69.7357	-12.068	0	19.9167
cav1m17_AQ4-ZINC000057355562-0.pdb	-91.8989	-84.8989	-7	0	20.72
cav1m17_AQ4-ZINC000057355563-0.pdb	-79.9291	-60.6219	-19.3072	0	20.3636
cav1m17_AQ4-ZINC000057355818-0.pdb	-82.3998	-73.765	-8.63489	0	19.0417
cav1m17_AQ4-ZINC000057355823-0.pdb	-77.6122	-67.5679	-10.0443	0	20.5217
cav1m17_AQ4-ZINC000057355977-0.pdb	-76.428	-69.428	-7	0	18.4783
cav1m17_AQ4-ZINC000057355981-0.pdb	-88.4293	-74.4293	-14	0	18.0833
cav1m17_AQ4-ZINC000057355982-0.pdb	-77.7094	-63.1222	-14.5872	0	20.25
cav1m17_AQ4-ZINC000057355983-0.pdb	-83.5742	-70.9745	-12.5997	0	19.16
cav1m17_AQ4-ZINC000057355984-0.pdb	-76.5214	-69.601	-6.92038	0	20.3636
cav1m17_AQ4-ZINC000057356037-0.pdb	-84.7768	-65.6326	-19.1442	0	22.3913
cav1m17_AQ4-ZINC000057364291-0.pdb	-78.2221	-70.186	-8.03611	0	20.2857
cav1m17_AQ4-ZINC000057366530-0.pdb	-102.517	-86.6349	-15.8819	0	21.9643
cav1m17_AQ4-ZINC000057366532-0.pdb	-93.2487	-84.3589	-8.88988	0	19.3929
cav1m17_AQ4-ZINC000057432173-0.pdb	-105.436	-98.4364	-7	0	22.0345
cav1m17_AQ4-ZINC000057477636-0.pdb	-83.3598	-77.5972	-5.76251	0	22.0909
cav1m17_AQ4-ZINC000057568179-0.pdb	-83.6864	-75.1168	-8.56957	0	23.9524
cav1m17_AQ4-ZINC000057662947-0.pdb	-75.1034	-68.2397	-6.86378	0	18.5417
cav1m17_AQ4-ZINC000057709839-0.pdb	-94.3481	-80.4944	-13.8537	0	19
cav1m17_AQ4-ZINC000057730917-0.pdb	-96.085	-73.0068	-23.0782	0	14.9375
cav1m17_AQ4-ZINC000058158729-0.pdb	-94.0575	-75.5574	-18.5001	0	22.7826
cav1m17_AQ4-ZINC000058160292-0.pdb	-104.3	-92.6702	-11.63	0	26.5417
cav1m17_AQ4-ZINC000058282764-0.pdb	-100.003	-78.1428	-21.8602	0	22.88
cav1m17_AQ4-ZINC000058305065-0.pdb	-104.079	-93.3261	-10.753	0	19.9
cav1m17_AQ4-ZINC000058341265-0.pdb	-94.7872	-76.1077	-18.6795	0	23.2692
cav1m17_AQ4-ZINC000058378492-0.pdb	-101.301	-87.2565	-14.0442	0	17.9063
cav1m17_AQ4-ZINC000058392145-0.pdb	-89.3757	-82.3757	-7	0	21.913
cav1m17_AQ4-ZINC000058393356-0.pdb	-89.4891	-55.9572	-33.5319	0	20.381
cav1m17_AQ4-ZINC000058406791-0.pdb	-94.1383	-74.828	-19.3103	0	21.28
cav1m17_AQ4-ZINC000058407142-0.pdb	-84.1557	-75.4626	-8.69313	0	24.6667
cav1m17_AQ4-ZINC000058916148-0.pdb	-86.8317	-68.0047	-18.827	0	18.7407
cav1m17_AQ4-ZINC000059258114-0.pdb	-85.373	-68.0466	-17.3264	0	24.45
cav1m17_AQ4-ZINC000059266233-0.pdb	-93.6576	-84.1576	-9.5	0	22.1667
cav1m17_AQ4-ZINC000059289967-0.pdb	-103.9	-88.4252	-15.4753	0	23.0714
cav1m17_AQ4-ZINC000059603091-0.pdb	-98.853	-76.7934	-22.0596	0	16.0556
cav1m17_AQ4-ZINC000059620562-0.pdb	-97.8493	-91.7608	-6.08858	0	16.3333
cav1m17_AQ4-ZINC000059620797-0.pdb	-105.636	-99.6358	-6	0	18.3243
cav1m17_AQ4-ZINC000060277669-0.pdb	-90.378	-70.4299	-19.9481	0	20.625
cav1m17_AQ4-ZINC000060790369-0.pdb	-94.5925	-82.8103	-11.7822	0	22.0833
cav1m17_AQ4-ZINC000061174625-0.pdb	-80.1532	-76.6532	-3.5	0	19.8846
cav1m17_AQ4-ZINC000061721776-0.pdb	-85.5508	-65.1404	-20.4104	0	22.75
cav1m17_AQ4-ZINC000061997291-0.pdb	-117.925	-107.579	-10.3464	0	17.8462
cav1m17_AQ4-ZINC000061997292-0.pdb	-119.417	-105.144	-14.273	0	18.4872
cav1m17_AQ4-ZINC000061997293-0.pdb	-110.955	-90.3183	-20.6363	0	18.2051
cav1m17_AQ4-ZINC000061997296-0.pdb	-88.0643	-75.6919	-12.3724	0	20.1481
cav1m17_AQ4-ZINC000061997297-0.pdb	-95.0992	-74.8357	-20.2634	0	18.6667
cav1m17_AQ4-ZINC000061997298-0.pdb	-102.799	-96.2823	-6.51687	0	19.4688
cav1m17_AQ4-ZINC000061997299-0.pdb	-96.6945	-96.3969	-0.297666	0	20
cav1m17_AQ4-ZINC000062571966-0.pdb	-107.767	-92.033	-15.734	0	19.8182
cav1m17_AQ4-ZINC000062620517-0.pdb	-113.503	-91.4783	-22.0245	0	17.2703
cav1m17_AQ4-ZINC000063447270-0.pdb	-86.4339	-70.2659	-16.168	0	25.8182
cav1m17_AQ4-ZINC000063736288-0.pdb	-82.0259	-82.0259	0	0	23.087
cav1m17_AQ4-ZINC000063958425-0.pdb	-93.0504	-77.5707	-15.4797	0	19.5
cav1m17_AQ4-ZINC000064471611-0.pdb	-78.0066	-78.0066	0	0	18.1923
cav1m17_AQ4-ZINC000064471923-0.pdb	-84.1781	-81.0349	-3.14321	0	19.2593
cav1m17_AQ4-ZINC000064658320-0.pdb	-91.3496	-87.8496	-3.5	0	19.5185
cav1m17_AQ4-ZINC000064791383-0.pdb	-100.151	-90.7809	-9.37039	0	19.8333
cav1m17_AQ4-ZINC000064791439-0.pdb	-102.347	-100.868	-1.47882	0	18.1389
cav1m17_AQ4-ZINC000065322713-0.pdb	-100.16	-87.015	-13.145	0	20.069
cav1m17_AQ4-ZINC000065372066-0.pdb	-74.2002	-67.2002	-7	0	18.7826
cav1m17_AQ4-ZINC000065372067-0.pdb	-80.3961	-70.1142	-10.2818	0	19.7826
cav1m17_AQ4-ZINC000065373258-0.pdb	-99.4813	-74.2082	-25.2732	0	23.0769
cav1m17_AQ4-ZINC000065381892-0.pdb	-87.5674	-77.2605	-10.3069	0	20.0833
cav1m17_AQ4-ZINC000065386753-0.pdb	-79.8815	-65.1028	-14.7788	0	23.4762
cav1m17_AQ4-ZINC000065403427-0.pdb	-88.5492	-72.1513	-16.3978	0	20.92
cav1m17_AQ4-ZINC000065410160-0.pdb	-86.7355	-66.1159	-20.6196	0	20.1429
cav1m17_AQ4-ZINC000065410161-0.pdb	-82.0688	-62.2729	-19.7959	0	19.8571
cav1m17_AQ4-ZINC000065435878-0.pdb	-91.9086	-67.3596	-24.549	0	24.0909
cav1m17_AQ4-ZINC000065436191-0.pdb	-93.3444	-64.9322	-28.4122	0	26.85
cav1m17_AQ4-ZINC000065436193-0.pdb	-101.158	-67.8096	-33.348	0	26.8
cav1m17_AQ4-ZINC000065465428-0.pdb	-77.8527	-65.3574	-12.4953	0	20.4762
cav1m17_AQ4-ZINC000065473710-0.pdb	-78.8603	-49.7718	-29.0885	0	22.7
cav1m17_AQ4-ZINC000065490113-0.pdb	-92.299	-75.1321	-17.1669	0	25.4348
cav1m17_AQ4-ZINC000065512021-0.pdb	-97.5372	-85.8337	-11.7035	0	20.5769
cav1m17_AQ4-ZINC000065534574-0.pdb	-103.575	-78.6594	-24.9158	0	21.3462
cav1m17_AQ4-ZINC000065535595-0.pdb	-81.5895	-71.0954	-10.494	0	19.5
cav1m17_AQ4-ZINC000065536643-0.pdb	-84.7566	-68.3739	-16.3828	0	20.9583
cav1m17_AQ4-ZINC000065562322-0.pdb	-94.3729	-77.1004	-17.2725	0	20.16
cav1m17_AQ4-ZINC000067460315-0.pdb	-82.7666	-62.5581	-20.2085	0	19.8095
cav1m17_AQ4-ZINC000067489769-0.pdb	-90.2296	-70.3591	-19.8705	0	23.9545
cav1m17_AQ4-ZINC000067491291-0.pdb	-93.5256	-78.2275	-15.298	0	21.125
cav1m17_AQ4-ZINC000067491293-0.pdb	-93.0718	-82.7116	-10.4431	0.0829195	24
cav1m17_AQ4-ZINC000067673876-0.pdb	-86.5736	-72.6317	-13.9419	0	18.5
cav1m17_AQ4-ZINC000067690763-0.pdb	-88.151	-72.3051	-15.846	0	18
cav1m17_AQ4-ZINC000067755871-0.pdb	-89.8641	-74.8524	-15.0117	0	23.8261
cav1m17_AQ4-ZINC000067756363-0.pdb	-105.563	-81.8262	-23.7363	0	27.913
cav1m17_AQ4-ZINC000067758689-0.pdb	-95.1801	-78.6074	-16.5727	0	19.7308
cav1m17_AQ4-ZINC000067769806-0.pdb	-100.822	-77.9055	-22.9165	0	26.0769
cav1m17_AQ4-ZINC000067772641-0.pdb	-83.2446	-64.1708	-19.0738	0	22.1429
cav1m17_AQ4-ZINC000067772974-0.pdb	-95.2346	-64.1378	-31.0968	0	23.5714
cav1m17_AQ4-ZINC000067805768-0.pdb	-94.3424	-77.8561	-16.4864	0	20.3333
cav1m17_AQ4-ZINC000067805975-0.pdb	-94.6811	-91.1811	-3.5	0	23.1852
cav1m17_AQ4-ZINC000067880961-0.pdb	-87.846	-73.7867	-15.819	1.7597	19.5
cav1m17_AQ4-ZINC000067905237-0.pdb	-98.2508	-80.1963	-18.0546	0	21.0833
cav1m17_AQ4-ZINC000067935183-0.pdb	-81.7992	-74.1793	-7.61982	0	19.5185
cav1m17_AQ4-ZINC000067956383-0.pdb	-94.1102	-81.4364	-13	0.326199	22.8261
cav1m17_AQ4-ZINC000067973806-0.pdb	-102.937	-86.4039	-16.5328	0	21.2069
cav1m17_AQ4-ZINC000069192816-0.pdb	-89.2997	-56.6336	-32.6662	0	16.8462
cav1m17_AQ4-ZINC000069349496-0.pdb	-83.8202	-69.8863	-13.9339	0	19.1304
cav1m17_AQ4-ZINC000069433064-0.pdb	-82.3741	-69.9998	-12.3743	0	22.6667
cav1m17_AQ4-ZINC000069698260-0.pdb	-92.8899	-72.0032	-20.8867	0	21.8696
cav1m17_AQ4-ZINC000069814332-0.pdb	-94.6208	-81.4555	-13.1653	0	22.5
cav1m17_AQ4-ZINC000070448411-0.pdb	-104.048	-76.8523	-27.1955	0	19.75
cav1m17_AQ4-ZINC000071280426-0.pdb	-75.9745	-72.0321	-3.94237	0	21.8182
cav1m17_AQ4-ZINC000071282031-0.pdb	-75.9741	-64.4282	-11.5459	0	18.0833
cav1m17_AQ4-ZINC000071405488-0.pdb	-107.368	-94.1258	-13.2419	0	20.6207
cav1m17_AQ4-ZINC000071405490-0.pdb	-102.037	-91.8595	-10.1772	0	21.5926
cav1m17_AQ4-ZINC000071459187-0.pdb	-86.1302	-79.1756	-6.95459	0	21.6957
cav1m17_AQ4-ZINC000071459209-0.pdb	-73.9574	-70.4574	-3.5	0	20.5
cav1m17_AQ4-ZINC000071459216-0.pdb	-76.9231	-72.8135	-4.10966	0	21.1364
cav1m17_AQ4-ZINC000071459241-0.pdb	-74.5374	-72.1123	-2.42512	0	19.3478
cav1m17_AQ4-ZINC000071459315-0.pdb	-71.3325	-68.8325	-2.5	0	23.15
cav1m17_AQ4-ZINC000071775317-0.pdb	-108.854	-93.0268	-15.8273	0	20.5517
cav1m17_AQ4-ZINC000071775318-0.pdb	-119.86	-95.1551	-24.7049	0	18.3125
cav1m17_AQ4-ZINC000071775320-0.pdb	-97.8144	-79.8278	-17.9866	0	17.2069
cav1m17_AQ4-ZINC000071807907-0.pdb	-98.4466	-93.7515	-4.69507	0	19.8667
cav1m17_AQ4-ZINC000071816912-0.pdb	-80.47	-70.5925	-9.87749	0	19.2083
cav1m17_AQ4-ZINC000071849963-0.pdb	-104.977	-90.8091	-14.1678	0	18.9063
cav1m17_AQ4-ZINC000071896743-0.pdb	-98.6623	-78.4816	-20.1807	0	22.72
cav1m17_AQ4-ZINC000071899472-0.pdb	-82.2049	-57.3695	-24.8354	0	26.1667
cav1m17_AQ4-ZINC000071903559-0.pdb	-91.5106	-69.6415	-21.8691	0	21.75
cav1m17_AQ4-ZINC000071914132-0.pdb	-82.7552	-73.5836	-9.1716	0	26.45
cav1m17_AQ4-ZINC000071915181-0.pdb	-101.841	-80.4257	-21.4154	0	21.56
cav1m17_AQ4-ZINC000071915182-0.pdb	-106.201	-85.6449	-20.5559	0	24.6
cav1m17_AQ4-ZINC000071920842-0.pdb	-93.6874	-69.9937	-23.6937	0	26.16
cav1m17_AQ4-ZINC000072138705-0.pdb	-94.749	-91.249	-3.5	0	22.0769
cav1m17_AQ4-ZINC000072138870-0.pdb	-76.3834	-67.8573	-8.52609	0	18.8696
cav1m17_AQ4-ZINC000072138871-0.pdb	-92.6777	-81.8996	-10.7781	0	29.8261
cav1m17_AQ4-ZINC000072142125-0.pdb	-85.0327	-75.5388	-9.49391	0	21.7083
cav1m17_AQ4-ZINC000072143068-0.pdb	-101.296	-72.1222	-29.1737	0	19
cav1m17_AQ4-ZINC000072145024-0.pdb	-98.8729	-88.4035	-10.4694	0	23.4583
cav1m17_AQ4-ZINC000072148184-0.pdb	-89.9414	-75.9414	-14	0	20.3636
cav1m17_AQ4-ZINC000072150224-0.pdb	-96.0766	-67.8536	-28.2231	0	19.24
cav1m17_AQ4-ZINC000072154152-0.pdb	-87.8999	-69.7282	-18.1717	0	21.6
cav1m17_AQ4-ZINC000072161156-0.pdb	-96.6315	-80.9723	-15.6593	0	19.6154
cav1m17_AQ4-ZINC000072161313-0.pdb	-89.2763	-79.4333	-9.84296	0	20.24
cav1m17_AQ4-ZINC000072161314-0.pdb	-92.5193	-81.0842	-11.435	0	23.16
cav1m17_AQ4-ZINC000072163054-0.pdb	-97.3117	-83.4741	-13.8377	0	24.4583
cav1m17_AQ4-ZINC000072163055-0.pdb	-86.1287	-79.3647	-6.76397	0	20.9583
cav1m17_AQ4-ZINC000072165188-0.pdb	-107.191	-89.7445	-17.4465	0	22.7778
cav1m17_AQ4-ZINC000072165277-0.pdb	-105.132	-86.8663	-18.2659	0	21.2308
cav1m17_AQ4-ZINC000072166993-0.pdb	-100.823	-84.9556	-15.8678	0	23.5926
cav1m17_AQ4-ZINC000072171308-0.pdb	-104.165	-73.2996	-30.8654	0	21.1154
cav1m17_AQ4-ZINC000072171309-0.pdb	-92.4725	-82.169	-10.3035	0	21.5385
cav1m17_AQ4-ZINC000072172513-0.pdb	-93.409	-83.4651	-9.94391	0	23.28
cav1m17_AQ4-ZINC000072237833-0.pdb	-87.7005	-80.8566	-6.84391	0	21.08
cav1m17_AQ4-ZINC000072237835-0.pdb	-75.541	-61.5631	-13.978	0	18.1818
cav1m17_AQ4-ZINC000072238314-0.pdb	-79.2797	-72.2797	-7	0	18.8333
cav1m17_AQ4-ZINC000072238317-0.pdb	-78.5836	-67.5248	-11.0588	0	18.12
cav1m17_AQ4-ZINC000072238319-0.pdb	-82.1053	-59.0695	-23.0358	0	24.1818
cav1m17_AQ4-ZINC000072238510-0.pdb	-110.121	-98.9048	-11.2161	0	22.1935
cav1m17_AQ4-ZINC000072240708-0.pdb	-73.2464	-69.8057	-3.44071	0	21.1
cav1m17_AQ4-ZINC000072240721-0.pdb	-74.3783	-68.4322	-5.94613	0	20.15
cav1m17_AQ4-ZINC000072251408-0.pdb	-89.5829	-67.38	-22.2028	0	23.1852
cav1m17_AQ4-ZINC000072273079-0.pdb	-99.1115	-80.5563	-18.5552	0	19.5938
cav1m17_AQ4-ZINC000072281908-0.pdb	-83.1084	-60.9825	-22.1259	0	20.913
cav1m17_AQ4-ZINC000072288256-0.pdb	-96.9366	-87.4376	-9.49904	0	23.7917
cav1m17_AQ4-ZINC000072296137-0.pdb	-84.2143	-58.811	-25.4033	0	19.0417
cav1m17_AQ4-ZINC000072310995-0.pdb	-100.075	-87.0371	-13.0378	0	24
cav1m17_AQ4-ZINC000072310998-0.pdb	-96.6873	-77.0809	-19.6064	0	20.4231
cav1m17_AQ4-ZINC000072312223-0.pdb	-95.7027	-70.5008	-25.2019	0	20.7826
cav1m17_AQ4-ZINC000072312224-0.pdb	-100.003	-80.0355	-19.9679	0	22.6522
cav1m17_AQ4-ZINC000072337431-0.pdb	-89.7147	-83.4068	-6.30793	0	20.9286
cav1m17_AQ4-ZINC000072342055-0.pdb	-82.5055	-72.8968	-9.60874	0	21.913
cav1m17_AQ4-ZINC000072408528-0.pdb	-83.5374	-76.3334	-7.20406	0	23.9545
cav1m17_AQ4-ZINC000072410723-0.pdb	-87.1048	-67.282	-19.8228	0	22.7083
cav1m17_AQ4-ZINC000072411269-0.pdb	-74.4659	-58.7141	-15.7518	0	18.5714
cav1m17_AQ4-ZINC000072418529-0.pdb	-86.2307	-79.7352	-6.49549	0	24.7619
cav1m17_AQ4-ZINC000072419228-0.pdb	-88.7673	-68.853	-19.9143	0	23.7273
cav1m17_AQ4-ZINC000072423041-0.pdb	-91.3246	-68.4841	-22.8405	0	18.3571
cav1m17_AQ4-ZINC000072425657-0.pdb	-80.9466	-70.9543	-9.99233	0	20.8696
cav1m17_AQ4-ZINC000072426866-0.pdb	-96.4683	-82.6436	-13.8247	0	22.36
cav1m17_AQ4-ZINC000072427088-0.pdb	-101.518	-89.1587	-12.3596	0	24.1667
cav1m17_AQ4-ZINC000072427089-0.pdb	-90.8352	-81.3371	-9.49815	0	21.125
cav1m17_AQ4-ZINC000072428890-0.pdb	-86.0929	-70.2717	-15.8212	0	22.0455
cav1m17_AQ4-ZINC000072430861-0.pdb	-87.9684	-81.0022	-6.96619	0	21.7083
cav1m17_AQ4-ZINC000072431350-0.pdb	-94.2039	-68.5188	-25.6851	0	26.0556
cav1m17_AQ4-ZINC000072432975-0.pdb	-73.4972	-69.9972	-3.5	0	21.9524
cav1m17_AQ4-ZINC000072435661-0.pdb	-106.139	-74.0531	-32.0864	0	22.7083
cav1m17_AQ4-ZINC000072435972-0.pdb	-89.5598	-68.5538	-21.006	0	23.6087
cav1m17_AQ4-ZINC000072447720-0.pdb	-89.0468	-58.1349	-30.9118	0	22.7143
cav1m17_AQ4-ZINC000072453662-0.pdb	-91.7917	-72.4619	-19.3298	0	19.4444
cav1m17_AQ4-ZINC000072453663-0.pdb	-97.1135	-70.6861	-26.4274	0	24.4444
cav1m17_AQ4-ZINC000072457088-0.pdb	-89.0741	-80.2577	-8.81636	0	24.2917
cav1m17_AQ4-ZINC000072463211-0.pdb	-98.5336	-76.0144	-22.5192	0	21.4643
cav1m17_AQ4-ZINC000072463212-0.pdb	-93.5535	-77.1539	-16.3996	0	18.8214
cav1m17_AQ4-ZINC000072468589-0.pdb	-90.7199	-77.4588	-13.2611	0	22.96
cav1m17_AQ4-ZINC000072469230-0.pdb	-102.236	-92.5949	-9.64072	0	22.6296
cav1m17_AQ4-ZINC000072473718-0.pdb	-105.213	-83.437	-21.7757	0	21.4815
cav1m17_AQ4-ZINC000072473873-0.pdb	-83.951	-73.8128	-10.1382	0	21.4545
cav1m17_AQ4-ZINC000072474739-0.pdb	-83.1108	-71.6499	-11.461	0	21.1818
cav1m17_AQ4-ZINC000072474798-0.pdb	-100.486	-89.572	-10.9139	0	22.5769
cav1m17_AQ4-ZINC000072474956-0.pdb	-87.3262	-80.907	-6.41926	0	24
cav1m17_AQ4-ZINC000072474961-0.pdb	-88.1334	-67.6901	-20.4433	0	22.1154
cav1m17_AQ4-ZINC000072475145-0.pdb	-92.0654	-85.0654	-7	0	22.2
cav1m17_AQ4-ZINC000072475157-0.pdb	-86.3573	-68.7523	-17.605	0	26.1111
cav1m17_AQ4-ZINC000072475158-0.pdb	-85.8319	-72.1346	-13.6973	0	19.2593
cav1m17_AQ4-ZINC000072476103-0.pdb	-82.0704	-69.1146	-12.9559	0	21.5263
cav1m17_AQ4-ZINC000072476567-0.pdb	-82.0324	-74.4145	-7.61799	0	22.0435
cav1m17_AQ4-ZINC000072476568-0.pdb	-83.9115	-68.3483	-15.5632	0	24.8696
cav1m17_AQ4-ZINC000072477591-0.pdb	-77.8282	-56.1744	-21.6539	0	16.2273
cav1m17_AQ4-ZINC000072478812-0.pdb	-78.7327	-68.1075	-10.6252	0	17.9615
cav1m17_AQ4-ZINC000072478871-0.pdb	-99.5503	-82.598	-16.9523	0	25.4167
cav1m17_AQ4-ZINC000072478872-0.pdb	-92.616	-80.3242	-12.2918	0	24.25
cav1m17_AQ4-ZINC000072479024-0.pdb	-101.383	-83.118	-18.2649	0	24.4783
cav1m17_AQ4-ZINC000072479025-0.pdb	-93.2578	-75.8774	-17.3804	0	20.6957
cav1m17_AQ4-ZINC000072479292-0.pdb	-94.7456	-81.0072	-13.7384	0	27.963
cav1m17_AQ4-ZINC000072479293-0.pdb	-91.4156	-79.8131	-11.6026	0	21.4074
cav1m17_AQ4-ZINC000072479941-0.pdb	-78.9113	-69.3815	-9.52982	0	20.9545
cav1m17_AQ4-ZINC000072479942-0.pdb	-79.1735	-58.8282	-20.3453	0	18.6364
cav1m17_AQ4-ZINC000072946923-0.pdb	-90.3576	-75.6765	-14.6811	0	24.7619
cav1m17_AQ4-ZINC000072946926-0.pdb	-74.4981	-67.0272	-7.47092	0	19.9524
cav1m17_AQ4-ZINC000075093190-0.pdb	-75.2335	-61.9071	-13.3264	0	19.5455
cav1m17_AQ4-ZINC000075105529-0.pdb	-88.9573	-70.695	-18.2623	0	21.5833
cav1m17_AQ4-ZINC000075140977-0.pdb	-73.1125	-68.2445	-4.86802	0	18.9167
cav1m17_AQ4-ZINC000075163986-0.pdb	-86.8776	-63.4413	-23.4362	0	19.4545
cav1m17_AQ4-ZINC000076062989-0.pdb	-94.4025	-73.2953	-21.1072	0	26.1905
cav1m17_AQ4-ZINC000076063689-0.pdb	-68.6167	-61.6167	-7	0	22.4211
cav1m17_AQ4-ZINC000076063692-0.pdb	-71.8663	-71.033	-0.833285	0	24.6316
cav1m17_AQ4-ZINC000076556595-0.pdb	-85.6146	-75.3091	-10.3055	0	24.381
cav1m17_AQ4-ZINC000076640245-0.pdb	-100.685	-97.1852	-3.5	0	23.5385
cav1m17_AQ4-ZINC000077212787-0.pdb	-91.7872	-81.9591	-9.8281	0	23.2083
cav1m17_AQ4-ZINC000077216471-0.pdb	-87.2991	-70.9167	-16.3824	0	20.3478
cav1m17_AQ4-ZINC000077287002-0.pdb	-88.0778	-68.9284	-19.1494	0	19.25
cav1m17_AQ4-ZINC000077319512-0.pdb	-107.188	-86.0347	-21.1534	0	20.7647
cav1m17_AQ4-ZINC000077354566-0.pdb	-90.1649	-77.9561	-12.2088	0	22.3462
cav1m17_AQ4-ZINC000077393907-0.pdb	-100.211	-82.9041	-17.3074	0	23.7037
cav1m17_AQ4-ZINC000078333441-0.pdb	-92.8351	-71.5748	-21.2602	0	21.5
cav1m17_AQ4-ZINC000079063667-0.pdb	-93.6088	-86.6088	-7	0	18.3448
cav1m17_AQ4-ZINC000079063688-0.pdb	-104.119	-77.2	-26.9188	0	18.6667
cav1m17_AQ4-ZINC000079063698-0.pdb	-108.137	-92.9516	-15.1856	0	22.5
cav1m17_AQ4-ZINC000080443364-0.pdb	-79.3081	-75.7503	-3.55775	0	24.8095
cav1m17_AQ4-ZINC000083820567-0.pdb	-76.043	-69.043	-7	0	20.9545
cav1m17_AQ4-ZINC000084008411-0.pdb	-99.5886	-83.8638	-15.7248	0	25.9545
cav1m17_AQ4-ZINC000084271667-0.pdb	-84.2534	-72.1728	-12.0806	0	21.8261
cav1m17_AQ4-ZINC000084271746-0.pdb	-86.1159	-69.3764	-16.7396	0	23.2632
cav1m17_AQ4-ZINC000084310593-0.pdb	-95.9157	-77.9158	-17.9998	0	21.0714
cav1m17_AQ4-ZINC000084459698-0.pdb	-87.9327	-72.5157	-15.417	0	19.5
cav1m17_AQ4-ZINC000088755237-0.pdb	-96.2521	-86.041	-10.2112	0	22.64
cav1m17_AQ4-ZINC000089547634-0.pdb	-96.1988	-93.7625	-2.43633	0	21.4643
cav1m17_AQ4-ZINC000089547637-0.pdb	-91.5117	-89.0117	-2.5	0	21.3214
cav1m17_AQ4-ZINC000089594192-0.pdb	-77.108	-73.6521	-3.45591	0	22
cav1m17_AQ4-ZINC000089656108-0.pdb	-89.3302	-67.0652	-22.2649	0	17.3214
cav1m17_AQ4-ZINC000089700459-0.pdb	-91.4249	-79.6691	-11.7558	0	22.3478
cav1m17_AQ4-ZINC000089700464-0.pdb	-79.7703	-58.598	-21.1724	0	17.1304
cav1m17_AQ4-ZINC000089761963-0.pdb	-102.33	-77.1938	-25.1357	0	21.5667
cav1m17_AQ4-ZINC000089885490-0.pdb	-97.5518	-78.0689	-19.4829	0	22.4091
cav1m17_AQ4-ZINC000089960289-0.pdb	-96.0909	-79.5876	-16.5034	0	25.5652
cav1m17_AQ4-ZINC000090090418-0.pdb	-86.0592	-75.9717	-10.0876	0	20.6522
cav1m17_AQ4-ZINC000090200840-0.pdb	-95.7931	-85.0458	-10.7473	0	23.3478
cav1m17_AQ4-ZINC000090485237-0.pdb	-82.3712	-71.948	-10.4232	0	21.9565
cav1m17_AQ4-ZINC000091289011-0.pdb	-91.9157	-74.227	-17.6886	0	25.2273
cav1m17_AQ4-ZINC000091518955-0.pdb	-89.9497	-75.9333	-14.0164	0	27.3
cav1m17_AQ4-ZINC000091518956-0.pdb	-87.7647	-75.2814	-12.4833	0	25.8
cav1m17_AQ4-ZINC000091650605-0.pdb	-85.6839	-69.3237	-16.3602	0	21.3913
cav1m17_AQ4-ZINC000091650608-0.pdb	-80.2113	-70.7113	-9.5	0	18.8696
cav1m17_AQ4-ZINC000092962439-0.pdb	-90.0006	-78.8414	-11.1592	0	26.9565
cav1m17_AQ4-ZINC000094124647-0.pdb	-78.9673	-54.7288	-24.2385	0	22
cav1m17_AQ4-ZINC000095348817-0.pdb	-99.2589	-76.4936	-22.7653	0	19.6333
cav1m17_AQ4-ZINC000095349383-0.pdb	-84.8402	-77.8402	-7	0	18.8462
cav1m17_AQ4-ZINC000095353437-0.pdb	-81.2301	-58.6788	-22.5514	0	19.619
cav1m17_AQ4-ZINC000095353438-0.pdb	-89.7939	-76.7951	-12.9989	0	23.8095
cav1m17_AQ4-ZINC000095354200-0.pdb	-88.8734	-74.8734	-14	0	22.6818
cav1m17_AQ4-ZINC000095355707-0.pdb	-93.5792	-71.7084	-21.8708	0	20.9565
cav1m17_AQ4-ZINC000095358761-0.pdb	-94.9429	-75.7812	-19.1617	0	25
cav1m17_AQ4-ZINC000095358991-0.pdb	-79.8886	-69.3886	-10.5	0	20.1818
cav1m17_AQ4-ZINC000095359023-0.pdb	-91.6315	-79.4734	-12.1581	0	25.4762
cav1m17_AQ4-ZINC000095359994-0.pdb	-93.1023	-76.1732	-16.9291	0	21.12
cav1m17_AQ4-ZINC000095360193-0.pdb	-108.444	-72.9238	-35.5203	0	29.7895
cav1m17_AQ4-ZINC000095360410-0.pdb	-88.9137	-75.7671	-13.1466	0	22.4583
cav1m17_AQ4-ZINC000095360602-0.pdb	-94.972	-81.972	-13	0	23.913
cav1m17_AQ4-ZINC000095364660-0.pdb	-72.7337	-64.5249	-8.2088	0	18.2727
cav1m17_AQ4-ZINC000095366108-0.pdb	-98.9163	-71.7923	-27.124	0	21.8261
cav1m17_AQ4-ZINC000095370907-0.pdb	-121.517	-90.7274	-30.7891	0	26.4
cav1m17_AQ4-ZINC000095370908-0.pdb	-93.1338	-78.7923	-14.3416	0	20.88
cav1m17_AQ4-ZINC000095372021-0.pdb	-89.3171	-67.2626	-22.0545	0	19.7917
cav1m17_AQ4-ZINC000095373293-0.pdb	-90.4697	-69.7354	-20.7344	0	20.6364
cav1m17_AQ4-ZINC000095373294-0.pdb	-87.6895	-76.4087	-11.2809	0	22.3182
cav1m17_AQ4-ZINC000095374079-0.pdb	-97.5655	-83.537	-14.0285	0	23.16
cav1m17_AQ4-ZINC000095375668-0.pdb	-78.7638	-69.6453	-9.11852	0	18.8
cav1m17_AQ4-ZINC000095375926-0.pdb	-85.8355	-73.0379	-12.7976	0	20.5
cav1m17_AQ4-ZINC000095377849-0.pdb	-91.5552	-83.3789	-8.17628	0	21.56
cav1m17_AQ4-ZINC000095377990-0.pdb	-88.1706	-77.2148	-10.9559	0	27
cav1m17_AQ4-ZINC000095378544-0.pdb	-87.7785	-79.9776	-7.80084	0	24.1667
cav1m17_AQ4-ZINC000095378545-0.pdb	-108.195	-85.1438	-23.0515	0	25.5833
cav1m17_AQ4-ZINC000095378597-0.pdb	-100.393	-83.2041	-17.1894	0	22.7391
cav1m17_AQ4-ZINC000095381912-0.pdb	-91.9247	-67.2607	-24.6639	0	20.08
cav1m17_AQ4-ZINC000095382899-0.pdb	-103.745	-65.91	-37.8354	0	23.0909
cav1m17_AQ4-ZINC000095385235-0.pdb	-95.4364	-86.9246	-8.51185	0	24.36
cav1m17_AQ4-ZINC000095387513-0.pdb	-89.1787	-68.0368	-21.1419	0	20.6364
cav1m17_AQ4-ZINC000095387699-0.pdb	-100.264	-77.8481	-22.4157	0	24.0833
cav1m17_AQ4-ZINC000095387700-0.pdb	-84.8	-69.8393	-14.9606	0	18.0417
cav1m17_AQ4-ZINC000095390614-0.pdb	-96.3624	-76.0113	-20.3511	0	22.7391
cav1m17_AQ4-ZINC000095392927-0.pdb	-77.8539	-70.8539	-7	0	19.7391
cav1m17_AQ4-ZINC000095392928-0.pdb	-89.0303	-78.286	-10.7443	0	24.6522
cav1m17_AQ4-ZINC000095395458-0.pdb	-90.476	-78.557	-11.9191	0	19.2308
cav1m17_AQ4-ZINC000095403306-0.pdb	-96.0123	-74.8967	-21.1155	0	19.9643
cav1m17_AQ4-ZINC000095407156-0.pdb	-80.4596	-80.4596	0	0	20.4231
cav1m17_AQ4-ZINC000095409776-0.pdb	-88.1476	-69.9707	-18.1769	0	19.7037
cav1m17_AQ4-ZINC000095434841-0.pdb	-78.3696	-60.7319	-17.6377	0	29.3529
cav1m17_AQ4-ZINC000095450208-0.pdb	-104.011	-93.6983	-10.3125	0	19.1724
cav1m17_AQ4-ZINC000095452082-0.pdb	-88.6946	-71.3473	-17.3473	0	22.5833
cav1m17_AQ4-ZINC000095460526-0.pdb	-105.578	-72.3903	-33.1881	0	21.963
cav1m17_AQ4-ZINC000095465985-0.pdb	-88.1055	-68.2761	-19.8293	0	18.1481
cav1m17_AQ4-ZINC000095467566-0.pdb	-92.2498	-73.0541	-19.1957	0	21.0435
cav1m17_AQ4-ZINC000095467595-0.pdb	-98.734	-82.006	-16.728	0	23.1667
cav1m17_AQ4-ZINC000095497101-0.pdb	-95.0584	-79.5366	-15.5217	0	22.92
cav1m17_AQ4-ZINC000095501544-0.pdb	-100.695	-83.0026	-17.6926	0	23.7692
cav1m17_AQ4-ZINC000095502155-0.pdb	-92.3247	-80.4342	-11.8904	0	20.6667
cav1m17_AQ4-ZINC000095506274-0.pdb	-86.3631	-73.2182	-13.1449	0	19.25
cav1m17_AQ4-ZINC000095510086-0.pdb	-105.897	-72.5442	-33.3527	0	22
cav1m17_AQ4-ZINC000095520170-0.pdb	-85.0321	-68.5936	-16.4384	0	18.5
cav1m17_AQ4-ZINC000095521764-0.pdb	-87.6324	-75.7973	-11.8351	0	21.2609
cav1m17_AQ4-ZINC000095526338-0.pdb	-114.246	-93.1914	-21.0544	0	21.8571
cav1m17_AQ4-ZINC000095529645-0.pdb	-98.1604	-88.3126	-9.84777	0	21.7692
cav1m17_AQ4-ZINC000095531016-0.pdb	-83.4244	-77.9582	-5.46613	0	18.7308
cav1m17_AQ4-ZINC000095698519-0.pdb	-90.7368	-80.2368	-10.5	0	19.1923
cav1m17_AQ4-ZINC000095726824-0.pdb	-82.4094	-82.4094	0	0	22.8696
cav1m17_AQ4-ZINC000095829776-0.pdb	-76.6274	-73.1429	-3.48454	0	19.9545
cav1m17_AQ4-ZINC000095939694-0.pdb	-98.4431	-92.7226	-5.72051	0	20.129
cav1m17_AQ4-ZINC000095941847-0.pdb	-85.0979	-72.4658	-12.6321	0	20.2609
cav1m17_AQ4-ZINC000095947024-0.pdb	-88.4716	-84.9716	-3.5	0	21.16
cav1m17_AQ4-ZINC000095957006-0.pdb	-94.1203	-79.6523	-14.468	0	19.52
cav1m17_AQ4-ZINC000095957748-0.pdb	-99.5148	-74.7703	-24.7445	0	21.5926
cav1m17_AQ4-ZINC000095961068-0.pdb	-93.6812	-71.449	-22.2323	0	18.1538
cav1m17_AQ4-ZINC000095961070-0.pdb	-95.6455	-82.3572	-13.2882	0	21.4444
cav1m17_AQ4-ZINC000095961073-0.pdb	-96.0097	-83.0166	-12.9931	0	19.8519
cav1m17_AQ4-ZINC000095961702-0.pdb	-92.5628	-78.7085	-13.8543	0	25.5238
cav1m17_AQ4-ZINC000095966390-0.pdb	-81.3384	-57.5722	-23.7662	0	20.8947
cav1m17_AQ4-ZINC000095997569-0.pdb	-91.0274	-84.0274	-7	0	19.4815
cav1m17_AQ4-ZINC000096003515-0.pdb	-93.295	-75.8222	-17.4728	0	20.7917
cav1m17_AQ4-ZINC000096008850-0.pdb	-90.9943	-78.832	-12.1624	0	21.2174
cav1m17_AQ4-ZINC000096008861-0.pdb	-89.0424	-71.886	-17.1563	0	24.8636
cav1m17_AQ4-ZINC000096008865-0.pdb	-100.452	-82.2196	-18.2323	0	26.4583
cav1m17_AQ4-ZINC000096011132-0.pdb	-95.8974	-80.6126	-15.2848	0	17.7879
cav1m17_AQ4-ZINC000096011406-0.pdb	-106.205	-92.2239	-13.9809	0	21
cav1m17_AQ4-ZINC000096419416-0.pdb	-85.5639	-72.6115	-12.9524	0	21.087
cav1m17_AQ4-ZINC000096429502-0.pdb	-78.4768	-74.9768	-3.5	0	22.5238
cav1m17_AQ4-ZINC000096429779-0.pdb	-95.143	-64.7056	-30.4375	0	24.0435
cav1m17_AQ4-ZINC000096456171-0.pdb	-98.4937	-69.6834	-28.8103	0	22.9167
cav1m17_AQ4-ZINC000097011739-0.pdb	-93.2717	-70.4654	-22.8063	0	22.95
cav1m17_AQ4-ZINC000097037685-0.pdb	-80.39	-62.9068	-17.4832	0	24.6667
cav1m17_AQ4-ZINC000097049871-0.pdb	-100.894	-74.8253	-26.0683	0	24.3636
cav1m17_AQ4-ZINC000097081448-0.pdb	-70.6724	-67.1724	-3.5	0	24.8235
cav1m17_AQ4-ZINC000097083827-0.pdb	-90.8683	-55.4039	-34.1748	-1.28958	16.3913
cav1m17_AQ4-ZINC000097108415-0.pdb	-100.549	-75.9242	-24.6248	0	24.2174
cav1m17_AQ4-ZINC000097142402-0.pdb	-101.401	-76.7786	-23.4954	-1.12693	22.16
cav1m17_AQ4-ZINC000097160080-0.pdb	-93.11	-80.1619	-12.948	0	22.44
cav1m17_AQ4-ZINC000097160087-0.pdb	-96.6794	-83.6794	-13	0	22.8261
cav1m17_AQ4-ZINC000097160189-0.pdb	-83.1583	-66.8943	-16.264	0	21.2609
cav1m17_AQ4-ZINC000097160215-0.pdb	-83.1368	-68.0609	-15.076	0	25.6316
cav1m17_AQ4-ZINC000097160216-0.pdb	-85.2566	-67.0511	-18.2055	0	20.6667
cav1m17_AQ4-ZINC000097163549-0.pdb	-86.8469	-70.2865	-16.5604	0	21.9524
cav1m17_AQ4-ZINC000097166061-0.pdb	-85.3356	-77.2172	-8.11845	0	20.75
cav1m17_AQ4-ZINC000097198000-0.pdb	-83.1955	-70.0222	-13.1733	0	22.4091
cav1m17_AQ4-ZINC000097200161-0.pdb	-93.6248	-71.0354	-22.5894	0	22.9583
cav1m17_AQ4-ZINC000097200381-0.pdb	-84.9612	-63.5525	-21.4087	0	22.7619
cav1m17_AQ4-ZINC000097200382-0.pdb	-90.8485	-70.1973	-20.6511	0	25.5455
cav1m17_AQ4-ZINC000097372936-0.pdb	-98.2875	-78.8717	-19.4158	0	24.4167
cav1m17_AQ4-ZINC000097378964-0.pdb	-96.7766	-74.8265	-21.9501	0	20.5833
cav1m17_AQ4-ZINC000097380064-0.pdb	-93.8246	-77.1408	-16.6838	0	21.64
cav1m17_AQ4-ZINC000097635148-0.pdb	-95.6713	-86.7627	-8.90869	0	23.4
cav1m17_AQ4-ZINC000097733049-0.pdb	-91.8367	-74.2819	-17.5548	0	20.4074
cav1m17_AQ4-ZINC000097733051-0.pdb	-96.1518	-77.4955	-18.6563	0	18.8889
cav1m17_AQ4-ZINC000097945697-0.pdb	-99.2347	-95.0474	-4.18728	0	17
cav1m17_AQ4-ZINC000097945946-0.pdb	-116.989	-103.398	-13.5914	0	19.6286
cav1m17_AQ4-ZINC000097948253-0.pdb	-108.137	-105.173	-2.9638	0	17.3846
cav1m17_AQ4-ZINC000097948724-0.pdb	-109.06	-101.404	-7.65569	0	17.25
cav1m17_AQ4-ZINC000098046275-0.pdb	-102.394	-89.1661	-13.2275	0	17.2778
cav1m17_AQ4-ZINC000098212685-0.pdb	-75.8397	-66.854	-8.98574	0	18.1786
cav1m17_AQ4-ZINC000100035493-0.pdb	-105.29	-98.7817	-6.50833	0	17.4595
cav1m17_AQ4-ZINC000100035495-0.pdb	-102.297	-97.2097	-5.08714	0	18.2973
cav1m17_AQ4-ZINC000100035547-0.pdb	-91.4952	-69.708	-21.7873	0	13.4865
cav1m17_AQ4-ZINC000100035551-0.pdb	-81.8862	-74.3272	-7.55897	0	15.2432
cav1m17_AQ4-ZINC000100035672-0.pdb	-91.8068	-80.8068	-11	0	16.4595
cav1m17_AQ4-ZINC000100035676-0.pdb	-98.4343	-96.8854	-1.54889	0	16.8378
cav1m17_AQ4-ZINC000100035756-0.pdb	-112.865	-101.04	-11.8245	0	18.9756
cav1m17_AQ4-ZINC000100035758-0.pdb	-106.22	-98.3987	-7.82118	0	15.3415
cav1m17_AQ4-ZINC000100035896-0.pdb	-93.5626	-85.8356	-7.72695	0	14.575
cav1m17_AQ4-ZINC000100035898-0.pdb	-101.59	-100.214	-1.37601	0	18.175
cav1m17_AQ4-ZINC000100036033-0.pdb	-99.9762	-95.7208	-4.25543	0	15.439
cav1m17_AQ4-ZINC000100036036-0.pdb	-104.403	-102.559	-1.84363	0	16.2195
cav1m17_AQ4-ZINC000100036091-0.pdb	-95.1472	-91.8292	-3.31799	0	15.1795
cav1m17_AQ4-ZINC000100036092-0.pdb	-106.761	-103.261	-3.5	0	17.8205
cav1m17_AQ4-ZINC000100036173-0.pdb	-103.805	-92.6572	-11.1478	0	17.9231
cav1m17_AQ4-ZINC000100036176-0.pdb	-114.667	-107.911	-6.75663	0	20.5128
cav1m17_AQ4-ZINC000100036257-0.pdb	-105.243	-96.6866	-8.55685	0	16.65
cav1m17_AQ4-ZINC000100036260-0.pdb	-107.857	-99.3569	-8.5	0	16.4
cav1m17_AQ4-ZINC000102749003-0.pdb	-112.374	-90.866	-21.5076	0	19.1875
cav1m17_AQ4-ZINC000102935520-0.pdb	-96.6182	-95.1698	-1.44841	0	18.7879
cav1m17_AQ4-ZINC000104381598-0.pdb	-108.412	-85.0763	-23.3353	0	18.3235
cav1m17_AQ4-ZINC000109070490-0.pdb	-81.6251	-74.7062	-6.9189	0	18.5385
cav1m17_AQ4-ZINC000111227123-0.pdb	-107.607	-88.125	-19.4819	0	21.7407
cav1m17_AQ4-ZINC000118198914-0.pdb	-86.5466	-72.1738	-14.3728	0	23.25
cav1m17_AQ4-ZINC000127140268-0.pdb	-98.9772	-84.3006	-14.6766	0	25.6
cav1m17_AQ4-ZINC000130377425-0.pdb	-90.2535	-74.7098	-15.5437	0	18.5
cav1m17_AQ4-ZINC000139415087-0.pdb	-86.9894	-60.2145	-26.7749	0	22.0455
cav1m17_AQ4-ZINC000150295519-0.pdb	-101.249	-77.4267	-23.8219	0	18
cav1m17_AQ4-ZINC000150374843-0.pdb	-125.892	-98.7392	-27.1524	0	19.2444
cav1m17_AQ4-ZINC000150374964-0.pdb	-114.31	-95.4462	-18.8643	0	15.561
cav1m17_AQ4-ZINC000153531276-0.pdb	-96.9676	-84.5328	-12.4348	0	24.8148
cav1m17_AQ4-ZINC000153540796-0.pdb	-98.9046	-80.0242	-18.8804	0	24.6667
cav1m17_AQ4-ZINC000153540908-0.pdb	-94.9713	-88.9713	-6	0	22.5185
cav1m17_AQ4-ZINC000153580361-0.pdb	-90.4222	-80.0823	-10.3399	0	21.9615
cav1m17_AQ4-ZINC000170088683-0.pdb	-112.609	-84.4087	-28.1999	0	26.7391
cav1m17_AQ4-ZINC000170596750-0.pdb	-78.6837	-75.1837	-3.5	0	20.4783
cav1m17_AQ4-ZINC000170598537-0.pdb	-88.7187	-78.7475	-9.97117	0	25.2857
cav1m17_AQ4-ZINC000170598758-0.pdb	-92.5536	-56.1132	-36.4404	0	27.0476
cav1m17_AQ4-ZINC000170601959-0.pdb	-110.388	-94.1498	-16.2386	0	19.5
cav1m17_AQ4-ZINC000170612098-0.pdb	-87.0062	-76.0616	-10.9445	0	23.0417
cav1m17_AQ4-ZINC000170618095-0.pdb	-94.4893	-76.4508	-18.0384	0	27.8333
cav1m17_AQ4-ZINC000170619616-0.pdb	-82.4538	-75.4538	-7	0	18.9167
cav1m17_AQ4-ZINC000170619670-0.pdb	-92.3642	-86.0945	-6.2697	0	19.931
cav1m17_AQ4-ZINC000170673563-0.pdb	-82.6032	-73.0817	-9.52147	0	21.625
cav1m17_AQ4-ZINC000172011872-0.pdb	-94.9322	-80.6993	-14.2329	0	20.3846
cav1m17_AQ4-ZINC000177616730-0.pdb	-93.6453	-81.7743	-11.8709	0	22.1923
cav1m17_AQ4-ZINC000178781112-0.pdb	-97.0097	-84.1832	-12.8265	0	21.6923
cav1m17_AQ4-ZINC000184080214-0.pdb	-93.8882	-78.5468	-15.3414	0	24.4762
cav1m17_AQ4-ZINC000189898739-0.pdb	-90.7374	-66.6172	-24.1202	0	18.7143
cav1m17_AQ4-ZINC000189898755-0.pdb	-90.6076	-80.7968	-9.81088	0	18.75
cav1m17_AQ4-ZINC000190415087-0.pdb	-92.4748	-80.0682	-12.4067	0	21.92
cav1m17_AQ4-ZINC000190571312-0.pdb	-81.3202	-68.773	-12.5472	0	17.48
cav1m17_AQ4-ZINC000191319836-0.pdb	-83.8818	-70.3172	-13.5645	0	19.7917
cav1m17_AQ4-ZINC000191854788-0.pdb	-96.1331	-73.8263	-22.3068	0	20.96
cav1m17_AQ4-ZINC000192500070-0.pdb	-96.5763	-83.7389	-12.8374	0	24.1739
cav1m17_AQ4-ZINC000192516561-0.pdb	-79.4328	-61.2091	-18.2236	0	20.4545
cav1m17_AQ4-ZINC000193370352-0.pdb	-92.5161	-78.2869	-14.2292	0	27.45
cav1m17_AQ4-ZINC000193387810-0.pdb	-93.1829	-76.9567	-16.2262	0	25.9583
cav1m17_AQ4-ZINC000195545112-0.pdb	-92.0383	-70.9057	-21.1326	0	26.0455
cav1m17_AQ4-ZINC000195578600-0.pdb	-85.426	-72.2716	-13.1544	0	22.1905
cav1m17_AQ4-ZINC000195578601-0.pdb	-81.7413	-68.7413	-13	0	22.1905
cav1m17_AQ4-ZINC000215869465-0.pdb	-86.3863	-76.6068	-9.77951	0	19.3077
cav1m17_AQ4-ZINC000215869509-0.pdb	-94.2638	-81.158	-13.1058	0	20.1538
cav1m17_AQ4-ZINC000216506524-0.pdb	-93.7084	-64.4443	-29.2641	0	22.7391
cav1m17_AQ4-ZINC000222975826-0.pdb	-87.1867	-75.9371	-11.2495	0	19.2857
cav1m17_AQ4-ZINC000222984965-0.pdb	-112.19	-88.1286	-24.0615	0	23.3462
cav1m17_AQ4-ZINC000222990386-0.pdb	-94.1963	-80.4196	-13.7767	0	20.5185
cav1m17_AQ4-ZINC000223148460-0.pdb	-76.9866	-73.4866	-3.5	0	20.9583
cav1m17_AQ4-ZINC000223148546-0.pdb	-78.2616	-74.7616	-3.5	0	20.125
cav1m17_AQ4-ZINC000223478190-0.pdb	-88.5061	-78.6091	-9.89706	0	21.4583
cav1m17_AQ4-ZINC000225386983-0.pdb	-89.4561	-66.7573	-22.6988	0	24.2273
cav1m17_AQ4-ZINC000225539163-0.pdb	-91.6009	-84.6009	-7	0	20.7692
cav1m17_AQ4-ZINC000225541273-0.pdb	-100.905	-76.0779	-24.8275	0	21.5
cav1m17_AQ4-ZINC000225600740-0.pdb	-75.1958	-67.5636	-7.6322	0	23.3182
cav1m17_AQ4-ZINC000225667857-0.pdb	-95.7916	-69.9684	-25.8233	0	22.2609
cav1m17_AQ4-ZINC000225749950-0.pdb	-99.9321	-86.3442	-13.588	0	21.3333
cav1m17_AQ4-ZINC000225799483-0.pdb	-94.5504	-79.3112	-15.2393	0	21.6522
cav1m17_AQ4-ZINC000226096255-0.pdb	-83.381	-75.6433	-7.73775	0	23.4783
cav1m17_AQ4-ZINC000226096271-0.pdb	-77.1851	-77.1851	0	0	22.4167
cav1m17_AQ4-ZINC000226096287-0.pdb	-84.2316	-77.2316	-7	0	21.24
cav1m17_AQ4-ZINC000226688077-0.pdb	-86.3181	-73.1598	-13.1583	0	23.1905
cav1m17_AQ4-ZINC000228921309-0.pdb	-92.6634	-83.7921	-8.87125	0	25.25
cav1m17_AQ4-ZINC000228923403-0.pdb	-74.601	-61.0028	-13.5982	0	18.1818
cav1m17_AQ4-ZINC000228929794-0.pdb	-85.901	-73.8416	-12.0594	0	21.5833
cav1m17_AQ4-ZINC000228935367-0.pdb	-74.5161	-70.2927	-4.22338	0	21.1818
cav1m17_AQ4-ZINC000228937059-0.pdb	-91.7919	-81.1538	-10.6381	0	21.4167
cav1m17_AQ4-ZINC000228940094-0.pdb	-76.7648	-70.5831	-6.18167	0	21.0455
cav1m17_AQ4-ZINC000238899393-0.pdb	-98.5239	-88.0462	-10.4778	0	17.4412
cav1m17_AQ4-ZINC000244708037-0.pdb	-101.832	-84.1355	-17.6965	0	21.4444
cav1m17_AQ4-ZINC000252490666-0.pdb	-83.3761	-71.4067	-11.9693	0	17.7692
cav1m17_AQ4-ZINC000252492144-0.pdb	-83.6179	-71.062	-12.5559	0	20.7143
cav1m17_AQ4-ZINC000252497718-0.pdb	-82.8036	-55.9372	-26.8664	0	22.0952
cav1m17_AQ4-ZINC000252510743-0.pdb	-83.902	-73.0717	-10.8303	0	19
cav1m17_AQ4-ZINC000252510744-0.pdb	-92.5178	-77.0853	-15.4325	0	20.1154
cav1m17_AQ4-ZINC000253396221-0.pdb	-87.1081	-66.0399	-21.0682	0	19.36
cav1m17_AQ4-ZINC000253401000-0.pdb	-81.6824	-66.4723	-15.2101	0	18.875
cav1m17_AQ4-ZINC000253416445-0.pdb	-82.5504	-71.1871	-11.3632	0	20.7727
cav1m17_AQ4-ZINC000253416488-0.pdb	-78.8311	-74.6171	-4.21399	0	23.8261
cav1m17_AQ4-ZINC000253416628-0.pdb	-97.0793	-74.9115	-22.1678	0	23.5
cav1m17_AQ4-ZINC000253426370-0.pdb	-95.1878	-75.1146	-20.0732	0	23.8636
cav1m17_AQ4-ZINC000253426376-0.pdb	-97.1529	-77.9931	-19.1599	0	24.5
cav1m17_AQ4-ZINC000253535609-0.pdb	-100.357	-75.3237	-25.0331	0	22.72
cav1m17_AQ4-ZINC000253630189-0.pdb	-95.2881	-81.3351	-13.953	0	19.9667
cav1m17_AQ4-ZINC000257208524-0.pdb	-100.621	-85.2714	-15.3493	0	20.7632
cav1m17_AQ4-ZINC000257212228-0.pdb	-106.373	-92.4204	-13.9523	0	16.3889
cav1m17_AQ4-ZINC000257237888-0.pdb	-89.6963	-73.913	-15.7833	0	14.3143
cav1m17_AQ4-ZINC000257315951-0.pdb	-105.265	-98.4517	-6.81353	0	17.6
cav1m17_AQ4-ZINC000257328237-0.pdb	-101.794	-84.0735	-17.7208	0	18.4211
cav1m17_AQ4-ZINC000257354831-0.pdb	-115.199	-103.474	-11.7255	0	20.2
cav1m17_AQ4-ZINC000257354925-0.pdb	-99.2093	-93.2883	-5.921	0	17.9722
cav1m17_AQ4-ZINC000266138816-0.pdb	-88.2675	-71.4723	-16.7952	0	22.0476
cav1m17_AQ4-ZINC000268027403-0.pdb	-78.836	-68.3577	-10.4783	0	20.3182
cav1m17_AQ4-ZINC000297640932-0.pdb	-90.9258	-75.0785	-15.8473	0	20.68
cav1m17_AQ4-ZINC000299760082-0.pdb	-85.1712	-59.3726	-25.7986	0	14.76
cav1m17_AQ4-ZINC000299762496-0.pdb	-91.0318	-74.2759	-16.7559	0	23.7391
cav1m17_AQ4-ZINC000299785140-0.pdb	-88.141	-62.6264	-25.5146	0	19.2609
cav1m17_AQ4-ZINC000299799000-0.pdb	-95.4626	-67.3593	-28.1033	0	23.4
cav1m17_AQ4-ZINC000306122928-0.pdb	-91.8083	-76.0837	-15.7246	0	16.6176
cav1m17_AQ4-ZINC000328645693-0.pdb	-85.7242	-78.8817	-6.8425	0	21.9583
cav1m17_AQ4-ZINC000334159640-0.pdb	-99.4217	-80.2712	-19.1505	0	22.9583
cav1m17_AQ4-ZINC000341476828-0.pdb	-75.3362	-58.3329	-17.0033	0	21.2174
cav1m17_AQ4-ZINC000341476836-0.pdb	-91.5737	-79.7032	-11.8706	0	27.3478
cav1m17_AQ4-ZINC000348773641-0.pdb	-85.099	-70.9138	-14.1851	0	22
cav1m17_AQ4-ZINC000359841069-0.pdb	-91.2156	-84.2507	-6.96491	0	23.0417
cav1m17_AQ4-ZINC000390823033-0.pdb	-67.6734	-58.949	-8.72445	0	22.2727
cav1m17_AQ4-ZINC000408576357-0.pdb	-95.1374	-84.4534	-10.684	0	19.069
cav1m17_AQ4-ZINC000408710519-0.pdb	-125.953	-115.809	-10.1436	0	19.4595
cav1m17_AQ4-ZINC000408758039-0.pdb	-93.2488	-83.9982	-9.25061	0	24.7727
cav1m17_AQ4-ZINC000408972359-0.pdb	-91.9643	-66.1452	-25.8191	0	22.2273
cav1m17_AQ4-ZINC000408972444-0.pdb	-96.4674	-78.2849	-18.1826	0	24
cav1m17_AQ4-ZINC000409390568-0.pdb	-86.1654	-80.1654	-6	0	20.1154
cav1m17_AQ4-ZINC000426399178-0.pdb	-89.9131	-76.5875	-13.3257	0	22.5217
cav1m17_AQ4-ZINC000426497109-0.pdb	-88.8363	-75.1336	-13.7027	0	19.8696
cav1m17_AQ4-ZINC000426505768-0.pdb	-97.8069	-74.835	-22.972	0	22.5652
cav1m17_AQ4-ZINC000426505769-0.pdb	-95.8905	-73.7016	-22.1889	0	22
cav1m17_AQ4-ZINC000426519160-0.pdb	-84.3177	-58.4451	-25.8726	0	19.5833
cav1m17_AQ4-ZINC000426519161-0.pdb	-82.6847	-61.7009	-20.9838	0	19.8333
cav1m17_AQ4-ZINC000426582730-0.pdb	-82.1813	-62.4907	-19.6906	0	23.7273
cav1m17_AQ4-ZINC000432124517-0.pdb	-75.597	-69.6769	-5.92007	0	24.55
cav1m17_AQ4-ZINC000505733369-0.pdb	-96.5027	-75.4244	-21.0782	0	23.1739
cav1m17_AQ4-ZINC000521394051-0.pdb	-85.1175	-75.7816	-9.33584	0	21.5652
cav1m17_AQ4-ZINC000524734446-0.pdb	-97.3647	-76.5793	-20.7854	0	23.16
cav1m17_AQ4-ZINC000528127148-0.pdb	-94.0607	-73.617	-20.4437	0	23.1923
cav1m17_AQ4-ZINC000528134822-0.pdb	-89.398	-59.5816	-29.8164	0	20
cav1m17_AQ4-ZINC000575615021-0.pdb	-94.4551	-75.1293	-19.3258	0	23.0417
cav1m17_AQ4-ZINC000575619195-0.pdb	-90.4565	-85.9633	-4.49318	0	18.9032
cav1m17_AQ4-ZINC000584906159-0.pdb	-119.903	-88.9204	-30.983	0	16.7674
cav1m17_AQ4-ZINC000585084995-0.pdb	-82.2434	-74.2852	-7.9582	0	19.16
cav1m17_AQ4-ZINC000585114312-0.pdb	-89.3039	-79.7246	-9.57921	0	21
cav1m17_AQ4-ZINC000585114313-0.pdb	-97.2795	-84.1774	-13.1021	0	23.2759
cav1m17_AQ4-ZINC000585128389-0.pdb	-83.724	-70.1556	-13.5684	0	22.8636
cav1m17_AQ4-ZINC000585129265-0.pdb	-83.099	-58.0969	-25.0021	0	22.9048
cav1m17_AQ4-ZINC000585132636-0.pdb	-85.9526	-72.1628	-13.7898	0	24.0455
cav1m17_AQ4-ZINC000585132706-0.pdb	-83.6347	-63.2918	-20.3429	0	19.1304
cav1m17_AQ4-ZINC000630332487-0.pdb	-96.4667	-85.5086	-10.9888	0.0306955	23.9286
cav1m17_AQ4-ZINC000653474657-0.pdb	-96.6199	-76.701	-19.9189	0	25.2727
cav1m17_AQ4-ZINC000656472859-0.pdb	-90.9053	-81.9545	-8.95082	0	26.5455
cav1m17_AQ4-ZINC000670461622-0.pdb	-83.2919	-72.9404	-10.3515	0	21.9545
cav1m17_AQ4-ZINC000823717520-0.pdb	-94.8353	-83.2269	-11.6084	0	24.125
cav1m17_AQ4-ZINC000824935545-0.pdb	-82.3022	-75.0594	-7.24282	0	19.8929
cav1m17_AQ4-ZINC000888092679-0.pdb	-80.0661	-64.5457	-15.5204	0	20.7619
cav1m17_AQ4-ZINC000888095167-0.pdb	-86.087	-67.6549	-18.4321	0	23.35
cav1m17_AQ4-ZINC000952962786-0.pdb	-89.7564	-61.5954	-28.1611	0	19.3913
cav1m17_AQ4-ZINC000952965071-0.pdb	-94.8334	-71.7645	-23.0689	0	20.7143
cav1m17_AQ4-ZINC000952968123-0.pdb	-87.1736	-74.8756	-12.298	0	19.8462
cav1m17_AQ4-ZINC000952974832-0.pdb	-108.392	-71.8367	-36.555	0	23.3333
cav1m17_AQ4-ZINC000952976400-0.pdb	-92.1797	-81.6797	-10.5	0	22.5417
cav1m17_AQ4-ZINC000952982768-0.pdb	-82.5414	-70.5895	-11.952	0	24.2857
cav1m17_AQ4-ZINC000952987320-0.pdb	-88.9936	-75.2948	-13.6987	0	21
cav1m17_AQ4-ZINC000952992407-0.pdb	-91.4741	-80.0981	-11.376	0	21.8333
cav1m17_AQ4-ZINC000952995681-0.pdb	-85.747	-65.0703	-20.6767	0	21.4286
cav1m17_AQ4-ZINC001506403497-0.pdb	-92.5824	-57.8086	-34.7738	0	20.2857
cav1m17_AQ4-ZINC001506404304-0.pdb	-97.3033	-78.9609	-18.3424	0	23.1481
cav1m17_AQ4-ZINC001506405813-0.pdb	-88.159	-74.8402	-13.3188	0	22.7826
cav1m17_AQ4-ZINC001506407050-0.pdb	-75.2462	-64.7462	-10.5	0	20.3333
cav1m17_AQ4-ZINC001506415406-0.pdb	-84.8885	-68.912	-15.9765	0	19.913
cav1m17_AQ4-ZINC001506415603-0.pdb	-96.8412	-71.0919	-25.7494	0	19.8519
cav1m17_AQ4-ZINC001506417816-0.pdb	-100.321	-86.5107	-13.8103	0	19.931
cav1m17_AQ4-ZINC001506420062-0.pdb	-89.3267	-65.8912	-23.4356	0	18.0417
cav1m17_AQ4-ZINC001506429846-0.pdb	-81.7868	-77.3753	-4.41156	0	21.3182
cav1m17_AQ4-ZINC001529095677-0.pdb	-83.8642	-70.828	-13.0362	0	18.3846
cav1m17_AQ4-ZINC001529099824-0.pdb	-89.7182	-79.4049	-10.3133	0	19.4074
cav1m17_AQ4-ZINC001529100441-0.pdb	-83.6685	-72.9665	-10.7019	0	22.9091
cav1m17_AQ4-ZINC001529112579-0.pdb	-89.5405	-79.0405	-10.5	0	20.6429
cav1m17_AQ4-ZINC001529113011-0.pdb	-91.9288	-83.0923	-8.83649	0	24.0909
cav1m17_AQ4-ZINC001529113322-0.pdb	-82.5387	-65.6622	-16.8765	0	20.4348
cav1m17_AQ4-ZINC001529113334-0.pdb	-104.248	-87.5499	-16.6977	0	23.88
cav1m17_AQ4-ZINC001529119239-0.pdb	-83.5421	-73.1578	-10.3843	0	20.5417
cav1m17_AQ4-ZINC001529134185-0.pdb	-78.1514	-69.248	-8.90343	0	22.0455
cav1m17_AQ4-ZINC001529139941-0.pdb	-99.0555	-83.8779	-15.1776	0	21.3462
cav1m17_AQ4-ZINC001529155640-0.pdb	-95.3022	-82.1658	-13.1364	0	24.2083
cav1m17_AQ4-ZINC001529161637-0.pdb	-77.7314	-64.391	-13.3404	0	19.8636
cav1m17_AQ4-ZINC001529172054-0.pdb	-74.423	-66.0264	-8.3966	0	18.7727
cav1m17_AQ4-ZINC001529172888-0.pdb	-83.4327	-64.1722	-19.2605	0	20.6
cav1m17_AQ4-ZINC001529174234-0.pdb	-88.0275	-78.5952	-9.43223	0	22.36
cav1m17_AQ4-ZINC001529181805-0.pdb	-96.6227	-79.8237	-16.7989	0	22.28
cav1m17_AQ4-ZINC001529191677-0.pdb	-95.8202	-67.684	-28.1362	0	24.3
cav1m17_AQ4-ZINC001529191843-0.pdb	-102.819	-75.3792	-27.4398	0	24.1923
cav1m17_AQ4-ZINC001529191844-0.pdb	-87.9935	-68.1409	-19.8527	0	19.3462
cav1m17_AQ4-ZINC001529196380-0.pdb	-95.719	-75.4248	-20.2942	0	22.7083
cav1m17_AQ4-ZINC001529196696-0.pdb	-87.2237	-74.4772	-12.7465	0	20.4167
cav1m17_AQ4-ZINC001529196880-0.pdb	-80.6661	-73.6661	-7	0	21.2
cav1m17_AQ4-ZINC001529199180-0.pdb	-86.8846	-70.6392	-16.2454	0	18.48
